<?xml version="1.0" encoding="UTF-8" ?>
<!-- This is a WordPress eXtended RSS file generated by WordPress as an export of your site. -->
<!-- It contains information about your site's posts, pages, comments, categories, and other content. -->
<!-- You may use this file to transfer that content from one site to another. -->
<!-- This file is not intended to serve as a complete backup of your site. -->

<!-- To import this information into a WordPress site follow these steps: -->
<!-- 1. Log in to that site as an administrator. -->
<!-- 2. Go to Tools: Import in the WordPress admin panel. -->
<!-- 3. Install the "WordPress" importer from the list. -->
<!-- 4. Activate & Run Importer. -->
<!-- 5. Upload this file using the form provided on that page. -->
<!-- 6. You will first be asked to map the authors in this export file to users -->
<!--    on the site. For each author, you may choose to map to an -->
<!--    existing user on the site or to create a new user. -->
<!-- 7. WordPress will then import each of the posts, pages, comments, categories, etc. -->
<!--    contained in this file into your site. -->

<!-- generator="WordPress/4.0" created="2014-11-13 14:53" -->
<rss version="2.0"
	xmlns:excerpt="http://wordpress.org/export/1.2/excerpt/"
	xmlns:content="http://purl.org/rss/1.0/modules/content/"
	xmlns:wfw="http://wellformedweb.org/CommentAPI/"
	xmlns:dc="http://purl.org/dc/elements/1.1/"
	xmlns:wp="http://wordpress.org/export/1.2/"
>

<channel>
	<title>KLEO Template</title>
	<link>http://seventhqueen.com/demo/kleo</link>
	<description>Wordpress Premium Template</description>
	<pubDate>Thu, 13 Nov 2014 14:53:25 +0000</pubDate>
	<language>en-US</language>
	<wp:wxr_version>1.2</wp:wxr_version>
	<wp:base_site_url>http://seventhqueen.com/demo/kleo</wp:base_site_url>
	<wp:base_blog_url>http://seventhqueen.com/demo/kleo</wp:base_blog_url>

	<wp:author><wp:author_id>1</wp:author_id><wp:author_login>admin</wp:author_login><wp:author_email>demo@seventhqueen.com</wp:author_email><wp:author_display_name><![CDATA[admin]]></wp:author_display_name><wp:author_first_name><![CDATA[]]></wp:author_first_name><wp:author_last_name><![CDATA[]]></wp:author_last_name></wp:author>


	<generator>http://wordpress.org/?v=4.0</generator>

	<item>
				<title>Contact us</title>
		<link>http://seventhqueen.com/demo/kleo/contact/</link>
		<pubDate>Sun, 02 Feb 2014 12:15:43 +0000</pubDate>
		<dc:creator><![CDATA[admin]]></dc:creator>
		<guid isPermaLink="false">http://seventhqueen.com/themes/kleo/?page_id=30</guid>
		<description></description>
		<content:encoded><![CDATA[[vc_row inner_container="no" section_type="main" bg_position="top" bg_repeat="no-repeat" bg_cover="true" bg_attachment="false" parallax_speed="0.1" padding_top="0" padding_bottom="0" border="bottom" css_animation="right-to-left" min_height="0"][vc_column width="1/1"][vc_gmaps type="m" zoom="14" link="https://www.google.com/maps/embed?pb=!1m14!1m12!1m3!1d13250.216292683543!2d151.23235643049514!3d-33.87538140441755!2m3!1f0!2f0!3f0!3m2!1i1024!2i768!4f13.1!5e0!3m2!1sro!2s!4v1391343442092" size="250"][/vc_column][/vc_row][vc_row inner_container="yes" section_type="main" bg_position="top" bg_repeat="no-repeat" bg_cover="true" bg_attachment="false" parallax_speed="0.1" padding_top="40" padding_bottom="40" min_height="0" border="bottom" css_animation="right-to-left"][vc_column width="1/2"][vc_column_text css_animation="right-to-left"]
<h4>Main Office</h4>
<strong>Address:</strong>
Lorem ipsum dolor sit amet, has an nullam sadipscing ullamcorper, nisl graeci minimum usu no, ne est erat deseruisse vituperata.

Lorem ipsum dolor sit amet, has an nullam sadipscing ullamcorper, nisl graeci minimum usu no, ne est erat deseruisse vituperata.

<strong>Email: </strong>
<a href="mailto:support@seventhqueen.com">support@seventhqueen.com</a>

<strong>Phone: </strong>
(+1) 07123456789[/vc_column_text][/vc_column][vc_column width="1/2"][vc_column_text css_animation="right-to-left"]
<h4>Send us a message</h4>
[/vc_column_text][contact-form-7 id="29" title="Drop us a line"][/vc_column][/vc_row]]]></content:encoded>
		<excerpt:encoded><![CDATA[]]></excerpt:encoded>
		<wp:post_id>30</wp:post_id>
		<wp:post_date>2014-02-02 12:15:43</wp:post_date>
		<wp:post_date_gmt>2014-02-02 12:15:43</wp:post_date_gmt>
		<wp:comment_status>open</wp:comment_status>
		<wp:ping_status>open</wp:ping_status>
		<wp:post_name>contact</wp:post_name>
		<wp:status>publish</wp:status>
		<wp:post_parent>0</wp:post_parent>
		<wp:menu_order>0</wp:menu_order>
		<wp:post_type>page</wp:post_type>
		<wp:post_password></wp:post_password>
		<wp:is_sticky>0</wp:is_sticky>
		<wp:postmeta>
			<wp:meta_key>_edit_last</wp:meta_key>
			<wp:meta_value><![CDATA[1]]></wp:meta_value>
		</wp:postmeta>
		<wp:postmeta>
			<wp:meta_key>_wp_page_template</wp:meta_key>
			<wp:meta_value><![CDATA[page-templates/full-width.php]]></wp:meta_value>
		</wp:postmeta>
		<wp:postmeta>
			<wp:meta_key>_wpb_vc_js_status</wp:meta_key>
			<wp:meta_value><![CDATA[true]]></wp:meta_value>
		</wp:postmeta>
		<wp:postmeta>
			<wp:meta_key>_wpb_vc_js_interface_version</wp:meta_key>
			<wp:meta_value><![CDATA[2]]></wp:meta_value>
		</wp:postmeta>
		<wp:postmeta>
			<wp:meta_key>slide_template</wp:meta_key>
			<wp:meta_value><![CDATA[]]></wp:meta_value>
		</wp:postmeta>
		<wp:postmeta>
			<wp:meta_key>_kleo_title_checkbox</wp:meta_key>
			<wp:meta_value><![CDATA[1]]></wp:meta_value>
		</wp:postmeta>
		<wp:postmeta>
			<wp:meta_key>sbg_selected_sidebar</wp:meta_key>
			<wp:meta_value><![CDATA[a:1:{i:0;s:1:"0";}]]></wp:meta_value>
		</wp:postmeta>
		<wp:postmeta>
			<wp:meta_key>sbg_selected_sidebar_replacement</wp:meta_key>
			<wp:meta_value><![CDATA[a:1:{i:0;s:1:"0";}]]></wp:meta_value>
		</wp:postmeta>
	</item>
	</channel>
</rss>