<?xml version="1.0" encoding="UTF-8" ?>
<!-- This is a WordPress eXtended RSS file generated by WordPress as an export of your site. -->
<!-- It contains information about your site's posts, pages, comments, categories, and other content. -->
<!-- You may use this file to transfer that content from one site to another. -->
<!-- This file is not intended to serve as a complete backup of your site. -->

<!-- To import this information into a WordPress site follow these steps: -->
<!-- 1. Log in to that site as an administrator. -->
<!-- 2. Go to Tools: Import in the WordPress admin panel. -->
<!-- 3. Install the "WordPress" importer from the list. -->
<!-- 4. Activate & Run Importer. -->
<!-- 5. Upload this file using the form provided on that page. -->
<!-- 6. You will first be asked to map the authors in this export file to users -->
<!--    on the site. For each author, you may choose to map to an -->
<!--    existing user on the site or to create a new user. -->
<!-- 7. WordPress will then import each of the posts, pages, comments, categories, etc. -->
<!--    contained in this file into your site. -->

<!-- generator="WordPress/4.7.3" created="2017-03-14 08:23" -->
<rss version="2.0"
	xmlns:excerpt="http://wordpress.org/export/1.2/excerpt/"
	xmlns:content="http://purl.org/rss/1.0/modules/content/"
	xmlns:wfw="http://wellformedweb.org/CommentAPI/"
	xmlns:dc="http://purl.org/dc/elements/1.1/"
	xmlns:wp="http://wordpress.org/export/1.2/"
>

<channel>
	<title>Kleo WordPress Theme</title>
	<link>https://seventhqueen.com/themes/kleo</link>
	<description>Wordpress Premium Theme</description>
	<pubDate>Tue, 14 Mar 2017 08:23:35 +0000</pubDate>
	<language>en-US</language>
	<wp:wxr_version>1.2</wp:wxr_version>
	<wp:base_site_url>http://seventhqueen.com/themes/kleo/</wp:base_site_url>
	<wp:base_blog_url>https://seventhqueen.com/themes/kleo</wp:base_blog_url>

	<wp:author><wp:author_id>37163</wp:author_id><wp:author_login><![CDATA[exporter]]></wp:author_login><wp:author_email><![CDATA[exporter@7thqueen.com]]></wp:author_email><wp:author_display_name><![CDATA[exporter]]></wp:author_display_name><wp:author_first_name><![CDATA[]]></wp:author_first_name><wp:author_last_name><![CDATA[]]></wp:author_last_name></wp:author>


	<generator>https://wordpress.org/?v=4.7.3</generator>
	<item>
		<title>One Page Website Presentation</title>
		<link>https://seventhqueen.com/themes/kleo/one-page-presentation/</link>
		<pubDate>Sat, 21 Feb 2015 11:51:27 +0000</pubDate>
		<dc:creator><![CDATA[exporter]]></dc:creator>
		<guid isPermaLink="false">http://seventhqueen.com/themes/kleo/?page_id=5515</guid>
		<description></description>
		<content:encoded><![CDATA[[vc_row inner_container="no" text_align="center" section_type="main" bg_position="top" bg_position_horizontal="center" bg_repeat="no-repeat" bg_cover="true" bg_attachment="false" parallax_speed="0.1" padding_top="0" padding_bottom="0" min_height="0" border="none" css_animation="right-to-left"][vc_column width="1/1"][rev_slider_vc alias="lp-home-full-screen"][/vc_column][/vc_row][vc_row inner_container="yes" section_type="main" bg_position="top" bg_position_horizontal="left" bg_repeat="no-repeat" bg_cover="true" bg_attachment="false" parallax_speed="0.1" padding_top="80" padding_bottom="80" min_height="0" border="bottom" css_animation="right-to-left" bg_color="#000000" enable_parallax="" overflow="" visibility="" text_align="center"][vc_column width="1/1"][vc_column_text css_animation="right-to-left"]
<h2><strong>5.[kleo_animate_numbers animation="animate-when-almost-visible" timer="1500"]727[/kleo_animate_numbers]</strong> downloads &amp; Best selling BuddyPress theme over the last years</h2>
<h4>Kleo was built with these four principles in mind</h4>
[/vc_column_text][kleo_gap size="40px"][kleo_grid type="4" animation="yes"][kleo_feature_item title="Quality" icon="heart64" icon_size="big" icon_position="center"]High quality coding using latest technologies and built with WordPress best practices in mind will assure you that Kleo is a first-class product.[/kleo_feature_item][kleo_feature_item title="Variety" icon="layers4" icon_size="big" icon_position="center"]Over 100 options you can use to customize the theme functionality and looks will allow you to create the website you were dreaming on for so long.[/kleo_feature_item][kleo_feature_item title="Value" icon="certificate5" icon_size="big" icon_position="center"]Attention to detail, the multitude of features like no other theme and the thousands of hours of development gives our product a great value.[/kleo_feature_item][kleo_feature_item title="Reliability" icon="correct7" icon_size="big" icon_position="center"]Continuous updates with new improvements and lifetime after-sale support ensures you that Kleo is a theme that you can always rely on.[/kleo_feature_item][/kleo_grid][/vc_column][/vc_row][vc_row inner_container="yes" section_type="main" bg_position="top" bg_position_horizontal="left" bg_repeat="no-repeat" bg_cover="true" bg_attachment="false" parallax_speed="0.1" padding_top="80" padding_bottom="80" min_height="0" border="none" css_animation="right-to-left" text_align="center" el_class="col dark" enable_parallax="" overflow="" visibility="" el_id="demos"][vc_column width="1/1"][vc_column_text css_animation="right-to-left"]
<h2>Choose between our</h2>
[/vc_column_text][vc_column_text css_animation="right-to-left"]
<h1 class="title">Premium wordpress theme demos</h1>
[/vc_column_text][vc_column_text lead="yes" css_animation="right-to-left"]
<div class="kleo_text_column wpb_content_element  lead">
<div class="wpb_wrapper">

We created many pre-defined homepages to show endless possibilities of this product. Pick up one of them, or upload whole content just like on our demo version or... combine features from different demos and create your perfect one. More of them coming soon ;)

</div>
</div>
[/vc_column_text][kleo_gap size="80px"][vc_row_inner][vc_column_inner width="1/3"][kleo_divider type="full" position="center" text="NEWS MAGAZINE - BOXED LAYOUT" icon="0"][kleo_gap size="10px"][vc_single_image image="7127" alignment="center" border_color="grey" img_link_large="" img_link_target="_blank" animation="animate-when-almost-visible" css_animation="bottom-to-top" img_size="large" link="http://seventhqueen.com/themes/kleo/news-magazine/"][vc_column_text css_animation="right-to-left"]
<h6>News Magazine Demo - The most requested feature from our community members.</h6>
[/vc_column_text][kleo_button title="View demo" target="_blank" style="see-through" tooltip_position="left" tooltip_action="hover" size="lg" href="http://seventhqueen.com/themes/kleo/news-magazine/" icon="0"][kleo_gap size="30px"][/vc_column_inner][vc_column_inner width="1/3"][kleo_divider type="full" position="center" text="Community"][kleo_gap size="10px"][vc_single_image image="7107" alignment="center" border_color="grey" img_link_large="" img_link_target="_blank" animation="animate-when-almost-visible" css_animation="bottom-to-top" img_size="large" link="http://seventhqueen.com/themes/kleo/members/kleoadmin/"][vc_column_text css_animation="right-to-left"]
<h6>Need a community website? KLEO is definitely the solution to go with. See the member area that is part of the social functionality.</h6>
[/vc_column_text][kleo_button title="View demo" target="_blank" style="see-through" tooltip_position="left" tooltip_action="hover" size="lg" href="http://seventhqueen.com/themes/kleo/members/kleoadmin/" icon="0"][kleo_gap size="30px"][/vc_column_inner][vc_column_inner width="1/3"][kleo_divider type="full" position="center" text="Community Members Search" icon="0"][kleo_gap size="10px"][vc_single_image image="7112" alignment="center" border_color="grey" img_link_large="" img_link_target="_blank" animation="animate-when-almost-visible" css_animation="bottom-to-top" img_size="large" link="http://seventhqueen.com/themes/kleo/get-connected/"][vc_column_text css_animation="right-to-left"]
<h6>Futuristic Homepage with beautiful Search Shortcode that allows you to search by members profile fields.</h6>
[/vc_column_text][kleo_gap size="20px"][kleo_button title="View demo" target="_blank" style="see-through" tooltip_position="left" tooltip_action="hover" size="lg" href="http://seventhqueen.com/themes/kleo/get-connected/" icon="0"][kleo_gap size="30px"][/vc_column_inner][/vc_row_inner][vc_row_inner el_id=""][vc_column_inner el_class="" width="1/3"][kleo_divider type="full" double="" position="center" icon="" icon_size="" text="Pinterest style" class="" style=""][kleo_gap size="10px" class="" style=""][vc_single_image image="5747" alignment="center" style="" border_color="grey" img_link_large="" img_link_target="_blank" full_width="" animation="animate-when-almost-visible" css_animation="bottom-to-top" el_class="" img_size="large" link="http://seventhqueen.com/themes/kleo/pinterest/"][vc_column_text lead="" font_size="" font_weight="" animation="" css_animation="right-to-left"]
<h6>Futuristic Homepage with beautiful AJAX search shortcode element that allows you to search in pages, posts, portfolio, products and members. You’ll definitely love our unique WordPress theme feature.</h6>
[/vc_column_text][kleo_button title="View demo" href="http://seventhqueen.com/themes/kleo/pinterest/" target="_blank" style="see-through" size="lg" type="" title_alt="" special="" icon="" tooltip="" tooltip_position="left" tooltip_title="" tooltip_text="" tooltip_action="hover" el_class=""][kleo_gap size="30px" class="" style=""][/vc_column_inner][vc_column_inner el_class="" width="1/3"][kleo_divider type="full" double="" position="center" icon="" icon_size="" text="Community" class="" style=""][kleo_gap size="10px" class="" style=""][vc_single_image image="5751" alignment="center" style="" border_color="grey" img_link_large="" img_link_target="_blank" full_width="" animation="animate-when-almost-visible" css_animation="bottom-to-top" el_class="" img_size="large" link="http://seventhqueen.com/themes/kleo/home-default"][vc_column_text lead="" font_size="" font_weight="" animation="" css_animation="right-to-left"]
<h6>Need a community website? KLEO is definitely the solution to go with. You have an unique design and integration with BuddyPress and works like a charm with most BuddyPress compatible plugins.</h6>
[/vc_column_text][kleo_button title="View demo" href="http://seventhqueen.com/themes/kleo/home-default" target="_blank" style="see-through" size="lg" type="" title_alt="" special="" icon="" tooltip="" tooltip_position="left" tooltip_title="" tooltip_text="" tooltip_action="hover" el_class=""][kleo_gap size="30px" class="" style=""][/vc_column_inner][vc_column_inner el_class="" width="1/3"][kleo_divider type="full" double="" position="center" icon="" icon_size="" text="Portfolio" class="" style=""][kleo_gap size="10px" class="" style=""][vc_single_image image="5757" alignment="center" style="" border_color="grey" img_link_large="" img_link_target="_blank" full_width="" animation="animate-when-almost-visible" css_animation="bottom-to-top" el_class="" img_size="large" link="http://seventhqueen.com/themes/kleo/portfolio-full-width/"][vc_column_text lead="" font_size="" font_weight="" animation="" css_animation="right-to-left"]
<h6>Showcase your portfolio with our nice portolio demo page. You have multiple options to choose from so your portfolio items will look impeccable.</h6>
[/vc_column_text][kleo_gap size="20px" class="" style=""][kleo_button title="View demo" href="http://seventhqueen.com/themes/kleo/portfolio-full-width/" target="_blank" style="see-through" size="lg" type="" title_alt="" special="" icon="" tooltip="" tooltip_position="left" tooltip_title="" tooltip_text="" tooltip_action="hover" el_class=""][kleo_gap size="30px" class="" style=""][/vc_column_inner][/vc_row_inner][kleo_gap size="30px"][vc_row_inner][vc_column_inner width="1/3"][kleo_divider type="full" position="center" text="E-Learning"][kleo_gap size="10px"][vc_single_image image="7116" alignment="center" border_color="grey" img_link_large="" img_link_target="_blank" animation="animate-when-almost-visible" css_animation="bottom-to-top" img_size="large" link="http://seventhqueen.com/themes/kleo/sensei-e-learning/"][vc_column_text css_animation="right-to-left"]
<h6>Sensei Learning Patform. With the Sensei plugin you can create courses, write lessons, and add quizzes.</h6>
[/vc_column_text][kleo_button title="View demo" target="_blank" style="see-through" tooltip_position="left" tooltip_action="hover" size="lg" href="http://seventhqueen.com/themes/kleo/sensei-e-learning/" icon="0"][kleo_gap size="30px"][/vc_column_inner][vc_column_inner width="1/3"][kleo_divider type="full" position="center" text="Product Landing Page" icon="0"][kleo_gap size="10px"][vc_single_image image="7115" alignment="center" border_color="grey" img_link_large="" img_link_target="_blank" animation="animate-when-almost-visible" css_animation="bottom-to-top" img_size="large" link="http://seventhqueen.com/themes/kleo/product-landing-page/"][vc_column_text css_animation="right-to-left"]
<h6>Start an online store with KLEO powered by Woocommerce, the best e-commerce solution ever. This page is for a product Landing Page</h6>
[/vc_column_text][kleo_button title="View demo" target="_blank" style="see-through" tooltip_position="left" tooltip_action="hover" size="lg" href="http://seventhqueen.com/themes/kleo/product-landing-page/" icon="0"][kleo_gap size="30px"][/vc_column_inner][vc_column_inner width="1/3"][kleo_divider type="full" position="center" text="Material Design Colors" icon="0"][kleo_gap size="10px"][vc_single_image image="7118" alignment="center" border_color="grey" img_link_large="" img_link_target="_blank" animation="animate-when-almost-visible" css_animation="bottom-to-top" img_size="large" link="http://seventhqueen.com/themes/kleo/material-design-colors/"][vc_column_text css_animation="right-to-left"]
<h6>A modern responsive front-end Landing Page based on Material Design Colors.</h6>
[/vc_column_text][kleo_button title="View demo" target="_blank" style="see-through" tooltip_position="left" tooltip_action="hover" size="lg" href="http://seventhqueen.com/themes/kleo/material-design-colors/" icon="0"][kleo_gap size="30px"][/vc_column_inner][/vc_row_inner][vc_row_inner el_id=""][vc_column_inner el_class="" width="1/3"][kleo_divider type="full" double="" position="center" icon="" icon_size="" text="E-Learning" class="" style=""][kleo_gap size="10px" class="" style=""][vc_single_image image="5752" alignment="center" style="" border_color="grey" img_link_large="" img_link_target="_blank" full_width="" animation="animate-when-almost-visible" css_animation="bottom-to-top" el_class="" img_size="large" link="http://seventhqueen.com/themes/kleo/e-learning-home"][vc_column_text lead="" font_size="" font_weight="" animation="" css_animation="right-to-left"]
<h6>Fresh design that can be used to create beautiful e-Learning website. You can use compatible plugin Paid Meberships Pro to restrict content and BuddyPress related pages.</h6>
[/vc_column_text][kleo_button title="View demo" href="http://seventhqueen.com/themes/kleo/e-learning-home" target="_blank" style="see-through" size="lg" type="" title_alt="" special="" icon="" tooltip="" tooltip_position="left" tooltip_title="" tooltip_text="" tooltip_action="hover" el_class=""][kleo_gap size="30px" class="" style=""][/vc_column_inner][vc_column_inner el_class="" width="1/3"][kleo_divider type="full" double="" position="center" icon="" icon_size="" text="Stylish Woocommerce" class="" style=""][kleo_gap size="10px" class="" style=""][vc_single_image image="7114" alignment="center" style="" border_color="grey" img_link_large="" img_link_target="_blank" full_width="" animation="animate-when-almost-visible" css_animation="bottom-to-top" el_class="" img_size="large" link="http://seventhqueen.com/themes/kleo/stylish-woocommerce/"][vc_column_text lead="" font_size="" font_weight="" animation="" css_animation="right-to-left"]
<h6>Have something to sell? Start an online store with KLEO powered by Woocommerce, the best e-commerce solution ever. Selling has never been easier.</h6>
[/vc_column_text][kleo_button title="View demo" href="http://seventhqueen.com/themes/kleo/stylish-woocommerce/" target="_blank" style="see-through" size="lg" type="" title_alt="" special="" icon="" tooltip="" tooltip_position="left" tooltip_title="" tooltip_text="" tooltip_action="hover" el_class=""][kleo_gap size="30px" class="" style=""][/vc_column_inner][vc_column_inner el_class="" width="1/3"][kleo_divider type="full" double="" position="center" icon="" icon_size="" text="Ecommerce" class="" style=""][kleo_gap size="10px" class="" style=""][vc_single_image image="5762" alignment="center" style="" border_color="grey" img_link_large="" img_link_target="_blank" full_width="" animation="animate-when-almost-visible" css_animation="bottom-to-top" el_class="" img_size="large" link="http://seventhqueen.com/themes/kleo/default-shop/"][vc_column_text lead="" font_size="" font_weight="" animation="" css_animation="right-to-left"]
<h6>Have something to sell? Start an online store with KLEO powered by Woocommerce, the best e-commerce solution ever. Selling has never been easier.</h6>
[/vc_column_text][kleo_button title="View demo" href="http://seventhqueen.com/themes/kleo/default-shop/" target="_blank" style="see-through" size="lg" type="" title_alt="" special="" icon="" tooltip="" tooltip_position="left" tooltip_title="" tooltip_text="" tooltip_action="hover" el_class=""][kleo_gap size="30px" class="" style=""][/vc_column_inner][/vc_row_inner][kleo_gap size="30px"][vc_row_inner][vc_column_inner width="1/3"][kleo_divider type="full" position="center" text="Agency (Multisite demo)"][kleo_gap size="10px"][vc_single_image image="5768" alignment="center" border_color="grey" img_link_large="" img_link_target="_blank" animation="animate-when-almost-visible" css_animation="bottom-to-top" img_size="large" link="http://seventhqueen.com/themes/kleo/demo-agency/"][vc_column_text css_animation="right-to-left"]
<h6>A creative demo with clean design that you can use for your Agency website or for your business.</h6>
[/vc_column_text][kleo_button title="View demo" target="_blank" style="see-through" tooltip_position="left" tooltip_action="hover" size="lg" href="http://seventhqueen.com/themes/kleo/demo-agency/"][kleo_gap size="30px"][/vc_column_inner][vc_column_inner width="1/3"][kleo_divider type="full" position="center" text="Resume" icon="0"][kleo_gap size="10px"][vc_single_image image="7130" alignment="center" border_color="grey" img_link_large="" img_link_target="_self" animation="animate-when-almost-visible" css_animation="bottom-to-top" img_size="large"][vc_column_text css_animation="right-to-left"]
<h6>Easily create a web resume page to speak for yourself and show your portfolio.</h6>
[/vc_column_text][kleo_button title="View demo" target="_blank" style="see-through" tooltip_position="left" tooltip_action="hover" size="lg" href="http://seventhqueen.com/themes/kleo/resume/" icon="0"][vc_column_text css_animation="right-to-left"]

&nbsp;

[/vc_column_text][kleo_gap size="30px"][/vc_column_inner][vc_column_inner width="1/3"][kleo_divider type="full" position="center" text="Community Members Search" icon="0"][kleo_gap size="10px"][vc_single_image image="7133" alignment="center" border_color="grey" img_link_large="" img_link_target="_blank" animation="animate-when-almost-visible" css_animation="bottom-to-top" img_size="large" link="http://seventhqueen.com/themes/kleo/get-connected-vertical-form/"][vc_column_text css_animation="right-to-left"]
<h6>Futuristic Homepage with beautiful Search Shortcode that allows you to search by members profile fields.</h6>
[/vc_column_text][kleo_button title="View demo" target="_blank" style="see-through" tooltip_position="left" tooltip_action="hover" size="lg" href="http://seventhqueen.com/themes/kleo/get-connected-vertical-form/" icon="0"][vc_column_text css_animation="right-to-left"]

&nbsp;

[/vc_column_text][kleo_gap size="30px"][/vc_column_inner][/vc_row_inner][vc_row_inner el_id=""][vc_column_inner el_class="" width="1/3"][kleo_divider type="full" position="center" icon="0" text="Mobile App"][kleo_gap size="10px" class="" style=""][vc_single_image image="7134" alignment="center" border_color="grey" img_link_large="" img_link_target="_blank" animation="animate-when-almost-visible" css_animation="bottom-to-top" img_size="large" link="http://seventhqueen.com/themes/kleo/mobile-app/"][vc_column_text lead="" font_size="" font_weight="" animation="" css_animation="right-to-left"]
<h6>A creative demo with clean design that you can use for your Agency website or for your business.</h6>
[/vc_column_text][kleo_button title="View demo" href="http://seventhqueen.com/themes/kleo/mobile-app/" target="_blank" style="see-through" size="lg" icon="0" tooltip_position="left" tooltip_action="hover"][kleo_gap size="30px" class="" style=""][/vc_column_inner][vc_column_inner el_class="" width="1/3"][kleo_divider type="full" position="center" icon="0" text="Busness Directory"][kleo_gap size="10px" class="" style=""][vc_single_image image="7137" alignment="center" border_color="grey" img_link_large="" img_link_target="_blank" animation="animate-when-almost-visible" css_animation="bottom-to-top" img_size="large" link="http://seventhqueen.com/themes/kleo/business-directory/"][vc_column_text css_animation="right-to-left"]
<h6>Beautiful location based Business Directory powered by GeoDirectory plugin</h6>
[/vc_column_text][kleo_button title="View demo" href="http://seventhqueen.com/themes/kleo/business-directory/" target="_blank" style="see-through" size="lg" icon="0" tooltip_position="left" tooltip_action="hover"][vc_column_text lead="" font_size="" font_weight="" animation="" css_animation="right-to-left"]

&nbsp;

[/vc_column_text][kleo_gap size="30px" class="" style=""][/vc_column_inner][vc_column_inner el_class="" width="1/3"][kleo_divider type="full" position="center" icon="0" text="Restaurant"][kleo_gap size="10px" class="" style=""][vc_single_image image="5741" alignment="center" style="" border_color="grey" img_link_large="" img_link_target="_self" full_width="" animation="animate-when-almost-visible" css_animation="bottom-to-top" el_class="" img_size="large"][vc_column_text css_animation="right-to-left"]
<h6>Restaurant presentation demo with some unique features.</h6>
[/vc_column_text][kleo_button title="View demo" target="_self" style="see-through" size="lg" icon="0" tooltip_position="left" tooltip_action="hover" el_class="disabled"][vc_column_text lead="" font_size="" font_weight="" animation="" css_animation="right-to-left"]

&nbsp;

[/vc_column_text][kleo_gap size="30px" class="" style=""][/vc_column_inner][/vc_row_inner][kleo_gap size="50px"][vc_column_text css_animation="right-to-left"]
<h2>+ Bonus Promo Sliders</h2>
[/vc_column_text][kleo_gap size="40px"][vc_row_inner][vc_column_inner width="1/3"][kleo_divider type="full" position="center" text="Black Friday"][kleo_gap size="10px"][vc_single_image image="5770" alignment="center" border_color="grey" img_link_large="" img_link_target="_blank" animation="animate-when-almost-visible" css_animation="bottom-to-top" img_size="large" link="http://seventhqueen.com/themes/kleo/black-friday/"][kleo_button title="View demo" target="_blank" style="see-through" tooltip_position="left" tooltip_action="hover" size="lg" href="http://seventhqueen.com/themes/kleo/black-friday/"][/vc_column_inner][vc_column_inner width="1/3"][kleo_divider type="full" position="center" text="Merry Christmas"][kleo_gap size="10px"][vc_single_image image="5771" alignment="center" border_color="grey" img_link_large="" img_link_target="_blank" animation="animate-when-almost-visible" css_animation="bottom-to-top" img_size="large" link="http://seventhqueen.com/themes/kleo/merry-christmas/"][kleo_button title="View demo" target="_blank" style="see-through" tooltip_position="left" tooltip_action="hover" size="lg" href="http://seventhqueen.com/themes/kleo/merry-christmas/"][/vc_column_inner][vc_column_inner width="1/3"][kleo_divider type="full" position="center" text="Happy New Year"][kleo_gap size="10px"][vc_single_image image="5772" alignment="center" border_color="grey" img_link_large="" img_link_target="_blank" animation="animate-when-almost-visible" css_animation="bottom-to-top" img_size="large" link="http://seventhqueen.com/themes/kleo/merry-christmas-happy-new-year/"][kleo_button title="View demo" target="_blank" style="see-through" tooltip_position="left" tooltip_action="hover" size="lg" href="http://seventhqueen.com/themes/kleo/merry-christmas-happy-new-year/"][/vc_column_inner][/vc_row_inner][/vc_column][/vc_row][vc_row inner_container="yes" text_align="center" section_type="main" bg_position="center" bg_position_horizontal="center" bg_repeat="no-repeat" bg_cover="true" bg_attachment="false" parallax_speed="0.05" padding_top="160" padding_bottom="160" min_height="0" border="none" css_animation="right-to-left" type="image" bg_image="5776" enable_parallax="false" overflow="" visibility="" text_color="#ffffff"][vc_column width="1/1"][vc_column_text lead="yes" css_animation="right-to-left"]
<h2>Want more homepages?</h2>
[/vc_column_text][vc_column_text lead="yes" css_animation="right-to-left"]If you want to see a specific demo in our next updates to help you with some ideas, just let us know.[/vc_column_text][kleo_gap size="30px"][kleo_button title="Leave suggestion" href="http://kwiksurveys.com/app/showpoll.asp?qid=414595&amp;sid=7svyyo255w7jznd414595&amp;new=True" target="_blank" style="see-through" size="lg" tooltip_position="left" tooltip_action="hover"][/vc_column][/vc_row][vc_row inner_container="yes" section_type="main" bg_position="top" bg_position_horizontal="left" bg_repeat="no-repeat" bg_cover="true" bg_attachment="false" parallax_speed="0.1" padding_top="40" padding_bottom="40" min_height="0" border="bottom" css_animation="right-to-left" type="color" front_status="draft"][vc_column width="1/1"][vc_column_text css_animation="right-to-left"]SeventhQueen is granted the 'Elite Author' badge for their established reputation, overall quality, commitment to the market and the milestones they've hit in Envato Marketplaces where their products are currently being sold. Looking at the way we have come so far, we spotted some interesting numbers which might be worth a mention:[/vc_column_text][vc_row_inner][vc_column_inner width="1/3"][vc_column_text css_animation="right-to-left"]4k active users on our support community[/vc_column_text][/vc_column_inner][vc_column_inner width="1/3"][vc_column_text css_animation="right-to-left"]since 2013[/vc_column_text][/vc_column_inner][vc_column_inner width="1/3"][vc_column_text css_animation="right-to-left"]8k purchases[/vc_column_text][/vc_column_inner][/vc_row_inner][kleo_gap size="30px"][/vc_column][/vc_row][vc_row inner_container="yes" text_align="center" section_type="main" bg_position="center" bg_position_horizontal="center" bg_repeat="no-repeat" bg_cover="true" bg_attachment="false" parallax_speed="0.2" padding_top="80" padding_bottom="80" min_height="0" border="bottom" css_animation="right-to-left" column_gap="no" bg_color="#000000" bg_image="2733" el_id="grid-layouts" enable_parallax="false" overflow="" visibility=""][vc_column width="1/1"][vc_column_text css_animation="right-to-left"]
<h1 class="title">Grid layouts</h1>
[/vc_column_text][vc_column_text lead="yes" css_animation="right-to-left"]6 different grid versions included for much better purposes. Website can be in boxed or full width version[/vc_column_text][kleo_gap size="40px"][vc_row_inner css=".vc_custom_1410969799139{border-bottom-width: 100px !important;padding-top: 100px !important;}"][vc_column_inner width="1/6"][/vc_column_inner][vc_column_inner width="2/3"][vc_gallery type="grid" images="3797,3798,3799,3804,3805,3806" onclick="link_no" custom_links_target="_self" grid_number="6" img_size="320x274"][/vc_column_inner][vc_column_inner width="1/6"][/vc_column_inner][/vc_row_inner][kleo_gap size="60px"][vc_column_text css_animation="right-to-left"]
<h3><span id="result_box" class="short_text" lang="en"><span class="hps">+</span></span></h3>
[/vc_column_text][vc_column_text css_animation="right-to-left"]
<h2><span id="result_box" class="short_text" lang="en"><span class="hps">All</span> <span class="hps">the options</span> <span class="hps">above</span> <span class="hps">can be applied to</span></span> full width or boxed layout styles</h2>
[/vc_column_text][kleo_gap size="30px"][vc_row_inner][vc_column_inner width="1/6"][/vc_column_inner][vc_column_inner width="1/6"][kleo_divider type="full" position="center" text="Full width layout 1440px"][vc_single_image image="3797" alignment="center" border_color="grey" img_link_target="_self" css_animation="el-fade" img_size="320x274" animation="animate-when-almost-visible"][/vc_column_inner][vc_column_inner width="1/6"][kleo_divider type="long" position="center" text="Boxed 1440px"][vc_single_image image="3818" alignment="center" border_color="grey" img_link_target="_self" css_animation="el-fade" img_size="320x274" animation="animate-when-almost-visible"][/vc_column_inner][vc_column_inner width="1/6"][kleo_divider type="long" position="center" text="Boxed 1200px"][vc_single_image image="3819" alignment="center" border_color="grey" img_link_target="_self" css_animation="el-fade" img_size="320x274" animation="animate-when-almost-visible"][/vc_column_inner][vc_column_inner width="1/6"][kleo_divider type="long" position="center" text="Boxed 1024px"][vc_single_image image="3820" alignment="center" border_color="grey" img_link_target="_self" css_animation="el-fade" img_size="320x274" animation="animate-when-almost-visible"][/vc_column_inner][vc_column_inner width="1/6"][/vc_column_inner][/vc_row_inner][kleo_gap size="60px"][vc_column_text css_animation="right-to-left"]
<h3><span id="result_box" class="short_text" lang="en"><span class="hps">+</span></span></h3>
[/vc_column_text][vc_column_text css_animation="right-to-left"]
<h2><span id="result_box" class="short_text" lang="en"><span class="hps">Also you can have 100% Full Width sections</span></span></h2>
[/vc_column_text][kleo_gap size="30px"][vc_row_inner][vc_column_inner width="1/3"][/vc_column_inner][vc_column_inner width="1/3"][kleo_divider type="full" position="center" text="Full width 1440px"][vc_single_image image="3822" alignment="center" border_color="grey" img_link_target="_self" css_animation="el-appear" img_size="320x444" animation="animate-when-almost-visible"][/vc_column_inner][vc_column_inner width="1/3"][/vc_column_inner][/vc_row_inner][kleo_gap size="60px"][vc_column_text css_animation="right-to-left"]
<h3><span id="result_box" class="short_text" lang="en"><span class="hps">+</span></span></h3>
[/vc_column_text][vc_column_text css_animation="right-to-left"]
<h2>We push even more flexibility into this,
now you can choose between different width styles of your main content in relationship with sidebars</h2>
[/vc_column_text][kleo_gap size="30px"][vc_row_inner][vc_column_inner width="1/6"][/vc_column_inner][vc_column_inner width="2/3"][kleo_divider type="full" position="center" text="Main content width for one sidebar pages: 75%, 67%, 58,3% and 50%"][vc_gallery type="grid" images="3799,3831,3832,3833" onclick="link_no" custom_links_target="_self" grid_number="4" img_size="320x274"][kleo_gap size="40px"][/vc_column_inner][vc_column_inner width="1/6"][/vc_column_inner][/vc_row_inner][vc_row_inner][vc_column_inner width="1/6"][/vc_column_inner][vc_column_inner width="2/3"][kleo_divider type="full" position="center" text="Main content widths for two sidebars pages: 67%, 50% and 33%"][vc_gallery type="grid" images="3837,3836,3835" onclick="link_no" custom_links_target="_self" grid_number="3" img_size="320x274"][/vc_column_inner][vc_column_inner width="1/6"][/vc_column_inner][/vc_row_inner][kleo_gap size="30px"][kleo_testimonials type="carousel" number="5" min_items="1" max_items="1" height="200"][/vc_column][/vc_row][vc_row inner_container="yes" section_type="main" bg_position="top" bg_position_horizontal="left" bg_repeat="no-repeat" bg_cover="true" bg_attachment="false" parallax_speed="0.1" padding_top="80" padding_bottom="40" min_height="0" border="none" css_animation="right-to-left" bg_color="#1f2228" enable_parallax="" overflow="" visibility=""][vc_column width="1/1"][vc_column_text css_animation="right-to-left"]
<h1 style="text-align: center;">Great for businesses of all sizes</h1>
[/vc_column_text][vc_column_text lead="yes" css_animation="right-to-left"]
<p style="text-align: center;">Kleo handles all the hassles of next gen website, perfect for beginners and experts alike</p>
[/vc_column_text][kleo_gap size="60px"][kleo_grid type="2" animation="yes" colored_icons="yes" bordered_icons="yes"][kleo_feature_item title="Membership Ready" icon="shield" icon_size="default"]Create Membership Levels and easily restrict content based on member access[/kleo_feature_item][kleo_feature_item title="Facebook Login/Register integration" icon="facebook" icon_size="default"]Easily register or login with you Facebook account. Everything you need is included, just enable the feature from Admin panel[/kleo_feature_item][kleo_feature_item title="Over 40 pages" icon="doc-1" icon_size="default"]Lorem ipsum dolor sit amet, consectetur adipiscing elit, sed do eiusmod tempor incididunt ut labore et dolore magna aliqua.[/kleo_feature_item][kleo_feature_item title="Unique Design" icon="html5-1" icon_size="default"]Buddypress &amp; bbPress have never enjoyed such great attention to detail. Modern and clean design.[/kleo_feature_item][kleo_feature_item title="Extremely Flexible" icon="popup" icon_size="default"]You no longer need to be a professional developer or designer to create an awesome website. Let your imagination run wild and create the site of your dreams. KLEO has all the tools to get you started.[/kleo_feature_item][kleo_feature_item title="Drag &amp; Drop Page Builder" icon="equalizer" icon_size="default"]No coding required in building a professional website. Included as a plugin, K Elements provide unique elements to create awesome pages.[/kleo_feature_item][kleo_feature_item title="Free Updates" icon="dropbox" icon_size="default"]Many great features are yet to come to this theme so be the first to know about.[/kleo_feature_item][kleo_feature_item title="Outstanding Support" icon="umbrella" icon_size="default"]Join our happy community, get help and start learning new things. Also we’re constantly improving and adding new features. You get all the new versions for FREE life-time.[/kleo_feature_item][/kleo_grid][/vc_column][/vc_row][vc_row inner_container="yes" text_align="center" section_type="main" bg_position="top" bg_position_horizontal="left" bg_repeat="no-repeat" bg_cover="true" bg_attachment="false" parallax_speed="0.1" padding_top="40" padding_bottom="100" min_height="0" border="none" css_animation="right-to-left" bg_color="#1f2228" enable_parallax="" overflow="" visibility="" el_class="col dark"][vc_column width="1/1"][vc_column_text lead="yes" css_animation="right-to-left"]<em>Purchase KLEO, play with it, discover new great things, communicate your feedback, get helped in your starting business and</em>

<em>be part of the growing KLEO project process.</em>[/vc_column_text][kleo_button title="PURCHASE THEME" href="http://themeforest.net/item/kleo-next-level-premium-wordpress-theme/6776630?ref=SeventhQueen&amp;license=regular&amp;open_purchase_for_item_id=6776630&amp;purchasable=source" target="_blank" style="highlight style2" size="lg" tooltip_position="top" tooltip_title="Theme Installation Service" tooltip_text="You bought one of our themes and need help with WordPress and Theme installation? We got you covered. We will install WordPress for you and make your theme just like the demo." tooltip_action="hover"][kleo_button title="THEME INSTALL" href="http://seventhqueen.com/support/services/wordpress-theme-installation-service" target="_blank" style="see-through" size="lg" tooltip="popover" tooltip_position="top" tooltip_title="Theme Installation Service" tooltip_text="You bought one of our themes and need help with WordPress and Theme installation? We got you covered. We will install WordPress for you and make your theme just like the demo." tooltip_action="hover"][/vc_column][/vc_row][vc_row inner_container="no" section_type="main" bg_position="center" bg_position_horizontal="center" bg_repeat="no-repeat" bg_cover="true" bg_attachment="false" parallax_speed="0.1" padding_top="0" padding_bottom="0" min_height="0" border="none" css_animation="right-to-left" overflow="false" padding_left="0" padding_right="0" column_gap="no" vertical_align="yes" el_id="theme-support"][vc_column width="1/2" css=".vc_custom_1409939767923{background-image: url(http://seventhqueen.com/themes/kleo/wp-content/uploads/2014/09/working.jpg?id=3067) !important;background-position: center !important;background-repeat: no-repeat !important;background-size: cover !important;}"][/vc_column][vc_column width="1/2" font_color="#ffffff" css=".vc_custom_1409992623985{padding: 140px 100px !important;background-color: #000000 !important;}"][vc_column_text css_animation="right-to-left"]
<h1><span style="color: #ffffff;">Customer care</span></h1>
[/vc_column_text][vc_column_text lead="yes" css_animation="right-to-left"]Faced a problem? No worries – our premium class customer support service
is always ready to help you.[/vc_column_text][kleo_gap size="10px"][kleo_button title="VIEW OUR SUPPORT FORUM" target="_blank" style="see-through" size="lg" tooltip_position="left" tooltip_action="hover" href="http://seventhqueen.com/support"][/vc_column][/vc_row]]]></content:encoded>
		<excerpt:encoded><![CDATA[]]></excerpt:encoded>
		<wp:post_id>5515</wp:post_id>
		<wp:post_date><![CDATA[2015-02-21 13:51:27]]></wp:post_date>
		<wp:post_date_gmt><![CDATA[2015-02-21 11:51:27]]></wp:post_date_gmt>
		<wp:comment_status><![CDATA[closed]]></wp:comment_status>
		<wp:ping_status><![CDATA[closed]]></wp:ping_status>
		<wp:post_name><![CDATA[one-page-presentation]]></wp:post_name>
		<wp:status><![CDATA[publish]]></wp:status>
		<wp:post_parent>0</wp:post_parent>
		<wp:menu_order>0</wp:menu_order>
		<wp:post_type><![CDATA[page]]></wp:post_type>
		<wp:post_password><![CDATA[]]></wp:post_password>
		<wp:is_sticky>0</wp:is_sticky>
		<wp:postmeta>
			<wp:meta_key><![CDATA[_edit_last]]></wp:meta_key>
			<wp:meta_value><![CDATA[1]]></wp:meta_value>
		</wp:postmeta>
		<wp:postmeta>
			<wp:meta_key><![CDATA[_wpb_shortcodes_custom_css]]></wp:meta_key>
			<wp:meta_value><![CDATA[.vc_custom_1410969799139{border-bottom-width: 100px !important;padding-top: 100px !important;}.vc_custom_1409939767923{background-image: url(http://seventhqueen.com/themes/kleo/wp-content/uploads/2014/09/working.jpg?id=3067) !important;background-position: center !important;background-repeat: no-repeat !important;background-size: cover !important;}.vc_custom_1409992623985{padding: 140px 100px !important;background-color: #000000 !important;}]]></wp:meta_value>
		</wp:postmeta>
		<wp:postmeta>
			<wp:meta_key><![CDATA[_wp_page_template]]></wp:meta_key>
			<wp:meta_value><![CDATA[page-templates/full-width.php]]></wp:meta_value>
		</wp:postmeta>
		<wp:postmeta>
			<wp:meta_key><![CDATA[_wpb_vc_js_status]]></wp:meta_key>
			<wp:meta_value><![CDATA[true]]></wp:meta_value>
		</wp:postmeta>
		<wp:postmeta>
			<wp:meta_key><![CDATA[_wpb_vc_js_interface_version]]></wp:meta_key>
			<wp:meta_value><![CDATA[2]]></wp:meta_value>
		</wp:postmeta>
		<wp:postmeta>
			<wp:meta_key><![CDATA[_kleo_transparent_menu_color]]></wp:meta_key>
			<wp:meta_value><![CDATA[white]]></wp:meta_value>
		</wp:postmeta>
		<wp:postmeta>
			<wp:meta_key><![CDATA[_kleo_page_menu]]></wp:meta_key>
			<wp:meta_value><![CDATA[one-page-menu]]></wp:meta_value>
		</wp:postmeta>
		<wp:postmeta>
			<wp:meta_key><![CDATA[_kleo_title_checkbox]]></wp:meta_key>
			<wp:meta_value><![CDATA[1]]></wp:meta_value>
		</wp:postmeta>
		<wp:postmeta>
			<wp:meta_key><![CDATA[_kleo_hide_breadcrumb]]></wp:meta_key>
			<wp:meta_value><![CDATA[1]]></wp:meta_value>
		</wp:postmeta>
		<wp:postmeta>
			<wp:meta_key><![CDATA[_kleo_hide_info]]></wp:meta_key>
			<wp:meta_value><![CDATA[1]]></wp:meta_value>
		</wp:postmeta>
		<wp:postmeta>
			<wp:meta_key><![CDATA[_kleo_hide_footer]]></wp:meta_key>
			<wp:meta_value><![CDATA[1]]></wp:meta_value>
		</wp:postmeta>
		<wp:postmeta>
			<wp:meta_key><![CDATA[_kleo_hide_shop_icon]]></wp:meta_key>
			<wp:meta_value><![CDATA[1]]></wp:meta_value>
		</wp:postmeta>
		<wp:postmeta>
			<wp:meta_key><![CDATA[sq_img_data]]></wp:meta_key>
			<wp:meta_value><![CDATA[a:31:{i:7127;s:85:"http://seventhqueen.com/themes/kleo/wp-content/uploads/2015/02/webkit_window_1031.png";i:7107;s:84:"http://seventhqueen.com/themes/kleo/wp-content/uploads/2015/02/webkit_window_107.png";i:7112;s:84:"http://seventhqueen.com/themes/kleo/wp-content/uploads/2015/02/webkit_window_101.png";i:5747;s:85:"http://seventhqueen.com/themes/kleo/wp-content/uploads/2015/02/webkit_window_004a.png";i:5751;s:85:"http://seventhqueen.com/themes/kleo/wp-content/uploads/2015/02/webkit_window_003a.png";i:5757;s:85:"http://seventhqueen.com/themes/kleo/wp-content/uploads/2015/02/webkit_window_005b.png";i:7116;s:84:"http://seventhqueen.com/themes/kleo/wp-content/uploads/2015/02/webkit_window_102.png";i:7115;s:84:"http://seventhqueen.com/themes/kleo/wp-content/uploads/2015/02/webkit_window_108.png";i:7118;s:84:"http://seventhqueen.com/themes/kleo/wp-content/uploads/2015/02/webkit_window_104.png";i:5752;s:85:"http://seventhqueen.com/themes/kleo/wp-content/uploads/2015/02/webkit_window_002b.png";i:7114;s:84:"http://seventhqueen.com/themes/kleo/wp-content/uploads/2015/02/webkit_window_109.png";i:5762;s:85:"http://seventhqueen.com/themes/kleo/wp-content/uploads/2015/02/webkit_window_007a.png";i:5768;s:85:"http://seventhqueen.com/themes/kleo/wp-content/uploads/2015/02/webkit_window_008b.png";i:7130;s:84:"http://seventhqueen.com/themes/kleo/wp-content/uploads/2015/02/webkit_window_106.png";i:7133;s:84:"http://seventhqueen.com/themes/kleo/wp-content/uploads/2015/02/webkit_window_100.png";i:7134;s:84:"http://seventhqueen.com/themes/kleo/wp-content/uploads/2015/02/webkit_window_111.png";i:7137;s:84:"http://seventhqueen.com/themes/kleo/wp-content/uploads/2015/02/webkit_window_105.png";i:5741;s:84:"http://seventhqueen.com/themes/kleo/wp-content/uploads/2015/02/webkit_window_001.png";i:5770;s:85:"http://seventhqueen.com/themes/kleo/wp-content/uploads/2015/02/webkit_window_009a.png";i:5771;s:85:"http://seventhqueen.com/themes/kleo/wp-content/uploads/2015/02/webkit_window_010a.png";i:5772;s:85:"http://seventhqueen.com/themes/kleo/wp-content/uploads/2015/02/webkit_window_011a.png";i:5776;s:85:"http://seventhqueen.com/themes/kleo/wp-content/uploads/2015/02/kleo_demo_pages_01.jpg";i:2733;s:83:"http://seventhqueen.com/themes/kleo/wp-content/uploads/2014/08/testimonials_bg1.jpg";s:29:"3797,3798,3799,3804,3805,3806";s:622:"http://seventhqueen.com/themes/kleo/wp-content/uploads/2014/09/layout_full_wide_no_sidebar.png,http://seventhqueen.com/themes/kleo/wp-content/uploads/2014/09/layout_full_wide_one_sidebar_on_left.png,http://seventhqueen.com/themes/kleo/wp-content/uploads/2014/09/layout_full_wide_one_sidebar_on_right.png,http://seventhqueen.com/themes/kleo/wp-content/uploads/2014/09/layout_full_wide_two_sidebars_left_right.png,http://seventhqueen.com/themes/kleo/wp-content/uploads/2014/09/layout_full_wide_two_sidebars_on_left.png,http://seventhqueen.com/themes/kleo/wp-content/uploads/2014/09/layout_full_wide_two_sidebars_on_right.png";i:3797;s:94:"http://seventhqueen.com/themes/kleo/wp-content/uploads/2014/09/layout_full_wide_no_sidebar.png";i:3818;s:86:"http://seventhqueen.com/themes/kleo/wp-content/uploads/2014/09/layout_boxed_1440px.png";i:3819;s:86:"http://seventhqueen.com/themes/kleo/wp-content/uploads/2014/09/layout_boxed_1200px.png";i:3820;s:86:"http://seventhqueen.com/themes/kleo/wp-content/uploads/2014/09/layout_boxed_1024px.png";i:3822;s:84:"http://seventhqueen.com/themes/kleo/wp-content/uploads/2014/09/layout_full_width.png";s:19:"3799,3831,3832,3833";s:388:"http://seventhqueen.com/themes/kleo/wp-content/uploads/2014/09/layout_full_wide_one_sidebar_on_right.png,http://seventhqueen.com/themes/kleo/wp-content/uploads/2014/09/layout_one_sidebar_main_67.png,http://seventhqueen.com/themes/kleo/wp-content/uploads/2014/09/layout_one_sidebar_main_58_3.png,http://seventhqueen.com/themes/kleo/wp-content/uploads/2014/09/layout_one_sidebar_main_50.png";s:14:"3837,3836,3835";s:284:"http://seventhqueen.com/themes/kleo/wp-content/uploads/2014/09/layout_two_sidebars_main_67.png,http://seventhqueen.com/themes/kleo/wp-content/uploads/2014/09/layout_two_sidebars_main_50.png,http://seventhqueen.com/themes/kleo/wp-content/uploads/2014/09/layout_two_sidebars_main_33.png";}]]></wp:meta_value>
		</wp:postmeta>
		<wp:postmeta>
			<wp:meta_key><![CDATA[sq_base]]></wp:meta_key>
			<wp:meta_value><![CDATA[https://seventhqueen.com/themes/kleo/wp-content/uploads]]></wp:meta_value>
		</wp:postmeta>
		<wp:postmeta>
			<wp:meta_key><![CDATA[sq_import]]></wp:meta_key>
			<wp:meta_value><![CDATA[1]]></wp:meta_value>
		</wp:postmeta>
		<wp:postmeta>
			<wp:meta_key><![CDATA[sq_domain]]></wp:meta_key>
			<wp:meta_value><![CDATA[https://seventhqueen.com/themes/kleo]]></wp:meta_value>
		</wp:postmeta>
	</item>
</channel>
</rss>
