<?xml version="1.0" encoding="UTF-8" ?>
<!-- This is a WordPress eXtended RSS file generated by WordPress as an export of your site. -->
<!-- It contains information about your site's posts, pages, comments, categories, and other content. -->
<!-- You may use this file to transfer that content from one site to another. -->
<!-- This file is not intended to serve as a complete backup of your site. -->

<!-- To import this information into a WordPress site follow these steps: -->
<!-- 1. Log in to that site as an administrator. -->
<!-- 2. Go to Tools: Import in the WordPress admin panel. -->
<!-- 3. Install the "WordPress" importer from the list. -->
<!-- 4. Activate & Run Importer. -->
<!-- 5. Upload this file using the form provided on that page. -->
<!-- 6. You will first be asked to map the authors in this export file to users -->
<!--    on the site. For each author, you may choose to map to an -->
<!--    existing user on the site or to create a new user. -->
<!-- 7. WordPress will then import each of the posts, pages, comments, categories, etc. -->
<!--    contained in this file into your site. -->

<!-- generator="WordPress/4.7.3" created="2017-03-08 21:54" -->
<rss version="2.0"
    xmlns:excerpt="http://wordpress.org/export/1.2/excerpt/"
    xmlns:content="http://purl.org/rss/1.0/modules/content/"
    xmlns:wfw="http://wellformedweb.org/CommentAPI/"
    xmlns:dc="http://purl.org/dc/elements/1.1/"
    xmlns:wp="http://wordpress.org/export/1.2/"
>

<channel>
    <title>KLEO Template</title>
    <link>https://seventhqueen.com/demo/kleo</link>
    <description>Wordpress Premium Template</description>
    <pubDate>Wed, 08 Mar 2017 21:54:06 +0000</pubDate>
    <language>en-US</language>
    <wp:wxr_version>1.2</wp:wxr_version>
    <wp:base_site_url>https://seventhqueen.com/demo/kleo</wp:base_site_url>
    <wp:base_blog_url>https://seventhqueen.com/demo/kleo</wp:base_blog_url>

    <wp:author><wp:author_id>3</wp:author_id><wp:author_login><![CDATA[exporter]]></wp:author_login><wp:author_email><![CDATA[exporter@7thqueen.com]]></wp:author_email><wp:author_display_name><![CDATA[exporter]]></wp:author_display_name><wp:author_first_name><![CDATA[]]></wp:author_first_name><wp:author_last_name><![CDATA[]]></wp:author_last_name></wp:author>


    <generator>https://wordpress.org/?v=4.7.3</generator>

    <item>
        <title>Home Company</title>
        <link>https://seventhqueen.com/demo/kleo/home-company/</link>
        <pubDate>Fri, 20 Nov 2015 10:44:49 +0000</pubDate>
        <dc:creator><![CDATA[exporter]]></dc:creator>
        <guid isPermaLink="false">http://seventhqueen.com/themes/kleo/company/?page_id=2</guid>
        <description></description>
        <content:encoded><![CDATA[[vc_row el_id="first-section" inner_container="no" type="image" enable_parallax="false" parallax_speed="0.4" padding_top="0" padding_bottom="0" fixed_height="1004px" bg_image="7823"][vc_column][vc_row_inner inner_container="yes" min_height="1004px" bg_pos_h="center" bg_pos_v="top" css=".vc_custom_1454252652306{background-image: url(http://seventhqueen.com/demo/kleo/wp-content/uploads/2016/01/first_section_white_triangle.png?id=7829) !important;background-position: 0 0 !important;background-repeat: no-repeat !important;}" el_id="white-triangle"][vc_column_inner offset="vc_col-lg-8 vc_col-md-8 vc_col-xs-12"][kleo_gap size="80px" visibility="visible-xs"][kleo_gap size="160px" visibility="visible-sm"][kleo_gap size="260px" visibility="visible-md,visible-lg"][vc_custom_heading text="POWERFUL CHOICES
EVERYDAY" font_container="tag:h1|font_size:60px|text_align:left|line_height:66px" google_fonts="font_family:Montserrat%3Aregular%2C700|font_style:700%20bold%20regular%3A700%3Anormal" letter_spacing=""][vc_column_text vertical_separator="yes" letter_spacing="75" letter-spacing="75"]Lorem ipsum dolor sit amet, consectetuer adipiscing
elit, sed diam nonummy nibh euismod tincidunt ut
laoreet dolore magna aliquam erat volutpat.[/vc_column_text][kleo_button title="ask our experts" href="#" target="_blank" style="custom" font_size="14px" font_weight="700" uppercase="yes" size="xxl" type="boxed-icon" special="no" border="no" icon="angle-right" box_shadow_color="rgba(43,33,47,0.15)" box_shadow_x="6" box_shadow_blur="18" custom_background="#ffffff" custom_text="#000000"][/vc_column_inner][vc_column_inner offset="vc_col-lg-4 vc_col-md-4 vc_col-xs-12"][kleo_gap size="50px" visibility="visible-xs,visible-sm"][kleo_gap size="480px" visibility="visible-md,visible-lg"][vc_single_image image="7822" img_size="338x408" alignment="center"][/vc_column_inner][vc_column_inner][vc_column_text text_color="#ffffff" font_size="13px" letter_spacing=""]
<p style="text-align: center;">SCROLL DOWN
to explore our services</p>
[/vc_column_text][/vc_column_inner][/vc_row_inner][/vc_column][/vc_row][vc_row el_id="services" inner_container="no" type="image" bg_color="#564656" bg_position="bottom" bg_position_horizontal="center" padding_top="" padding_bottom="" bg_image="7825"][vc_column][kleo_magic_container position="absolute" left="50%" min_height="521px" width="2560px" css=".vc_custom_1454252732470{margin-left: -1280px !important;background-image: url(http://seventhqueen.com/demo/kleo/wp-content/uploads/2016/01/pink_triangle.png?id=7832) !important;background-position: 0 0 !important;background-repeat: no-repeat !important;}"][/kleo_magic_container][kleo_magic_container position="absolute" top="-25px" left="50%" min_height="50px" width="36px" content_position="center" text_center="yes" border_radius="20px" box_shadow_color="rgba(85,69,85,0.4)" box_shadow_y="6" box_shadow_blur="18" css=".vc_custom_1454016466712{margin-left: -18px !important;background-color: #ff5e5e !important;}"][kleo_icon icon="down-dir" icon_size="2x" href="#services" scroll_to="yes" icon_color="#ffffff"][/kleo_magic_container][vc_row_inner inner_container="yes" css=".vc_custom_1448295547307{padding-top: 124px !important;}"][vc_column_inner][vc_custom_heading text="SERVICES" font_container="tag:h2|font_size:60px|text_align:left|color:%23342938|line_height:66px" google_fonts="font_family:Montserrat%3Aregular%2C700|font_style:700%20bold%20regular%3A700%3Anormal" letter_spacing=""][kleo_gap size="25px"][/vc_column_inner][/vc_row_inner][vc_row_inner inner_container="yes" el_class="row-no-gap" css=".vc_custom_1454070037846{padding-bottom: 30px !important;}"][vc_column_inner offset="vc_col-lg-6 vc_col-md-6 vc_col-xs-12"][vc_custom_heading text="Lorem ipsum dolor sit amet consectetuer adipiscing" font_container="tag:h6|font_size:30px|text_align:left|color:%23ffffff|line_height:36px" google_fonts="font_family:Open%20Sans%3A300%2C300italic%2Cregular%2Citalic%2C600%2C600italic%2C700%2C700italic%2C800%2C800italic|font_style:400%20italic%3A400%3Aitalic" letter_spacing="75" css=".vc_custom_1454069908669{padding-top: 5px !important;}"][kleo_gap size="20px"][/vc_column_inner][vc_column_inner offset="vc_col-lg-6 vc_col-md-6 vc_col-xs-12"][vc_column_text text_color="#ffffff" vertical_separator="yes" letter_spacing="75" css=".vc_custom_1453990808036{padding-top: 10px !important;padding-right: 95px !important;padding-bottom: 30px !important;padding-left: 95px !important;}"]Lorem ipsum dolor sit amet, consectetuer adipiscing
elit, sed diam nonummy nibh euismod tincidunt ut
laoreet dolore magna aliquam erat volutpat.[/vc_column_text][/vc_column_inner][/vc_row_inner][vc_row_inner equal_height="yes" content_placement="bottom" gap="30" inner_container="yes" el_class="text-center"][vc_column_inner width="1/3" bg_gradient="yes" css=".vc_custom_1456321007162{background-image: url(http://seventhqueen.com/demo/kleo/wp-content/uploads/2016/01/services_003.jpg?id=7824) !important;background-position: center !important;background-repeat: no-repeat !important;background-size: cover !important;}"][kleo_gap size="220px"][vc_column_text lead="yes" text_color="#ffffff" letter_spacing="" css=".vc_custom_1454141384798{margin-bottom: 0px !important;}"]Lorem ipsum dolor sit amet.[/vc_column_text][vc_custom_heading text="SERVICE NO. 1" font_container="tag:h3|font_size:28px|text_align:center|color:%23ffffff|line_height:32px" use_theme_fonts="yes" letter_spacing=""][kleo_gap size="80px"][kleo_button title="Read more" href="#" style="custom" font_size="14px" font_weight="700" uppercase="yes" size="xl" special="no" border="no" icon="0" custom_background="#fe6c61" custom_text="#ffffff"][kleo_gap size="40px"][/vc_column_inner][vc_column_inner width="1/3" bg_gradient="yes" css=".vc_custom_1456321017164{background-image: url(http://seventhqueen.com/demo/kleo/wp-content/uploads/2016/01/services_001.jpg?id=7826) !important;background-position: center !important;background-repeat: no-repeat !important;background-size: cover !important;}"][kleo_gap size="220px"][vc_column_text lead="yes" text_color="#ffffff" letter_spacing="" css=".vc_custom_1454141384798{margin-bottom: 0px !important;}"]Lorem ipsum dolor sit amet.[/vc_column_text][vc_custom_heading text="SERVICE NO. 2" font_container="tag:h3|font_size:28px|text_align:center|color:%23ffffff|line_height:32px" use_theme_fonts="yes" letter_spacing=""][kleo_gap size="80px"][kleo_button title="Read more" href="#" style="custom" font_size="14px" font_weight="700" uppercase="yes" size="xl" special="no" border="no" icon="0" custom_background="#fe6c61" custom_text="#ffffff"][kleo_gap size="40px"][/vc_column_inner][vc_column_inner width="1/3" bg_gradient="yes" css=".vc_custom_1456321023266{background-image: url(http://seventhqueen.com/demo/kleo/wp-content/uploads/2016/01/services_002.jpg?id=7827) !important;background-position: center !important;background-repeat: no-repeat !important;background-size: cover !important;}"][kleo_gap size="220px"][vc_column_text lead="yes" text_color="#ffffff" letter_spacing="" css=".vc_custom_1454141384798{margin-bottom: 0px !important;}"]Lorem ipsum dolor sit amet.[/vc_column_text][vc_custom_heading text="SERVICE NO. 3" font_container="tag:h3|font_size:28px|text_align:center|color:%23ffffff|line_height:32px" use_theme_fonts="yes" letter_spacing=""][kleo_gap size="80px"][kleo_button title="Read more" href="#" style="custom" font_size="14px" font_weight="700" uppercase="yes" size="xl" special="no" border="no" icon="0" custom_background="#fe6c61" custom_text="#ffffff"][kleo_gap size="40px"][/vc_column_inner][/vc_row_inner][vc_row_inner inner_container="yes" css=".vc_custom_1448375365223{margin-bottom: 120px !important;padding-top: 65px !important;}"][vc_column_inner offset="vc_col-lg-6 vc_col-md-6 vc_col-xs-12"][vc_custom_heading text="VIDEO" font_container="tag:h2|font_size:60px|text_align:left|color:%23342938|line_height:66px" google_fonts="font_family:Montserrat%3Aregular%2C700|font_style:700%20bold%20regular%3A700%3Anormal" letter_spacing=""][kleo_gap size="25px"][vc_column_text text_color="#ffffff" letter_spacing="" el_class="vertical-separator letter-spacing-75" css=".vc_custom_1454102684562{margin-top: 10px !important;margin-bottom: 40px !important;padding-right: 20px !important;}"]Lorem ipsum dolor sit amet, consectetuer adipiscing elit, sed diam nonummy nibh euismod tincidunt ut laoreet dolore magna aliquam erat volutpat.

Ut wisi enim ad minim veniam, quis nostrud exerci tation ullamcorper suscipit lobortis nisl ut aliquip ex ea commodo consequat.[/vc_column_text][/vc_column_inner][vc_column_inner offset="vc_col-lg-6 vc_col-md-6 vc_col-xs-12"][vc_video link="https://vimeo.com/17574435"][/vc_column_inner][/vc_row_inner][vc_row_inner inner_container="yes" css=".vc_custom_1448468586245{padding-right: 0px !important;padding-left: 0px !important;}"][vc_column_inner css=".vc_custom_1454252882834{padding-top: 85px !important;padding-right: 85px !important;padding-bottom: 85px !important;padding-left: 85px !important;background: #ffffff url(http://seventhqueen.com/demo/kleo/wp-content/uploads/2016/01/top_section_twin.jpg?id=7828) !important;background-position: center !important;background-repeat: no-repeat !important;background-size: cover !important;}"][vc_custom_heading text="LOREM IPSUM" font_container="tag:h5|font_size:14px|text_align:left|color:%23ff5e5e|line_height:18px" use_theme_fonts="yes" el_class="letter-spacing-25"][vc_custom_heading text="LOREM IPSUM" font_container="tag:h3|font_size:28px|text_align:left|color:%233f3241|line_height:34px" use_theme_fonts="yes" el_class="letter-spacing-25"][vc_column_text vertical_separator="yes" letter_spacing="75" css=".vc_custom_1454106163912{margin-top: 55px !important;margin-bottom: 55px !important;padding-right: 20px !important;}"]Lorem ipsum dolor sit amet, consectetuer adipiscing elit, sed diam nonummy nibh euismod tincidunt ut laoreet dolore magna aliquam erat volutpat.

Ut wisi enim ad minim veniam, quis nostrud exerci tation ullamcorper suscipit lobortis nisl ut aliquip ex ea commodo consequat. Duis autem vel eum iriure dolor in hendrerit in vulputate velit esse molestie consequat, vel illum dolore eu feugiat.[/vc_column_text][kleo_button title="Read more" href="#" style="custom" font_size="14px" font_weight="700" uppercase="yes" size="xl" special="no" border="no" icon="0" custom_background="#fe5043" custom_text="#ffffff"][/vc_column_inner][/vc_row_inner][/vc_column][/vc_row][vc_row el_id="3rd-section-bg" inner_container="no" type="image" bg_position="bottom" bg_position_horizontal="center" column_gap="no" padding_top="" padding_bottom="" bg_image="7830"][vc_column][kleo_magic_container position="absolute" left="50%" min_height="521px" width="2560px" bg_pos_h="center" bg_pos_v="top" css=".vc_custom_1454253005565{margin-left: -1280px !important;background-image: url(http://seventhqueen.com/demo/kleo/wp-content/uploads/2016/01/dark-blue-triangle.png?id=7831) !important;background-position: 0 0 !important;background-repeat: no-repeat !important;}"][/kleo_magic_container][vc_row_inner inner_container="yes" css=".vc_custom_1448378983234{margin-top: 0px !important;margin-bottom: 150px !important;}"][vc_column_inner css=".vc_custom_1454252950884{padding-top: 85px !important;padding-right: 85px !important;padding-bottom: 85px !important;padding-left: 85px !important;background: #ffffff url(http://seventhqueen.com/demo/kleo/wp-content/uploads/2015/11/bottom_section_twin.jpg?id=7843) !important;background-position: center !important;background-repeat: no-repeat !important;background-size: cover !important;}"][vc_custom_heading text="LOREM IPSUM" font_container="tag:h5|font_size:14px|text_align:left|color:%23312634|line_height:18px" use_theme_fonts="yes"][vc_custom_heading text="LOREM IPSUM" font_container="tag:h3|font_size:28px|text_align:left|color:%23ffffff|line_height:34px" use_theme_fonts="yes"][vc_column_text text_color="#ffffff" vertical_separator="dark" letter_spacing="75" css=".vc_custom_1454103440311{margin-top: 55px !important;margin-bottom: 55px !important;padding-right: 20px !important;}"]Lorem ipsum dolor sit amet, consectetuer adipiscing elit, sed diam nonummy nibh euismod tincidunt ut laoreet dolore magna aliquam erat volutpat.

Ut wisi enim ad minim veniam, quis nostrud exerci tation ullamcorper suscipit lobortis nisl ut aliquip ex ea commodo consequat. Duis autem vel eum iriure dolor in hendrerit in vulputate velit esse molestie consequat, vel illum dolore eu feugiat.[/vc_column_text][kleo_button title="Read more" href="#" style="custom" font_size="14px" font_weight="700" uppercase="yes" size="xl" special="no" border="no" icon="0" custom_background="#312634" custom_text="#ffffff"][/vc_column_inner][/vc_row_inner][vc_row_inner inner_container="yes" el_class="map-wrapper"][vc_column_inner offset="vc_col-lg-offset-2 vc_col-lg-8 vc_col-md-offset-2 vc_col-md-8 vc_col-xs-12"][vc_custom_heading text="INTERNATIONAL" font_container="tag:h2|font_size:60px|text_align:center|color:%23342938|line_height:66px" google_fonts="font_family:Montserrat%3Aregular%2C700|font_style:700%20bold%20regular%3A700%3Anormal" letter_spacing=""][vc_column_text text_color="#ffffff" letter_spacing="" el_class="letter-spacing-75" css=".vc_custom_1454105867509{margin-top: 55px !important;margin-bottom: 55px !important;padding-right: 20px !important;}"]Lorem ipsum dolor sit amet, consectetuer adipiscing elit, sed diam nonummy nibh euismod tincidunt ut laoreet dolore magna aliquam erat volutpat. Ut wisi enim ad minim veniam, quis nostrud exerci tation ullamcorper suscipit lobortis nisl ut aliquip ex ea commodo consequat.[/vc_column_text][/vc_column_inner][/vc_row_inner][vc_row_inner inner_container="yes" bg_pos_h="center" bg_pos_v="top" css=".vc_custom_1454253527694{background-image: url(http://seventhqueen.com/demo/kleo/wp-content/uploads/2016/01/map.png?id=7837) !important;background-position: 0 0 !important;background-repeat: no-repeat !important;}" el_id="map-inner-wrapper"][vc_column_inner el_class="profile-card" width="1/2" offset="vc_col-lg-offset-4 vc_col-lg-4 vc_col-md-offset-4 vc_col-md-4 vc_col-sm-offset-3 vc_col-xs-12" css=".vc_custom_1448453382892{padding-right: 0px !important;padding-left: 0px !important;}"][kleo_magic_container position="absolute" right="30px" bottom="-20px" width="40px" height="40px" content_position="center" text_center="yes" full_height="yes" z_index="1" css=".vc_custom_1454113381885{background-color: #fe6c61 !important;}"][kleo_icon icon="angle-right" icon_color="#ffffff"][/kleo_magic_container][vc_single_image image="7836" img_size="full" full_width="yes"][/vc_column_inner][vc_column_inner width="1/2" css=".vc_custom_1454253182707{padding-right: 0px !important;padding-left: 0px !important;background-color: #ffffff !important;}" offset="vc_col-lg-offset-4 vc_col-lg-4 vc_col-md-offset-4 vc_col-md-4 vc_col-sm-offset-3 vc_col-xs-12"][kleo_magic_container vertical_separator="yes" css=".vc_custom_1454268365190{margin-top: 50px !important;margin-right: 40px !important;margin-bottom: 50px !important;margin-left: 40px !important;}"][vc_column_text font_size="12px" letter_spacing="" css=".vc_custom_1454253476334{margin-bottom: 0px !important;padding-top: 0px !important;padding-bottom: 0px !important;}"]<strong>ERIKA JOHANNESON</strong>
<a href="mailto:office@seventhqueen.com">office@seventhqueen.com</a>[/vc_column_text][kleo_icon icon="facebook"][kleo_icon icon="twitter"][kleo_icon icon="gplus"][/kleo_magic_container][/vc_column_inner][vc_column_inner][kleo_gap size="199px" visibility="hidden-xs"][/vc_column_inner][/vc_row_inner][/vc_column][/vc_row][vc_row el_id="newsletter-section" text_align="center" type="image" bg_position_horizontal="center" vertical_align="yes" padding_top="0" padding_bottom="270px" bg_image="7838"][vc_column][kleo_magic_container position="absolute" top="-1px" left="50%" min_height="521px" width="2560px" bg_pos_h="center" bg_pos_v="top" css=".vc_custom_1454253597692{margin-left: -1280px !important;background-image: url(http://seventhqueen.com/demo/kleo/wp-content/uploads/2016/01/dark-pink_triangle.png?id=7833) !important;background-position: 0 0 !important;background-repeat: no-repeat !important;}"][/kleo_magic_container][/vc_column][vc_column offset="vc_col-lg-offset-3 vc_col-lg-6 vc_col-md-offset-3 vc_col-md-6" css=".vc_custom_1448465801262{padding-top: 130px !important;}"][vc_custom_heading text="TRY IT NOW" font_container="tag:h2|font_size:60px|text_align:center|color:%23b5b6ba|line_height:66px" google_fonts="font_family:Montserrat%3Aregular%2C700|font_style:700%20bold%20regular%3A700%3Anormal" letter_spacing=""][vc_column_text el_class="letter-spacing-75" css=".vc_custom_1448460356532{margin-top: 55px !important;margin-bottom: 55px !important;padding-right: 20px !important;}"]
<p style="text-align: center;"><span style="color: #5e5e5e;">Lorem ipsum dolor sit amet, consectetuer adipiscing elit, sed diam nonum my nibh euismod tincidunt.</span></p>
[/vc_column_text][vc_column_text letter_spacing=""][mc4wp_form][/vc_column_text][/vc_column][/vc_row][vc_row el_id="footer_area" text_align="center" type="image" bg_color="#362b39" bg_position_horizontal="center" padding_top="125px" padding_bottom="125px" bg_image="7835"][vc_column width="1/2" offset="vc_col-lg-offset-4 vc_col-lg-4 vc_col-md-offset-4 vc_col-md-4 vc_col-sm-offset-3 vc_col-xs-12"][vc_single_image image="7834" img_size="99x29" alignment="center"][vc_column_text el_class="letter-spacing-75" css=".vc_custom_1448462128500{margin-top: 55px !important;margin-bottom: 55px !important;padding-right: 20px !important;}"]
<p style="text-align: center;"><span style="color: #837f85;">Lorem ipsum dolor sit amet, consectetuer adipiscing elit, sed diam nonum my nibh euismod tincidun</span>t.</p>
[/vc_column_text][kleo_button title="PURCHASE NOW KLEO" href="themeforest.net/item/kleo-next-level-wordpress-theme/6776630?ref=SeventhQueen" target="_blank" style="custom" font_size="14px" font_weight="700" uppercase="yes" size="xxl" special="no" border="no" icon="0" custom_background="#4b3e4f" custom_text="#ffffff"][kleo_gap][kleo_icon icon="facebook" href="#" padding="15px" icon_color="#ff5e5e"][kleo_icon icon="twitter" href="#" padding="15px" icon_color="#ff5e5e"][kleo_icon icon="gplus" href="#" padding="15px" icon_color="#ff5e5e"][/vc_column][/vc_row]]]></content:encoded>
        <excerpt:encoded><![CDATA[]]></excerpt:encoded>
        <wp:post_id>7805</wp:post_id>
        <wp:post_date><![CDATA[2015-11-20 10:44:49]]></wp:post_date>
        <wp:post_date_gmt><![CDATA[2015-11-20 10:44:49]]></wp:post_date_gmt>
        <wp:comment_status><![CDATA[closed]]></wp:comment_status>
        <wp:ping_status><![CDATA[closed]]></wp:ping_status>
        <wp:post_name><![CDATA[home-company]]></wp:post_name>
        <wp:status><![CDATA[publish]]></wp:status>
        <wp:post_parent>0</wp:post_parent>
        <wp:menu_order>0</wp:menu_order>
        <wp:post_type><![CDATA[page]]></wp:post_type>
        <wp:post_password><![CDATA[]]></wp:post_password>
        <wp:is_sticky>0</wp:is_sticky>
        <wp:postmeta>
            <wp:meta_key><![CDATA[_vc_post_settings]]></wp:meta_key>
            <wp:meta_value><![CDATA[a:1:{s:10:"vc_grid_id";a:0:{}}]]></wp:meta_value>
        </wp:postmeta>
        <wp:postmeta>
            <wp:meta_key><![CDATA[_wpb_shortcodes_custom_css]]></wp:meta_key>
            <wp:meta_value><![CDATA[.vc_custom_1454252652306{background-image: url(http://seventhqueen.com/demo/kleo/wp-content/uploads/2016/01/first_section_white_triangle.png?id=7829) !important;background-position: 0 0 !important;background-repeat: no-repeat !important;}.vc_custom_1454252732470{margin-left: -1280px !important;background-image: url(http://seventhqueen.com/demo/kleo/wp-content/uploads/2016/01/pink_triangle.png?id=7832) !important;background-position: 0 0 !important;background-repeat: no-repeat !important;}.vc_custom_1454016466712{margin-left: -18px !important;background-color: #ff5e5e !important;}.vc_custom_1448295547307{padding-top: 124px !important;}.vc_custom_1454070037846{padding-bottom: 30px !important;}.vc_custom_1448375365223{margin-bottom: 120px !important;padding-top: 65px !important;}.vc_custom_1448468586245{padding-right: 0px !important;padding-left: 0px !important;}.vc_custom_1454069908669{padding-top: 5px !important;}.vc_custom_1453990808036{padding-top: 10px !important;padding-right: 95px !important;padding-bottom: 30px !important;padding-left: 95px !important;}.vc_custom_1456321007162{background-image: url(http://seventhqueen.com/demo/kleo/wp-content/uploads/2016/01/services_003.jpg?id=7824) !important;background-position: center !important;background-repeat: no-repeat !important;background-size: cover !important;}.vc_custom_1456321017164{background-image: url(http://seventhqueen.com/demo/kleo/wp-content/uploads/2016/01/services_001.jpg?id=7826) !important;background-position: center !important;background-repeat: no-repeat !important;background-size: cover !important;}.vc_custom_1456321023266{background-image: url(http://seventhqueen.com/demo/kleo/wp-content/uploads/2016/01/services_002.jpg?id=7827) !important;background-position: center !important;background-repeat: no-repeat !important;background-size: cover !important;}.vc_custom_1454141384798{margin-bottom: 0px !important;}.vc_custom_1454141384798{margin-bottom: 0px !important;}.vc_custom_1454141384798{margin-bottom: 0px !important;}.vc_custom_1454102684562{margin-top: 10px !important;margin-bottom: 40px !important;padding-right: 20px !important;}.vc_custom_1454252882834{padding-top: 85px !important;padding-right: 85px !important;padding-bottom: 85px !important;padding-left: 85px !important;background: #ffffff url(http://seventhqueen.com/demo/kleo/wp-content/uploads/2016/01/top_section_twin.jpg?id=7828) !important;background-position: center !important;background-repeat: no-repeat !important;background-size: cover !important;}.vc_custom_1454106163912{margin-top: 55px !important;margin-bottom: 55px !important;padding-right: 20px !important;}.vc_custom_1454253005565{margin-left: -1280px !important;background-image: url(http://seventhqueen.com/demo/kleo/wp-content/uploads/2016/01/dark-blue-triangle.png?id=7831) !important;background-position: 0 0 !important;background-repeat: no-repeat !important;}.vc_custom_1448378983234{margin-top: 0px !important;margin-bottom: 150px !important;}.vc_custom_1454253527694{background-image: url(http://seventhqueen.com/demo/kleo/wp-content/uploads/2016/01/map.png?id=7837) !important;background-position: 0 0 !important;background-repeat: no-repeat !important;}.vc_custom_1454252950884{padding-top: 85px !important;padding-right: 85px !important;padding-bottom: 85px !important;padding-left: 85px !important;background: #ffffff url(http://seventhqueen.com/demo/kleo/wp-content/uploads/2015/11/bottom_section_twin.jpg?id=7843) !important;background-position: center !important;background-repeat: no-repeat !important;background-size: cover !important;}.vc_custom_1454103440311{margin-top: 55px !important;margin-bottom: 55px !important;padding-right: 20px !important;}.vc_custom_1454105867509{margin-top: 55px !important;margin-bottom: 55px !important;padding-right: 20px !important;}.vc_custom_1448453382892{padding-right: 0px !important;padding-left: 0px !important;}.vc_custom_1454253182707{padding-right: 0px !important;padding-left: 0px !important;background-color: #ffffff !important;}.vc_custom_1454113381885{background-color: #fe6c61 !important;}.vc_custom_1454268365190{margin-top: 50px !important;margin-right: 40px !important;margin-bottom: 50px !important;margin-left: 40px !important;}.vc_custom_1454253476334{margin-bottom: 0px !important;padding-top: 0px !important;padding-bottom: 0px !important;}.vc_custom_1448465801262{padding-top: 130px !important;}.vc_custom_1454253597692{margin-left: -1280px !important;background-image: url(http://seventhqueen.com/demo/kleo/wp-content/uploads/2016/01/dark-pink_triangle.png?id=7833) !important;background-position: 0 0 !important;background-repeat: no-repeat !important;}.vc_custom_1448460356532{margin-top: 55px !important;margin-bottom: 55px !important;padding-right: 20px !important;}.vc_custom_1448462128500{margin-top: 55px !important;margin-bottom: 55px !important;padding-right: 20px !important;}]]></wp:meta_value>
        </wp:postmeta>
        <wp:postmeta>
            <wp:meta_key><![CDATA[_vc_post_settings]]></wp:meta_key>
            <wp:meta_value><![CDATA[a:1:{s:10:"vc_grid_id";a:0:{}}]]></wp:meta_value>
        </wp:postmeta>
        <wp:postmeta>
            <wp:meta_key><![CDATA[_wpb_shortcodes_custom_css]]></wp:meta_key>
            <wp:meta_value><![CDATA[.vc_custom_1454252652306{background-image: url(http://seventhqueen.com/demo/kleo/wp-content/uploads/2016/01/first_section_white_triangle.png?id=7829) !important;background-position: 0 0 !important;background-repeat: no-repeat !important;}.vc_custom_1454252732470{margin-left: -1280px !important;background-image: url(http://seventhqueen.com/demo/kleo/wp-content/uploads/2016/01/pink_triangle.png?id=7832) !important;background-position: 0 0 !important;background-repeat: no-repeat !important;}.vc_custom_1454016466712{margin-left: -18px !important;background-color: #ff5e5e !important;}.vc_custom_1448295547307{padding-top: 124px !important;}.vc_custom_1454070037846{padding-bottom: 30px !important;}.vc_custom_1448375365223{margin-bottom: 120px !important;padding-top: 65px !important;}.vc_custom_1448468586245{padding-right: 0px !important;padding-left: 0px !important;}.vc_custom_1454069908669{padding-top: 5px !important;}.vc_custom_1453990808036{padding-top: 10px !important;padding-right: 95px !important;padding-bottom: 30px !important;padding-left: 95px !important;}.vc_custom_1456321007162{background-image: url(http://seventhqueen.com/demo/kleo/wp-content/uploads/2016/01/services_003.jpg?id=7824) !important;background-position: center !important;background-repeat: no-repeat !important;background-size: cover !important;}.vc_custom_1456321017164{background-image: url(http://seventhqueen.com/demo/kleo/wp-content/uploads/2016/01/services_001.jpg?id=7826) !important;background-position: center !important;background-repeat: no-repeat !important;background-size: cover !important;}.vc_custom_1456321023266{background-image: url(http://seventhqueen.com/demo/kleo/wp-content/uploads/2016/01/services_002.jpg?id=7827) !important;background-position: center !important;background-repeat: no-repeat !important;background-size: cover !important;}.vc_custom_1454141384798{margin-bottom: 0px !important;}.vc_custom_1454141384798{margin-bottom: 0px !important;}.vc_custom_1454141384798{margin-bottom: 0px !important;}.vc_custom_1454102684562{margin-top: 10px !important;margin-bottom: 40px !important;padding-right: 20px !important;}.vc_custom_1454252882834{padding-top: 85px !important;padding-right: 85px !important;padding-bottom: 85px !important;padding-left: 85px !important;background: #ffffff url(http://seventhqueen.com/demo/kleo/wp-content/uploads/2016/01/top_section_twin.jpg?id=7828) !important;background-position: center !important;background-repeat: no-repeat !important;background-size: cover !important;}.vc_custom_1454106163912{margin-top: 55px !important;margin-bottom: 55px !important;padding-right: 20px !important;}.vc_custom_1454253005565{margin-left: -1280px !important;background-image: url(http://seventhqueen.com/demo/kleo/wp-content/uploads/2016/01/dark-blue-triangle.png?id=7831) !important;background-position: 0 0 !important;background-repeat: no-repeat !important;}.vc_custom_1448378983234{margin-top: 0px !important;margin-bottom: 150px !important;}.vc_custom_1454253527694{background-image: url(http://seventhqueen.com/demo/kleo/wp-content/uploads/2016/01/map.png?id=7837) !important;background-position: 0 0 !important;background-repeat: no-repeat !important;}.vc_custom_1454252950884{padding-top: 85px !important;padding-right: 85px !important;padding-bottom: 85px !important;padding-left: 85px !important;background: #ffffff url(http://seventhqueen.com/demo/kleo/wp-content/uploads/2015/11/bottom_section_twin.jpg?id=7843) !important;background-position: center !important;background-repeat: no-repeat !important;background-size: cover !important;}.vc_custom_1454103440311{margin-top: 55px !important;margin-bottom: 55px !important;padding-right: 20px !important;}.vc_custom_1454105867509{margin-top: 55px !important;margin-bottom: 55px !important;padding-right: 20px !important;}.vc_custom_1448453382892{padding-right: 0px !important;padding-left: 0px !important;}.vc_custom_1454253182707{padding-right: 0px !important;padding-left: 0px !important;background-color: #ffffff !important;}.vc_custom_1454113381885{background-color: #fe6c61 !important;}.vc_custom_1454268365190{margin-top: 50px !important;margin-right: 40px !important;margin-bottom: 50px !important;margin-left: 40px !important;}.vc_custom_1454253476334{margin-bottom: 0px !important;padding-top: 0px !important;padding-bottom: 0px !important;}.vc_custom_1448465801262{padding-top: 130px !important;}.vc_custom_1454253597692{margin-left: -1280px !important;background-image: url(http://seventhqueen.com/demo/kleo/wp-content/uploads/2016/01/dark-pink_triangle.png?id=7833) !important;background-position: 0 0 !important;background-repeat: no-repeat !important;}.vc_custom_1448460356532{margin-top: 55px !important;margin-bottom: 55px !important;padding-right: 20px !important;}.vc_custom_1448462128500{margin-top: 55px !important;margin-bottom: 55px !important;padding-right: 20px !important;}]]></wp:meta_value>
        </wp:postmeta>
        <wp:postmeta>
            <wp:meta_key><![CDATA[_wp_page_template]]></wp:meta_key>
            <wp:meta_value><![CDATA[page-templates/full-width.php]]></wp:meta_value>
        </wp:postmeta>
        <wp:postmeta>
            <wp:meta_key><![CDATA[_wpb_vc_js_status]]></wp:meta_key>
            <wp:meta_value><![CDATA[false]]></wp:meta_value>
        </wp:postmeta>
        <wp:postmeta>
            <wp:meta_key><![CDATA[_edit_last]]></wp:meta_key>
            <wp:meta_value><![CDATA[1]]></wp:meta_value>
        </wp:postmeta>
        <wp:postmeta>
            <wp:meta_key><![CDATA[_vc_post_settings]]></wp:meta_key>
            <wp:meta_value><![CDATA[a:1:{s:10:"vc_grid_id";a:0:{}}]]></wp:meta_value>
        </wp:postmeta>
        <wp:postmeta>
            <wp:meta_key><![CDATA[_kleo_topbar_status]]></wp:meta_key>
            <wp:meta_value><![CDATA[0]]></wp:meta_value>
        </wp:postmeta>
        <wp:postmeta>
            <wp:meta_key><![CDATA[_kleo_title_checkbox]]></wp:meta_key>
            <wp:meta_value><![CDATA[1]]></wp:meta_value>
        </wp:postmeta>
        <wp:postmeta>
            <wp:meta_key><![CDATA[_kleo_hide_breadcrumb]]></wp:meta_key>
            <wp:meta_value><![CDATA[1]]></wp:meta_value>
        </wp:postmeta>
        <wp:postmeta>
            <wp:meta_key><![CDATA[_kleo_transparent_menu_color]]></wp:meta_key>
            <wp:meta_value><![CDATA[black]]></wp:meta_value>
        </wp:postmeta>
        <wp:postmeta>
            <wp:meta_key><![CDATA[_kleo_post_media_status]]></wp:meta_key>
            <wp:meta_value><![CDATA[0]]></wp:meta_value>
        </wp:postmeta>
        <wp:postmeta>
            <wp:meta_key><![CDATA[_kleo_hide_shop_icon]]></wp:meta_key>
            <wp:meta_value><![CDATA[1]]></wp:meta_value>
        </wp:postmeta>
        <wp:postmeta>
            <wp:meta_key><![CDATA[_kleo_hide_search_icon]]></wp:meta_key>
            <wp:meta_value><![CDATA[1]]></wp:meta_value>
        </wp:postmeta>
        <wp:postmeta>
            <wp:meta_key><![CDATA[_kleo_hide_info]]></wp:meta_key>
            <wp:meta_value><![CDATA[1]]></wp:meta_value>
        </wp:postmeta>
        <wp:postmeta>
            <wp:meta_key><![CDATA[_kleo_transparent_menu]]></wp:meta_key>
            <wp:meta_value><![CDATA[1]]></wp:meta_value>
        </wp:postmeta>
        <wp:postmeta>
            <wp:meta_key><![CDATA[_wpb_shortcodes_custom_css]]></wp:meta_key>
            <wp:meta_value><![CDATA[.vc_custom_1454252652306{background-image: url(http://seventhqueen.com/demo/kleo/wp-content/uploads/2016/01/first_section_white_triangle.png?id=7829) !important;background-position: 0 0 !important;background-repeat: no-repeat !important;}.vc_custom_1454252732470{margin-left: -1280px !important;background-image: url(http://seventhqueen.com/demo/kleo/wp-content/uploads/2016/01/pink_triangle.png?id=7832) !important;background-position: 0 0 !important;background-repeat: no-repeat !important;}.vc_custom_1454016466712{margin-left: -18px !important;background-color: #ff5e5e !important;}.vc_custom_1448295547307{padding-top: 124px !important;}.vc_custom_1454070037846{padding-bottom: 30px !important;}.vc_custom_1448375365223{margin-bottom: 120px !important;padding-top: 65px !important;}.vc_custom_1448468586245{padding-right: 0px !important;padding-left: 0px !important;}.vc_custom_1454069908669{padding-top: 5px !important;}.vc_custom_1453990808036{padding-top: 10px !important;padding-right: 95px !important;padding-bottom: 30px !important;padding-left: 95px !important;}.vc_custom_1456321007162{background-image: url(http://seventhqueen.com/demo/kleo/wp-content/uploads/2016/01/services_003.jpg?id=7824) !important;background-position: center !important;background-repeat: no-repeat !important;background-size: cover !important;}.vc_custom_1456321017164{background-image: url(http://seventhqueen.com/demo/kleo/wp-content/uploads/2016/01/services_001.jpg?id=7826) !important;background-position: center !important;background-repeat: no-repeat !important;background-size: cover !important;}.vc_custom_1456321023266{background-image: url(http://seventhqueen.com/demo/kleo/wp-content/uploads/2016/01/services_002.jpg?id=7827) !important;background-position: center !important;background-repeat: no-repeat !important;background-size: cover !important;}.vc_custom_1454141384798{margin-bottom: 0px !important;}.vc_custom_1454141384798{margin-bottom: 0px !important;}.vc_custom_1454141384798{margin-bottom: 0px !important;}.vc_custom_1454102684562{margin-top: 10px !important;margin-bottom: 40px !important;padding-right: 20px !important;}.vc_custom_1454252882834{padding-top: 85px !important;padding-right: 85px !important;padding-bottom: 85px !important;padding-left: 85px !important;background: #ffffff url(http://seventhqueen.com/demo/kleo/wp-content/uploads/2016/01/top_section_twin.jpg?id=7828) !important;background-position: center !important;background-repeat: no-repeat !important;background-size: cover !important;}.vc_custom_1454106163912{margin-top: 55px !important;margin-bottom: 55px !important;padding-right: 20px !important;}.vc_custom_1454253005565{margin-left: -1280px !important;background-image: url(http://seventhqueen.com/demo/kleo/wp-content/uploads/2016/01/dark-blue-triangle.png?id=7831) !important;background-position: 0 0 !important;background-repeat: no-repeat !important;}.vc_custom_1448378983234{margin-top: 0px !important;margin-bottom: 150px !important;}.vc_custom_1454253527694{background-image: url(http://seventhqueen.com/demo/kleo/wp-content/uploads/2016/01/map.png?id=7837) !important;background-position: 0 0 !important;background-repeat: no-repeat !important;}.vc_custom_1454252950884{padding-top: 85px !important;padding-right: 85px !important;padding-bottom: 85px !important;padding-left: 85px !important;background: #ffffff url(http://seventhqueen.com/demo/kleo/wp-content/uploads/2015/11/bottom_section_twin.jpg?id=7843) !important;background-position: center !important;background-repeat: no-repeat !important;background-size: cover !important;}.vc_custom_1454103440311{margin-top: 55px !important;margin-bottom: 55px !important;padding-right: 20px !important;}.vc_custom_1454105867509{margin-top: 55px !important;margin-bottom: 55px !important;padding-right: 20px !important;}.vc_custom_1448453382892{padding-right: 0px !important;padding-left: 0px !important;}.vc_custom_1454253182707{padding-right: 0px !important;padding-left: 0px !important;background-color: #ffffff !important;}.vc_custom_1454113381885{background-color: #fe6c61 !important;}.vc_custom_1454268365190{margin-top: 50px !important;margin-right: 40px !important;margin-bottom: 50px !important;margin-left: 40px !important;}.vc_custom_1454253476334{margin-bottom: 0px !important;padding-top: 0px !important;padding-bottom: 0px !important;}.vc_custom_1448465801262{padding-top: 130px !important;}.vc_custom_1454253597692{margin-left: -1280px !important;background-image: url(http://seventhqueen.com/demo/kleo/wp-content/uploads/2016/01/dark-pink_triangle.png?id=7833) !important;background-position: 0 0 !important;background-repeat: no-repeat !important;}.vc_custom_1448460356532{margin-top: 55px !important;margin-bottom: 55px !important;padding-right: 20px !important;}.vc_custom_1448462128500{margin-top: 55px !important;margin-bottom: 55px !important;padding-right: 20px !important;}]]></wp:meta_value>
        </wp:postmeta>
        <wp:postmeta>
            <wp:meta_key><![CDATA[_oembed_1693a1274eec43b88c6c16ad11d5758d]]></wp:meta_key>
            <wp:meta_value><![CDATA[{{unknown}}]]></wp:meta_value>
        </wp:postmeta>
        <wp:postmeta>
            <wp:meta_key><![CDATA[_oembed_b0297e332eb308a15fcb8ea764c63e33]]></wp:meta_key>
            <wp:meta_value><![CDATA[<iframe width="1200" height="900" src="https://www.youtube.com/embed/JCfAGSkhggQ?feature=oembed&amp;wmode=opaque&amp;showinfo=0" style="border: none" allowfullscreen></iframe>]]></wp:meta_value>
        </wp:postmeta>
        <wp:postmeta>
            <wp:meta_key><![CDATA[_oembed_time_b0297e332eb308a15fcb8ea764c63e33]]></wp:meta_key>
            <wp:meta_value><![CDATA[1448373357]]></wp:meta_value>
        </wp:postmeta>
        <wp:postmeta>
            <wp:meta_key><![CDATA[_oembed_495fa6eb9a4c32c772f6d7b06bad0722]]></wp:meta_key>
            <wp:meta_value><![CDATA[<iframe width="1200" height="675" src="https://www.youtube.com/embed/tAhEgg1Kyxk?feature=oembed&amp;wmode=opaque&amp;showinfo=0" style="border: none" allowfullscreen></iframe>]]></wp:meta_value>
        </wp:postmeta>
        <wp:postmeta>
            <wp:meta_key><![CDATA[_oembed_time_495fa6eb9a4c32c772f6d7b06bad0722]]></wp:meta_key>
            <wp:meta_value><![CDATA[1454148601]]></wp:meta_value>
        </wp:postmeta>
        <wp:postmeta>
            <wp:meta_key><![CDATA[_oembed_af3d16ddfbe269d9e36c4e82dab7d897]]></wp:meta_key>
            <wp:meta_value><![CDATA[<iframe src="https://player.vimeo.com/video/17574435" width="1200" height="675"style="border: none" title="Google eBooks" webkitallowfullscreen mozallowfullscreen allowfullscreen></iframe>]]></wp:meta_value>
        </wp:postmeta>
        <wp:postmeta>
            <wp:meta_key><![CDATA[_oembed_time_af3d16ddfbe269d9e36c4e82dab7d897]]></wp:meta_key>
            <wp:meta_value><![CDATA[1454148890]]></wp:meta_value>
        </wp:postmeta>
        <wp:postmeta>
            <wp:meta_key><![CDATA[slide_template]]></wp:meta_key>
            <wp:meta_value><![CDATA[]]></wp:meta_value>
        </wp:postmeta>
        <wp:postmeta>
            <wp:meta_key><![CDATA[sq_import]]></wp:meta_key>
            <wp:meta_value><![CDATA[1]]></wp:meta_value>
        </wp:postmeta>
        <wp:postmeta>
            <wp:meta_key><![CDATA[sq_domain]]></wp:meta_key>
            <wp:meta_value><![CDATA[https://seventhqueen.com/demo/kleo]]></wp:meta_value>
        </wp:postmeta>
        <wp:postmeta>
            <wp:meta_key><![CDATA[sq_img_data]]></wp:meta_key>
            <wp:meta_value><![CDATA[a:8:{i:7823;s:97:"https://seventhqueen.com/demo/kleo/wp-content/uploads/2016/01/1st_section_pink_under_triangle.jpg";i:7822;s:72:"https://seventhqueen.com/demo/kleo/wp-content/uploads/2016/01/kleo_o.png";i:7825;s:88:"https://seventhqueen.com/demo/kleo/wp-content/uploads/2016/01/2nd_section_background.jpg";i:7830;s:88:"https://seventhqueen.com/demo/kleo/wp-content/uploads/2016/01/3rd_section_background.jpg";i:7836;s:81:"https://seventhqueen.com/demo/kleo/wp-content/uploads/2016/01/profile_picture.jpg";i:7838;s:87:"https://seventhqueen.com/demo/kleo/wp-content/uploads/2016/01/try_it_now_background.jpg";i:7835;s:83:"https://seventhqueen.com/demo/kleo/wp-content/uploads/2016/01/footer_background.jpg";i:7834;s:82:"https://seventhqueen.com/demo/kleo/wp-content/uploads/2016/01/kleo_logo_footer.png";}]]></wp:meta_value>
        </wp:postmeta>
        <wp:postmeta>
            <wp:meta_key><![CDATA[sq_attach]]></wp:meta_key>
            <wp:meta_value><![CDATA[a:18:{i:7822;s:72:"https://seventhqueen.com/demo/kleo/wp-content/uploads/2016/01/kleo_o.png";i:7823;s:97:"https://seventhqueen.com/demo/kleo/wp-content/uploads/2016/01/1st_section_pink_under_triangle.jpg";i:7824;s:78:"https://seventhqueen.com/demo/kleo/wp-content/uploads/2016/01/services_003.jpg";i:7825;s:88:"https://seventhqueen.com/demo/kleo/wp-content/uploads/2016/01/2nd_section_background.jpg";i:7826;s:78:"https://seventhqueen.com/demo/kleo/wp-content/uploads/2016/01/services_001.jpg";i:7827;s:78:"https://seventhqueen.com/demo/kleo/wp-content/uploads/2016/01/services_002.jpg";i:7828;s:82:"https://seventhqueen.com/demo/kleo/wp-content/uploads/2016/01/top_section_twin.jpg";i:7829;s:94:"https://seventhqueen.com/demo/kleo/wp-content/uploads/2016/01/first_section_white_triangle.png";i:7830;s:88:"https://seventhqueen.com/demo/kleo/wp-content/uploads/2016/01/3rd_section_background.jpg";i:7831;s:84:"https://seventhqueen.com/demo/kleo/wp-content/uploads/2016/01/dark-blue-triangle.png";i:7832;s:79:"https://seventhqueen.com/demo/kleo/wp-content/uploads/2016/01/pink_triangle.png";i:7833;s:84:"https://seventhqueen.com/demo/kleo/wp-content/uploads/2016/01/dark-pink_triangle.png";i:7834;s:82:"https://seventhqueen.com/demo/kleo/wp-content/uploads/2016/01/kleo_logo_footer.png";i:7835;s:83:"https://seventhqueen.com/demo/kleo/wp-content/uploads/2016/01/footer_background.jpg";i:7836;s:81:"https://seventhqueen.com/demo/kleo/wp-content/uploads/2016/01/profile_picture.jpg";i:7837;s:69:"https://seventhqueen.com/demo/kleo/wp-content/uploads/2016/01/map.png";i:7838;s:87:"https://seventhqueen.com/demo/kleo/wp-content/uploads/2016/01/try_it_now_background.jpg";i:7843;s:85:"https://seventhqueen.com/demo/kleo/wp-content/uploads/2015/11/bottom_section_twin.jpg";}]]></wp:meta_value>
        </wp:postmeta>
        <wp:postmeta>
            <wp:meta_key><![CDATA[sq_base]]></wp:meta_key>
            <wp:meta_value><![CDATA[https://seventhqueen.com/demo/kleo/wp-content/uploads]]></wp:meta_value>
        </wp:postmeta>
    </item>
    <item>
        <title>Default sign-up form</title>
        <link>https://seventhqueen.com/themes/kleo/blog/mc4wp-form/default-sign-up-form/</link>
        <pubDate>Tue, 17 Jan 2017 20:24:18 +0000</pubDate>
        <dc:creator><![CDATA[kleoadmin]]></dc:creator>
        <guid isPermaLink="false">http://seventhqueen.com/themes/kleo/mc4wp-form/default-sign-up-form/</guid>
        <description></description>
        <content:encoded><![CDATA[<div class="form-inline">
<input type="email" id="mc4wp_email" class="input-lg" name="EMAIL" placeholder="Your email address" required />
<a class="btn btn-highlight btn-lg form-submit">SUBSCRIBE</a>
</div>]]></content:encoded>
        <excerpt:encoded><![CDATA[]]></excerpt:encoded>
        <wp:post_id>8595</wp:post_id>
        <wp:post_date><![CDATA[2017-01-17 22:24:18]]></wp:post_date>
        <wp:post_date_gmt><![CDATA[2017-01-17 20:24:18]]></wp:post_date_gmt>
        <wp:comment_status><![CDATA[closed]]></wp:comment_status>
        <wp:ping_status><![CDATA[closed]]></wp:ping_status>
        <wp:post_name><![CDATA[default-sign-up-form]]></wp:post_name>
        <wp:status><![CDATA[publish]]></wp:status>
        <wp:post_parent>0</wp:post_parent>
        <wp:menu_order>0</wp:menu_order>
        <wp:post_type><![CDATA[mc4wp-form]]></wp:post_type>
        <wp:post_password><![CDATA[]]></wp:post_password>
        <wp:is_sticky>0</wp:is_sticky>
        <wp:postmeta>
            <wp:meta_key><![CDATA[_mc4wp_settings]]></wp:meta_key>
            <wp:meta_value><![CDATA[a:8:{s:3:"css";s:1:"0";s:12:"double_optin";s:1:"1";s:8:"redirect";s:0:"";s:18:"hide_after_success";s:1:"0";s:15:"required_fields";s:5:"EMAIL";s:5:"lists";a:1:{i:0;s:10:"83bd2b8370";}s:15:"update_existing";s:1:"0";s:17:"replace_interests";s:1:"1";}]]></wp:meta_value>
        </wp:postmeta>
        <wp:postmeta>
            <wp:meta_key><![CDATA[text_subscribed]]></wp:meta_key>
            <wp:meta_value><![CDATA[Thank you, your sign-up request was successful! Please check your e-mail inbox.]]></wp:meta_value>
        </wp:postmeta>
        <wp:postmeta>
            <wp:meta_key><![CDATA[text_error]]></wp:meta_key>
            <wp:meta_value><![CDATA[Oops. Something went wrong. Please try again later.]]></wp:meta_value>
        </wp:postmeta>
        <wp:postmeta>
            <wp:meta_key><![CDATA[text_invalid_email]]></wp:meta_key>
            <wp:meta_value><![CDATA[Please provide a valid email address.]]></wp:meta_value>
        </wp:postmeta>
        <wp:postmeta>
            <wp:meta_key><![CDATA[text_already_subscribed]]></wp:meta_key>
            <wp:meta_value><![CDATA[Given email address is already subscribed, thank you!]]></wp:meta_value>
        </wp:postmeta>
        <wp:postmeta>
            <wp:meta_key><![CDATA[text_required_field_missing]]></wp:meta_key>
            <wp:meta_value><![CDATA[Please fill in the required fields.]]></wp:meta_value>
        </wp:postmeta>
        <wp:postmeta>
            <wp:meta_key><![CDATA[_vc_post_settings]]></wp:meta_key>
            <wp:meta_value><![CDATA[a:1:{s:10:"vc_grid_id";a:0:{}}]]></wp:meta_value>
        </wp:postmeta>
        <wp:postmeta>
            <wp:meta_key><![CDATA[text_unsubscribed]]></wp:meta_key>
            <wp:meta_value><![CDATA[You were successfully unsubscribed.]]></wp:meta_value>
        </wp:postmeta>
        <wp:postmeta>
            <wp:meta_key><![CDATA[text_not_subscribed]]></wp:meta_key>
            <wp:meta_value><![CDATA[Given email address is not subscribed.]]></wp:meta_value>
        </wp:postmeta>
        <wp:postmeta>
            <wp:meta_key><![CDATA[text_no_lists_selected]]></wp:meta_key>
            <wp:meta_value><![CDATA[Please select at least one list.]]></wp:meta_value>
        </wp:postmeta>
        <wp:postmeta>
            <wp:meta_key><![CDATA[text_updated]]></wp:meta_key>
            <wp:meta_value><![CDATA[Thank you, your records have been updated!]]></wp:meta_value>
        </wp:postmeta>
        <wp:postmeta>
            <wp:meta_key><![CDATA[sq_import]]></wp:meta_key>
            <wp:meta_value><![CDATA[1]]></wp:meta_value>
        </wp:postmeta>
    </item>
</channel>
</rss>
