<?xml version="1.0" encoding="UTF-8" ?>
<!-- This is a WordPress eXtended RSS file generated by WordPress as an export of your site. -->
<!-- It contains information about your site's posts, pages, comments, categories, and other content. -->
<!-- You may use this file to transfer that content from one site to another. -->
<!-- This file is not intended to serve as a complete backup of your site. -->

<!-- To import this information into a WordPress site follow these steps: -->
<!-- 1. Log in to that site as an administrator. -->
<!-- 2. Go to Tools: Import in the WordPress admin panel. -->
<!-- 3. Install the "WordPress" importer from the list. -->
<!-- 4. Activate & Run Importer. -->
<!-- 5. Upload this file using the form provided on that page. -->
<!-- 6. You will first be asked to map the authors in this export file to users -->
<!--    on the site. For each author, you may choose to map to an -->
<!--    existing user on the site or to create a new user. -->
<!-- 7. WordPress will then import each of the posts, pages, comments, categories, etc. -->
<!--    contained in this file into your site. -->

<!-- generator="WordPress/5.2.4" created="2019-12-04 13:33" -->
<rss version="2.0"
	 xmlns:excerpt="http://wordpress.org/export/1.2/excerpt/"
	 xmlns:content="http://purl.org/rss/1.0/modules/content/"
	 xmlns:wfw="http://wellformedweb.org/CommentAPI/"
	 xmlns:dc="http://purl.org/dc/elements/1.1/"
	 xmlns:wp="http://wordpress.org/export/1.2/"
>

	<channel>
		<title>News Magazine</title>
		<link>https://seventhqueen.com/themes/kleo/news-magazine</link>
		<description>Just another Kleo Wordpress Theme site</description>
		<pubDate>Wed, 04 Dec 2019 13:33:52 +0000</pubDate>
		<language>en-US</language>
		<wp:wxr_version>1.2</wp:wxr_version>
		<wp:base_site_url>http://seventhqueen.com/themes/kleo/</wp:base_site_url>
		<wp:base_blog_url>https://seventhqueen.com/themes/kleo/news-magazine</wp:base_blog_url>

		<wp:author><wp:author_id>1</wp:author_id><wp:author_login><![CDATA[kleoadmin]]></wp:author_login><wp:author_email><![CDATA[themesupport@seventhqueen.com]]></wp:author_email><wp:author_display_name><![CDATA[Jonathan Doe]]></wp:author_display_name><wp:author_first_name><![CDATA[Jonathan]]></wp:author_first_name><wp:author_last_name><![CDATA[Doe]]></wp:author_last_name></wp:author>


		<generator>https://wordpress.org/?v=5.2.4</generator>

		<item>
			<title>News Magazine</title>
			<link>https://seventhqueen.com/themes/kleo/news-magazine/</link>
			<pubDate>Mon, 08 Jun 2015 10:36:09 +0000</pubDate>
			<dc:creator><![CDATA[kleoadmin]]></dc:creator>
			<guid isPermaLink="false">http://seventhqueen.com/themes/kleo/news-magzine/?page_id=2</guid>
			<description></description>
			<content:encoded><![CDATA[[vc_row inner_container="no" section_type="footer" padding_top="0" padding_bottom="0" bg_type="no_bg" bg_grad="background: -webkit-gradient(linear, left top, left bottom, color-stop(0%, #E3E3E3));background: -moz-linear-gradient(top,#E3E3E3 0%);background: -webkit-linear-gradient(top,#E3E3E3 0%);background: -o-linear-gradient(top,#E3E3E3 0%);background: -ms-linear-gradient(top,#E3E3E3 0%);background: linear-gradient(top,#E3E3E3 0%);" parallax_style="vcpb-default" bg_image_repeat="repeat" bg_image_size="cover" bg_img_attach="scroll" parallax_sense="30" animation_direction="left-animation" animation_repeat="repeat" video_opts="" viewport_vdo="off" enable_controls="off" bg_override="0" disable_on_mobile_img_parallax="off" parallax_content_sense="30" fadeout_start_effect="30" overlay_pattern_opacity="80" overlay_pattern_attachment="fixed" multi_color_overlay="" multi_color_overlay_opacity="60" seperator_type="none_seperator" seperator_position="top_seperator" seperator_shape_size="40" seperator_svg_height="60" seperator_shape_background="#ffffff" seperator_shape_border="none" seperator_shape_border_width="1" icon_type="no_icon" icon_size="32" icon_style="none" icon_color_border="#333333" icon_border_size="1" icon_border_radius="500" icon_border_spacing="50" img_width="48" ult_hide_row_large_screen="off" ult_hide_row_desktop="off" ult_hide_row_tablet="off" ult_hide_row_tablet_small="off" ult_hide_row_mobile="off" ult_hide_row_mobile_large="off"][vc_column css=".vc_custom_1570203711467{padding-right: 0px !important;padding-left: 0px !important;}"][rev_slider_vc alias="news-magazine"][/vc_column][/vc_row][vc_row inner_container="no" section_type="footer" padding_top="0" padding_bottom="0" bg_type="no_bg" parallax_style="vcpb-default" bg_image_repeat="repeat" bg_image_size="cover" bg_img_attach="scroll" parallax_sense="30" animation_direction="left-animation" animation_repeat="repeat" video_opts="" viewport_vdo="off" enable_controls="off" bg_override="0" disable_on_mobile_img_parallax="off" parallax_content_sense="30" fadeout_start_effect="30" overlay_pattern_opacity="80" overlay_pattern_attachment="fixed" multi_color_overlay="" multi_color_overlay_opacity="60" seperator_type="none_seperator" seperator_position="top_seperator" seperator_shape_size="40" seperator_svg_height="60" seperator_shape_background="#ffffff" seperator_shape_border="none" seperator_shape_border_width="1" icon_type="no_icon" icon_size="32" icon_style="none" icon_color_border="#333333" icon_border_size="1" icon_border_radius="500" icon_border_spacing="50" img_width="48" ult_hide_row_large_screen="off" ult_hide_row_desktop="off" ult_hide_row_tablet="off" ult_hide_row_tablet_small="off" ult_hide_row_mobile="off" ult_hide_row_mobile_large="off" bg_grad="background: -webkit-gradient(linear, left top, left bottom, color-stop(0%, #E3E3E3));background: -moz-linear-gradient(top,#E3E3E3 0%);background: -webkit-linear-gradient(top,#E3E3E3 0%);background: -o-linear-gradient(top,#E3E3E3 0%);background: -ms-linear-gradient(top,#E3E3E3 0%);background: linear-gradient(top,#E3E3E3 0%);"][vc_column][kleo_news_ticker posts_query="size:10|order_by:date|post_type:post|categories:4,3,5,17"][/vc_column][/vc_row][vc_row type="image" bg_cover="false" padding_top="60" padding_bottom="60" border="bottom" bg_type="no_bg" parallax_style="vcpb-default" bg_image_repeat="repeat" bg_image_size="initial" bg_img_attach="scroll" parallax_sense="30" animation_direction="left-animation" animation_repeat="repeat" video_opts="" viewport_vdo="off" enable_controls="off" bg_override="0" disable_on_mobile_img_parallax="off" parallax_content_sense="30" fadeout_start_effect="30" overlay_pattern_opacity="80" overlay_pattern_attachment="fixed" multi_color_overlay="" multi_color_overlay_opacity="60" seperator_type="none_seperator" seperator_position="top_seperator" seperator_shape_size="40" seperator_svg_height="60" seperator_shape_background="#ffffff" seperator_shape_border="none" seperator_shape_border_width="1" icon_type="no_icon" icon_size="32" icon_style="none" icon_color_border="#333333" icon_border_size="1" icon_border_radius="500" icon_border_spacing="50" img_width="48" ult_hide_row_large_screen="off" ult_hide_row_desktop="off" ult_hide_row_tablet="off" ult_hide_row_tablet_small="off" ult_hide_row_mobile="off" ult_hide_row_mobile_large="off" bg_grad="background: -webkit-gradient(linear, left top, left bottom, color-stop(0%, #E3E3E3));background: -moz-linear-gradient(top,#E3E3E3 0%);background: -webkit-linear-gradient(top,#E3E3E3 0%);background: -o-linear-gradient(top,#E3E3E3 0%);background: -ms-linear-gradient(top,#E3E3E3 0%);background: linear-gradient(top,#E3E3E3 0%);" bg_image="2888"][vc_column width="1/2"][kleo_news_focus name="ALL NEWS" posts_query="size:4|order_by:date|post_type:post|categories:2,3,5,17"][kleo_divider icon="0" text="SPONSORIZED PARTNERS"][kleo_gap size="30px"][vc_single_image image="2896" img_size="full"][vc_separator color="custom" accent_color="#e5e5e5"][vc_carousel layout="overlay" min_items="1" max_items="1" posts_query="size:10|order_by:date|categories:8"][/vc_column][vc_column width="1/4"][vc_posts_grid post_layout="standard" show_thumb="just_1" inline_meta="yes" ajax_post="" ajax_paged="" loop="size:2|order_by:date|post_type:post|categories:3,17"][/vc_column][vc_column width="1/4"][kleo_gap][vc_single_image image="2893" img_size="full" alignment="center"][vc_posts_grid post_layout="standard" show_thumb="just_1" show_meta="no" show_excerpt="no" show_footer="no" loop="size:4|order_by:date|categories:4,3,5,17"][/vc_column][/vc_row][vc_row section_type="footer" type="image" bg_cover="false" padding_top="60" padding_bottom="60" bg_type="no_bg" parallax_style="vcpb-default" bg_image_repeat="repeat" bg_image_size="cover" bg_img_attach="scroll" parallax_sense="30" animation_direction="left-animation" animation_repeat="repeat" video_opts="" viewport_vdo="off" enable_controls="off" bg_override="0" disable_on_mobile_img_parallax="off" parallax_content_sense="30" fadeout_start_effect="30" overlay_pattern_opacity="80" overlay_pattern_attachment="fixed" multi_color_overlay="" multi_color_overlay_opacity="60" seperator_type="none_seperator" seperator_position="top_seperator" seperator_shape_size="40" seperator_svg_height="60" seperator_shape_background="#ffffff" seperator_shape_border="none" seperator_shape_border_width="1" icon_type="no_icon" icon_size="32" icon_style="none" icon_color_border="#333333" icon_border_size="1" icon_border_radius="500" icon_border_spacing="50" img_width="48" ult_hide_row_large_screen="off" ult_hide_row_desktop="off" ult_hide_row_tablet="off" ult_hide_row_tablet_small="off" ult_hide_row_mobile="off" ult_hide_row_mobile_large="off" bg_grad="background: -webkit-gradient(linear, left top, left bottom, color-stop(0%, #E3E3E3));background: -moz-linear-gradient(top,#E3E3E3 0%);background: -webkit-linear-gradient(top,#E3E3E3 0%);background: -o-linear-gradient(top,#E3E3E3 0%);background: -ms-linear-gradient(top,#E3E3E3 0%);background: linear-gradient(top,#E3E3E3 0%);" bg_image="2887"][vc_column width="1/2"][kleo_news_focus name="LIFESTYLE" posts_query="size:4|order_by:date|post_type:post|categories:6,7,8"][vc_separator color="custom" accent_color="#333333"][vc_single_image image="2896" img_size="full"][vc_separator color="custom" accent_color="#333333"][vc_row_inner][vc_column_inner width="1/2"][vc_posts_grid post_layout="standard" show_thumb="just_1" inline_meta="yes" loop="size:2|order_by:date|categories:3,17"][/vc_column_inner][vc_column_inner width="1/2"][vc_posts_grid post_layout="standard" inline_meta="yes" loop="size:2|order_by:date|categories:2,5"][/vc_column_inner][/vc_row_inner][/vc_column][vc_column width="1/4" css=".vc_custom_1433891072109{background-color: #262626 !important;}"][kleo_gap][kleo_news_highlight featured="2" posts_query="size:10|order_by:date|post_type:post|categories:4,3,5"][/vc_column][vc_column width="1/4"][kleo_gap][kleo_news_highlight posts_query="size:1|order_by:date|post_type:post|categories:7"][vc_posts_grid post_layout="standard" show_thumb="just_3" show_meta="no" show_excerpt="no" show_footer="no" loop="size:5|order_by:date|categories:4,3,5,17"][/vc_column][/vc_row][vc_row inner_container="no" section_type="footer" padding_top="0" padding_bottom="0" el_class="no-margin-vc-elements" bg_type="no_bg" parallax_style="vcpb-default" bg_image_repeat="repeat" bg_image_size="cover" bg_img_attach="scroll" parallax_sense="30" animation_direction="left-animation" animation_repeat="repeat" video_opts="" viewport_vdo="off" enable_controls="off" bg_override="0" disable_on_mobile_img_parallax="off" parallax_content_sense="30" fadeout_start_effect="30" overlay_pattern_opacity="80" overlay_pattern_attachment="fixed" multi_color_overlay="" multi_color_overlay_opacity="60" seperator_type="none_seperator" seperator_position="top_seperator" seperator_shape_size="40" seperator_svg_height="60" seperator_shape_background="#ffffff" seperator_shape_border="none" seperator_shape_border_width="1" icon_type="no_icon" icon_size="32" icon_style="none" icon_color_border="#333333" icon_border_size="1" icon_border_radius="500" icon_border_spacing="50" img_width="48" ult_hide_row_large_screen="off" ult_hide_row_desktop="off" ult_hide_row_tablet="off" ult_hide_row_tablet_small="off" ult_hide_row_mobile="off" ult_hide_row_mobile_large="off" bg_grad="background: -webkit-gradient(linear, left top, left bottom, color-stop(0%, #E3E3E3));background: -moz-linear-gradient(top,#E3E3E3 0%);background: -webkit-linear-gradient(top,#E3E3E3 0%);background: -o-linear-gradient(top,#E3E3E3 0%);background: -ms-linear-gradient(top,#E3E3E3 0%);background: linear-gradient(top,#E3E3E3 0%);"][vc_column css=".vc_custom_1570203684847{padding-right: 0px !important;padding-left: 0px !important;}"][vc_basic_grid post_type="post" max_items="6" style="lazy" items_per_page="6" element_width="2" gap="0" item="mediaGrid_BorderedScaleWithTitle" grid_id="vc_gid:1575465809531-3f8c5d60-847b-2" taxonomies="2, 4, 5"][/vc_column][/vc_row][vc_row section_type="alternate" type="image" bg_cover="false" border="bottom" bg_type="no_bg" parallax_style="vcpb-default" bg_image_repeat="repeat" bg_image_size="cover" bg_img_attach="scroll" parallax_sense="30" animation_direction="left-animation" animation_repeat="repeat" video_opts="" viewport_vdo="off" enable_controls="off" bg_override="0" disable_on_mobile_img_parallax="off" parallax_content_sense="30" fadeout_start_effect="30" overlay_pattern_opacity="80" overlay_pattern_attachment="fixed" multi_color_overlay="" multi_color_overlay_opacity="60" seperator_type="none_seperator" seperator_position="top_seperator" seperator_shape_size="40" seperator_svg_height="60" seperator_shape_background="#ffffff" seperator_shape_border="none" seperator_shape_border_width="1" icon_type="no_icon" icon_size="32" icon_style="none" icon_color_border="#333333" icon_border_size="1" icon_border_radius="500" icon_border_spacing="50" img_width="48" ult_hide_row_large_screen="off" ult_hide_row_desktop="off" ult_hide_row_tablet="off" ult_hide_row_tablet_small="off" ult_hide_row_mobile="off" ult_hide_row_mobile_large="off" bg_grad="background: -webkit-gradient(linear, left top, left bottom, color-stop(0%, #E3E3E3));background: -moz-linear-gradient(top,#E3E3E3 0%);background: -webkit-linear-gradient(top,#E3E3E3 0%);background: -o-linear-gradient(top,#E3E3E3 0%);background: -ms-linear-gradient(top,#E3E3E3 0%);background: linear-gradient(top,#E3E3E3 0%);" bg_image="2886"][vc_column width="1/2"][vc_row_inner][vc_column_inner width="1/2"][vc_posts_grid post_layout="standard" show_thumb="just_1" show_meta="no" show_excerpt="no" show_footer="no" loop="size:3|order_by:date|categories:2,4,3,5,17"][/vc_column_inner][vc_column_inner width="1/2"][vc_posts_grid post_layout="standard" show_thumb="just_1" show_meta="no" show_excerpt="no" show_footer="no" loop="size:3|order_by:date|categories:2,8,3,5"][/vc_column_inner][/vc_row_inner][/vc_column][vc_column width="1/2" css=".vc_custom_1433891463169{border-left-width: 1px !important;border-left-color: #e5e5e5 !important;border-left-style: solid !important;}"][kleo_gap size="27px"][vc_text_separator title="WEEK SUMMARY TITLES" title_align="separator_align_left" color="custom" accent_color="#e5e5e5"][vc_posts_grid post_layout="small" inline_meta="yes" show_footer="no" loop="size:4|order_by:date|categories:2,4"][/vc_column][/vc_row][vc_row type="image" bg_cover="false" bg_type="no_bg" parallax_style="vcpb-default" bg_image_repeat="repeat" bg_image_size="cover" bg_img_attach="scroll" parallax_sense="30" animation_direction="left-animation" animation_repeat="repeat" video_opts="" viewport_vdo="off" enable_controls="off" bg_override="0" disable_on_mobile_img_parallax="off" parallax_content_sense="30" fadeout_start_effect="30" overlay_pattern_opacity="80" overlay_pattern_attachment="fixed" multi_color_overlay="" multi_color_overlay_opacity="60" seperator_type="none_seperator" seperator_position="top_seperator" seperator_shape_size="40" seperator_svg_height="60" seperator_shape_background="#ffffff" seperator_shape_border="none" seperator_shape_border_width="1" icon_type="no_icon" icon_size="32" icon_style="none" icon_color_border="#333333" icon_border_size="1" icon_border_radius="500" icon_border_spacing="50" img_width="48" ult_hide_row_large_screen="off" ult_hide_row_desktop="off" ult_hide_row_tablet="off" ult_hide_row_tablet_small="off" ult_hide_row_mobile="off" ult_hide_row_mobile_large="off" bg_grad="background: -webkit-gradient(linear, left top, left bottom, color-stop(0%, #E3E3E3));background: -moz-linear-gradient(top,#E3E3E3 0%);background: -webkit-linear-gradient(top,#E3E3E3 0%);background: -o-linear-gradient(top,#E3E3E3 0%);background: -ms-linear-gradient(top,#E3E3E3 0%);background: linear-gradient(top,#E3E3E3 0%);" bg_image="2888"][vc_column width="1/4"][vc_posts_grid post_layout="standard" show_thumb="no" inline_meta="yes" show_excerpt="no" show_footer="no" loop="size:3|order_by:date|categories:4,3,17"][/vc_column][vc_column width="1/4"][vc_posts_grid post_layout="standard" show_thumb="no" inline_meta="yes" show_footer="no" loop="size:2|order_by:date|post_type:post|categories:6,2,5"][/vc_column][vc_column width="1/4"][vc_posts_grid post_layout="standard" show_thumb="no" inline_meta="yes" show_excerpt="no" show_footer="no" loop="size:3|order_by:date|categories:2,3,5"][/vc_column][vc_column width="1/4"][vc_posts_grid post_layout="standard" show_thumb="no" inline_meta="yes" show_excerpt="no" show_footer="no" loop="size:2|order_by:date|categories:4"][vc_posts_grid post_layout="standard" show_thumb="no" inline_meta="yes" show_footer="no" loop="size:1|order_by:date|categories:17"][/vc_column][/vc_row][vc_row bg_type="no_bg" parallax_style="vcpb-default" bg_image_repeat="repeat" bg_image_size="cover" bg_img_attach="scroll" parallax_sense="30" animation_direction="left-animation" animation_repeat="repeat" video_opts="" viewport_vdo="off" enable_controls="off" bg_override="0" disable_on_mobile_img_parallax="off" parallax_content_sense="30" fadeout_start_effect="30" overlay_pattern_opacity="80" overlay_pattern_attachment="fixed" multi_color_overlay="" multi_color_overlay_opacity="60" seperator_type="none_seperator" seperator_position="top_seperator" seperator_shape_size="40" seperator_svg_height="60" seperator_shape_background="#ffffff" seperator_shape_border="none" seperator_shape_border_width="1" icon_type="no_icon" icon_size="32" icon_style="none" icon_color_border="#333333" icon_border_size="1" icon_border_radius="500" icon_border_spacing="50" img_width="48" ult_hide_row_large_screen="off" ult_hide_row_desktop="off" ult_hide_row_tablet="off" ult_hide_row_tablet_small="off" ult_hide_row_mobile="off" ult_hide_row_mobile_large="off" bg_grad="background: -webkit-gradient(linear, left top, left bottom, color-stop(0%, #E3E3E3));background: -moz-linear-gradient(top,#E3E3E3 0%);background: -webkit-linear-gradient(top,#E3E3E3 0%);background: -o-linear-gradient(top,#E3E3E3 0%);background: -ms-linear-gradient(top,#E3E3E3 0%);background: linear-gradient(top,#E3E3E3 0%);"][vc_column][kleo_clients][/vc_column][/vc_row]]]></content:encoded>
			<excerpt:encoded><![CDATA[]]></excerpt:encoded>
			<wp:post_id>2</wp:post_id>
			<wp:post_date><![CDATA[2015-06-08 10:36:09]]></wp:post_date>
			<wp:post_date_gmt><![CDATA[2015-06-08 10:36:09]]></wp:post_date_gmt>
			<wp:comment_status><![CDATA[open]]></wp:comment_status>
			<wp:ping_status><![CDATA[closed]]></wp:ping_status>
			<wp:post_name><![CDATA[home-news-magazine]]></wp:post_name>
			<wp:status><![CDATA[publish]]></wp:status>
			<wp:post_parent>0</wp:post_parent>
			<wp:menu_order>0</wp:menu_order>
			<wp:post_type><![CDATA[page]]></wp:post_type>
			<wp:post_password><![CDATA[]]></wp:post_password>
			<wp:is_sticky>0</wp:is_sticky>
			<wp:postmeta>
				<wp:meta_key><![CDATA[_wp_page_template]]></wp:meta_key>
				<wp:meta_value><![CDATA[page-templates/full-width.php]]></wp:meta_value>
			</wp:postmeta>
			<wp:postmeta>
				<wp:meta_key><![CDATA[_edit_last]]></wp:meta_key>
				<wp:meta_value><![CDATA[1]]></wp:meta_value>
			</wp:postmeta>
			<wp:postmeta>
				<wp:meta_key><![CDATA[_kleo_transparent_menu_color]]></wp:meta_key>
				<wp:meta_value><![CDATA[white]]></wp:meta_value>
			</wp:postmeta>
			<wp:postmeta>
				<wp:meta_key><![CDATA[_kleo_title_color]]></wp:meta_key>
				<wp:meta_value><![CDATA[#]]></wp:meta_value>
			</wp:postmeta>
			<wp:postmeta>
				<wp:meta_key><![CDATA[_kleo_title_bg]]></wp:meta_key>
				<wp:meta_value><![CDATA[a:5:{s:3:"url";s:0:"";s:6:"repeat";s:6:"repeat";s:4:"size";s:7:"inherit";s:10:"attachment";s:6:"scroll";s:8:"position";s:8:"left top";}]]></wp:meta_value>
			</wp:postmeta>
			<wp:postmeta>
				<wp:meta_key><![CDATA[_kleo_title_bg_color]]></wp:meta_key>
				<wp:meta_value><![CDATA[#]]></wp:meta_value>
			</wp:postmeta>
			<wp:postmeta>
				<wp:meta_key><![CDATA[_kleo_page_menu]]></wp:meta_key>
				<wp:meta_value><![CDATA[default]]></wp:meta_value>
			</wp:postmeta>
			<wp:postmeta>
				<wp:meta_key><![CDATA[_wpb_vc_js_status]]></wp:meta_key>
				<wp:meta_value><![CDATA[true]]></wp:meta_value>
			</wp:postmeta>
			<wp:postmeta>
				<wp:meta_key><![CDATA[_vc_post_settings]]></wp:meta_key>
				<wp:meta_value><![CDATA[a:1:{s:10:"vc_grid_id";a:1:{s:10:"shortcodes";a:1:{s:29:"1575465809531-3f8c5d60-847b-2";a:3:{s:3:"tag";s:13:"vc_basic_grid";s:4:"atts";a:9:{s:9:"post_type";s:4:"post";s:9:"max_items";s:1:"6";s:5:"style";s:4:"lazy";s:14:"items_per_page";s:1:"6";s:13:"element_width";s:1:"2";s:3:"gap";s:1:"0";s:4:"item";s:32:"mediaGrid_BorderedScaleWithTitle";s:7:"grid_id";s:36:"vc_gid:1575465809531-3f8c5d60-847b-2";s:10:"taxonomies";s:7:"2, 4, 5";}s:7:"content";s:0:"";}}}}]]></wp:meta_value>
			</wp:postmeta>
			<wp:postmeta>
				<wp:meta_key><![CDATA[slide_template]]></wp:meta_key>
				<wp:meta_value><![CDATA[default]]></wp:meta_value>
			</wp:postmeta>
			<wp:postmeta>
				<wp:meta_key><![CDATA[_kleo_title_checkbox]]></wp:meta_key>
				<wp:meta_value><![CDATA[1]]></wp:meta_value>
			</wp:postmeta>
			<wp:postmeta>
				<wp:meta_key><![CDATA[_kleo_hide_breadcrumb]]></wp:meta_key>
				<wp:meta_value><![CDATA[1]]></wp:meta_value>
			</wp:postmeta>
			<wp:postmeta>
				<wp:meta_key><![CDATA[_kleo_hide_info]]></wp:meta_key>
				<wp:meta_value><![CDATA[1]]></wp:meta_value>
			</wp:postmeta>
			<wp:postmeta>
				<wp:meta_key><![CDATA[_kleo_topbar_status]]></wp:meta_key>
				<wp:meta_value><![CDATA[0]]></wp:meta_value>
			</wp:postmeta>
			<wp:postmeta>
				<wp:meta_key><![CDATA[_wpb_shortcodes_custom_css]]></wp:meta_key>
				<wp:meta_value><![CDATA[.vc_custom_1570203711467{padding-right: 0px !important;padding-left: 0px !important;}.vc_custom_1433891072109{background-color: #262626 !important;}.vc_custom_1570203684847{padding-right: 0px !important;padding-left: 0px !important;}.vc_custom_1433891463169{border-left-width: 1px !important;border-left-color: #e5e5e5 !important;border-left-style: solid !important;}]]></wp:meta_value>
			</wp:postmeta>
			<wp:postmeta>
				<wp:meta_key><![CDATA[_thumbnail_id]]></wp:meta_key>
				<wp:meta_value><![CDATA[2925]]></wp:meta_value>
			</wp:postmeta>
			<wp:postmeta>
				<wp:meta_key><![CDATA[_item_likes]]></wp:meta_key>
				<wp:meta_value><![CDATA[23]]></wp:meta_value>
			</wp:postmeta>
			<wp:postmeta>
				<wp:meta_key><![CDATA[_kleo_header_layout]]></wp:meta_key>
				<wp:meta_value><![CDATA[default]]></wp:meta_value>
			</wp:postmeta>
			<wp:postmeta>
				<wp:meta_key><![CDATA[_kleo_page_menu_secondary]]></wp:meta_key>
				<wp:meta_value><![CDATA[default]]></wp:meta_value>
			</wp:postmeta>
			<wp:postmeta>
				<wp:meta_key><![CDATA[sbg_selected_sidebar]]></wp:meta_key>
				<wp:meta_value><![CDATA[a:1:{i:0;s:1:"0";}]]></wp:meta_value>
			</wp:postmeta>
			<wp:postmeta>
				<wp:meta_key><![CDATA[sbg_selected_sidebar_replacement]]></wp:meta_key>
				<wp:meta_value><![CDATA[a:1:{i:0;s:1:"0";}]]></wp:meta_value>
			</wp:postmeta>
			<wp:postmeta>
				<wp:meta_key><![CDATA[sq_base]]></wp:meta_key>
				<wp:meta_value><![CDATA[https://seventhqueen.com/themes/kleo/news-magazine/wp-content/uploads/sites/7]]></wp:meta_value>
			</wp:postmeta>
			<wp:postmeta>
				<wp:meta_key><![CDATA[sq_import]]></wp:meta_key>
				<wp:meta_value><![CDATA[1]]></wp:meta_value>
			</wp:postmeta>
			<wp:postmeta>
				<wp:meta_key><![CDATA[sq_domain]]></wp:meta_key>
				<wp:meta_value><![CDATA[https://seventhqueen.com/themes/kleo/news-magazine]]></wp:meta_value>
			</wp:postmeta>
			<wp:postmeta>
				<wp:meta_key><![CDATA[sq_img_data]]></wp:meta_key>
				<wp:meta_value><![CDATA[a:5:{i:2888;s:119:"https://seventhqueen.com/themes/kleo/news-magazine/wp-content/uploads/sites/7/2015/06/news_pattern_for_main_section.png";i:2896;s:106:"https://seventhqueen.com/themes/kleo/news-magazine/wp-content/uploads/sites/7/2015/06/kleo_bannnner728.jpg";i:2893;s:108:"https://seventhqueen.com/themes/kleo/news-magazine/wp-content/uploads/sites/7/2015/06/kleo_banner_300@2x.png";i:2887;s:121:"https://seventhqueen.com/themes/kleo/news-magazine/wp-content/uploads/sites/7/2015/06/news_pattern_for_footer_section.png";i:2886;s:124:"https://seventhqueen.com/themes/kleo/news-magazine/wp-content/uploads/sites/7/2015/06/news_pattern_for_alternate_section.png";}]]></wp:meta_value>
			</wp:postmeta>
			<wp:postmeta>
				<wp:meta_key><![CDATA[sq_attach]]></wp:meta_key>
				<wp:meta_value><![CDATA[a:3:{i:2893;s:108:"https://seventhqueen.com/themes/kleo/news-magazine/wp-content/uploads/sites/7/2015/06/kleo_banner_300@2x.png";i:2896;s:106:"https://seventhqueen.com/themes/kleo/news-magazine/wp-content/uploads/sites/7/2015/06/kleo_bannnner728.jpg";i:2925;s:103:"https://seventhqueen.com/themes/kleo/news-magazine/wp-content/uploads/sites/7/2015/06/technology_05.jpg";}]]></wp:meta_value>
			</wp:postmeta>
		</item>
	</channel>
</rss>
