<?xml version="1.0" encoding="UTF-8" ?>
<!-- This is a WordPress eXtended RSS file generated by WordPress as an export of your site. -->
<!-- It contains information about your site's posts, pages, comments, categories, and other content. -->
<!-- You may use this file to transfer that content from one site to another. -->
<!-- This file is not intended to serve as a complete backup of your site. -->

<!-- To import this information into a WordPress site follow these steps: -->
<!-- 1. Log in to that site as an administrator. -->
<!-- 2. Go to Tools: Import in the WordPress admin panel. -->
<!-- 3. Install the "WordPress" importer from the list. -->
<!-- 4. Activate & Run Importer. -->
<!-- 5. Upload this file using the form provided on that page. -->
<!-- 6. You will first be asked to map the authors in this export file to users -->
<!--    on the site. For each author, you may choose to map to an -->
<!--    existing user on the site or to create a new user. -->
<!-- 7. WordPress will then import each of the posts, pages, comments, categories, etc. -->
<!--    contained in this file into your site. -->

<!-- generator="WordPress/4.0" created="2014-11-13 14:53" -->
<rss version="2.0"
	xmlns:excerpt="http://wordpress.org/export/1.2/excerpt/"
	xmlns:content="http://purl.org/rss/1.0/modules/content/"
	xmlns:wfw="http://wellformedweb.org/CommentAPI/"
	xmlns:dc="http://purl.org/dc/elements/1.1/"
	xmlns:wp="http://wordpress.org/export/1.2/"
>

<channel>
	<title>KLEO Template</title>
	<link>http://seventhqueen.com/demo/kleo</link>
	<description>Wordpress Premium Template</description>
	<pubDate>Thu, 13 Nov 2014 14:53:25 +0000</pubDate>
	<language>en-US</language>
	<wp:wxr_version>1.2</wp:wxr_version>
	<wp:base_site_url>http://seventhqueen.com/demo/kleo</wp:base_site_url>
	<wp:base_blog_url>http://seventhqueen.com/demo/kleo</wp:base_blog_url>

	<wp:author><wp:author_id>1</wp:author_id><wp:author_login>admin</wp:author_login><wp:author_email>demo@seventhqueen.com</wp:author_email><wp:author_display_name><![CDATA[admin]]></wp:author_display_name><wp:author_first_name><![CDATA[]]></wp:author_first_name><wp:author_last_name><![CDATA[]]></wp:author_last_name></wp:author>


	<generator>http://wordpress.org/?v=4.0</generator>

                                    <item>
        <title>Get connected - Vertical form</title>
        <link>https://seventhqueen.com/demo/kleo/get-connected-vertical-form/</link>
        <pubDate>Sat, 30 May 2015 17:26:32 +0000</pubDate>
        <dc:creator><![CDATA[exporter]]></dc:creator>
        <guid isPermaLink="false">http://seventhqueen.com/themes/kleo/?page_id=6809</guid>
        <description></description>
        <content:encoded><![CDATA[[vc_row inner_container="no" section_type="main" bg_position="bottom" bg_position_horizontal="center" bg_repeat="no-repeat" bg_cover="true" bg_attachment="false" enable_parallax="" parallax_speed="0.1" padding_top="180px" padding_bottom="160px" min_height="0" border="none" overflow="" css_animation="right-to-left" visibility="" type="image" text_color="#ffffff" bg_image="7030"][vc_column width="1/2" offset="vc_col-lg-offset-1 vc_col-lg-3 vc_col-md-offset-1 vc_col-md-3"][vc_row_inner css=".vc_custom_1433012163724{padding-top: 20px !important;padding-right: 20px !important;padding-bottom: 20px !important;padding-left: 20px !important;background-color: rgba(0,0,0,0.63) !important;*background-color: rgb(0,0,0) !important;}"][vc_column_inner width="1/1"][vc_column_text css_animation="right-to-left"]
<h3>Thousands of professionals ready for your project</h3>
[/vc_column_text][vc_column_text css_animation="right-to-left"][bps_form id=6773][/vc_column_text][/vc_column_inner][/vc_row_inner][/vc_column][vc_column width="1/2" offset="vc_col-lg-offset-1 vc_col-md-offset-1" el_class="text-center"][kleo_gap size="60px"][vc_custom_heading text="GET CONNECTED" font_container="tag:h2|font_size:68|text_align:center|color:%23ffffff|line_height:80px" google_fonts="font_family:Roboto%20Condensed%3A300%2C300italic%2Cregular%2Citalic%2C700%2C700italic|font_style:400%20regular%3A400%3Anormal"][kleo_gap size="10px"][vc_column_text lead="yes" css_animation="right-to-left"]
<p style="text-align: center;">Find Designers and Developers from all over the world ready for your project</p>
[/vc_column_text][kleo_button title="How it works" target="_self" style="see-through" icon="0" tooltip_position="left" tooltip_action="hover" href="#" size="lg"][/vc_column][vc_column width="1/1"][kleo_particles number="80" size="4" color="#ffffff"][/vc_column][/vc_row]]]></content:encoded>
        <excerpt:encoded><![CDATA[]]></excerpt:encoded>
        <wp:post_id>6809</wp:post_id>
        <wp:post_date><![CDATA[2015-05-30 17:26:32]]></wp:post_date>
        <wp:post_date_gmt><![CDATA[2015-05-30 17:26:32]]></wp:post_date_gmt>
        <wp:comment_status><![CDATA[open]]></wp:comment_status>
        <wp:ping_status><![CDATA[closed]]></wp:ping_status>
        <wp:post_name><![CDATA[get-connected-vertical-form]]></wp:post_name>
        <wp:status><![CDATA[publish]]></wp:status>
        <wp:post_parent>0</wp:post_parent>
        <wp:menu_order>0</wp:menu_order>
        <wp:post_type><![CDATA[page]]></wp:post_type>
        <wp:post_password><![CDATA[]]></wp:post_password>
        <wp:is_sticky>0</wp:is_sticky>
        <wp:postmeta>
            <wp:meta_key><![CDATA[_edit_last]]></wp:meta_key>
            <wp:meta_value><![CDATA[1]]></wp:meta_value>
        </wp:postmeta>
        <wp:postmeta>
            <wp:meta_key><![CDATA[_wpb_shortcodes_custom_css]]></wp:meta_key>
            <wp:meta_value><![CDATA[.vc_custom_1433012163724{padding-top: 20px !important;padding-right: 20px !important;padding-bottom: 20px !important;padding-left: 20px !important;background-color: rgba(0,0,0,0.63) !important;*background-color: rgb(0,0,0) !important;}]]></wp:meta_value>
        </wp:postmeta>
        <wp:postmeta>
            <wp:meta_key><![CDATA[_wp_page_template]]></wp:meta_key>
            <wp:meta_value><![CDATA[page-templates/full-width.php]]></wp:meta_value>
        </wp:postmeta>
        <wp:postmeta>
            <wp:meta_key><![CDATA[_wpb_vc_js_status]]></wp:meta_key>
            <wp:meta_value><![CDATA[true]]></wp:meta_value>
        </wp:postmeta>
        <wp:postmeta>
            <wp:meta_key><![CDATA[_vc_post_settings]]></wp:meta_key>
            <wp:meta_value><![CDATA[a:1:{s:10:"vc_grid_id";a:0:{}}]]></wp:meta_value>
        </wp:postmeta>
        <wp:postmeta>
            <wp:meta_key><![CDATA[slide_template]]></wp:meta_key>
            <wp:meta_value><![CDATA[]]></wp:meta_value>
        </wp:postmeta>
        <wp:postmeta>
            <wp:meta_key><![CDATA[_kleo_transparent_menu_color]]></wp:meta_key>
            <wp:meta_value><![CDATA[white]]></wp:meta_value>
        </wp:postmeta>
        <wp:postmeta>
            <wp:meta_key><![CDATA[_kleo_title_color]]></wp:meta_key>
            <wp:meta_value><![CDATA[#]]></wp:meta_value>
        </wp:postmeta>
        <wp:postmeta>
            <wp:meta_key><![CDATA[_kleo_title_bg]]></wp:meta_key>
            <wp:meta_value><![CDATA[a:5:{s:3:"url";s:0:"";s:6:"repeat";s:6:"repeat";s:4:"size";s:7:"inherit";s:10:"attachment";s:6:"scroll";s:8:"position";s:8:"left top";}]]></wp:meta_value>
        </wp:postmeta>
        <wp:postmeta>
            <wp:meta_key><![CDATA[_kleo_title_bg_color]]></wp:meta_key>
            <wp:meta_value><![CDATA[#]]></wp:meta_value>
        </wp:postmeta>
        <wp:postmeta>
            <wp:meta_key><![CDATA[_kleo_page_menu]]></wp:meta_key>
            <wp:meta_value><![CDATA[default]]></wp:meta_value>
        </wp:postmeta>
        <wp:postmeta>
            <wp:meta_key><![CDATA[_kleo_transparent_menu]]></wp:meta_key>
            <wp:meta_value><![CDATA[1]]></wp:meta_value>
        </wp:postmeta>
        <wp:postmeta>
            <wp:meta_key><![CDATA[_kleo_title_checkbox]]></wp:meta_key>
            <wp:meta_value><![CDATA[1]]></wp:meta_value>
        </wp:postmeta>
        <wp:postmeta>
            <wp:meta_key><![CDATA[_kleo_hide_breadcrumb]]></wp:meta_key>
            <wp:meta_value><![CDATA[1]]></wp:meta_value>
        </wp:postmeta>
        <wp:postmeta>
            <wp:meta_key><![CDATA[_kleo_hide_info]]></wp:meta_key>
            <wp:meta_value><![CDATA[1]]></wp:meta_value>
        </wp:postmeta>
        <wp:postmeta>
            <wp:meta_key><![CDATA[_kleo_topbar_status]]></wp:meta_key>
            <wp:meta_value><![CDATA[0]]></wp:meta_value>
        </wp:postmeta>
        <wp:postmeta>
            <wp:meta_key><![CDATA[_item_likes]]></wp:meta_key>
            <wp:meta_value><![CDATA[0]]></wp:meta_value>
        </wp:postmeta>
        <wp:postmeta>
            <wp:meta_key><![CDATA[_kleo_hide_shop_icon]]></wp:meta_key>
            <wp:meta_value><![CDATA[1]]></wp:meta_value>
        </wp:postmeta>
        <wp:postmeta>
            <wp:meta_key><![CDATA[_dp_original]]></wp:meta_key>
            <wp:meta_value><![CDATA[6769]]></wp:meta_value>
        </wp:postmeta>
        <wp:postmeta>
            <wp:meta_key><![CDATA[_kleo_hide_footer]]></wp:meta_key>
            <wp:meta_value><![CDATA[1]]></wp:meta_value>
        </wp:postmeta>
        <wp:postmeta>
            <wp:meta_key><![CDATA[sq_import]]></wp:meta_key>
            <wp:meta_value><![CDATA[1]]></wp:meta_value>
        </wp:postmeta>
        <wp:postmeta>
            <wp:meta_key><![CDATA[sq_domain]]></wp:meta_key>
            <wp:meta_value><![CDATA[https://seventhqueen.com/demo/kleo]]></wp:meta_value>
        </wp:postmeta>
        <wp:postmeta>
            <wp:meta_key><![CDATA[sq_img_data]]></wp:meta_key>
            <wp:meta_value><![CDATA[a:1:{i:7030;s:79:"https://seventhqueen.com/demo/kleo/wp-content/uploads/2015/05/Bokeh-on-Blue.jpg";}]]></wp:meta_value>
        </wp:postmeta>
        <wp:postmeta>
            <wp:meta_key><![CDATA[sq_attach]]></wp:meta_key>
            <wp:meta_value><![CDATA[a:1:{i:7030;s:79:"https://seventhqueen.com/demo/kleo/wp-content/uploads/2015/05/Bokeh-on-Blue.jpg";}]]></wp:meta_value>
        </wp:postmeta>
        <wp:postmeta>
            <wp:meta_key><![CDATA[sq_base]]></wp:meta_key>
            <wp:meta_value><![CDATA[https://seventhqueen.com/demo/kleo/wp-content/uploads]]></wp:meta_value>
        </wp:postmeta>
    </item>                                           
    <item>
                            <title>Main page form</title>
                            <link>http://seventhqueen.com/demo/kleo/?post_type=bps_form&#038;p=6773</link>
                            <pubDate>Thu, 28 May 2015 15:27:49 +0000</pubDate>
                            <dc:creator>kleoadmin</dc:creator>
                            <guid isPermaLink="false">http://seventhqueen.com/themes/kleo/?post_type=bps_form&#038;p=6773</guid>
                            <description></description>
                            <content:encoded><![CDATA[]]></content:encoded>
                            <excerpt:encoded><![CDATA[]]></excerpt:encoded>
                            <wp:post_id>6773</wp:post_id>
                            <wp:post_date>2015-05-28 15:27:49</wp:post_date>
                            <wp:post_date_gmt>2015-05-28 15:27:49</wp:post_date_gmt>
                            <wp:comment_status>closed</wp:comment_status>
                            <wp:ping_status>closed</wp:ping_status>
                            <wp:post_name>6773</wp:post_name>
                            <wp:status>publish</wp:status>
                            <wp:post_parent>0</wp:post_parent>
                            <wp:menu_order>0</wp:menu_order>
                            <wp:post_type>bps_form</wp:post_type>
                            <wp:post_password></wp:post_password>
                            <wp:is_sticky>0</wp:is_sticky>
                                                                                                                    <wp:postmeta>
                                    <wp:meta_key>_edit_last</wp:meta_key>
                                    <wp:meta_value><![CDATA[4]]></wp:meta_value>
                                </wp:postmeta>
                                                            <wp:postmeta>
                                    <wp:meta_key>_vc_post_settings</wp:meta_key>
                                    <wp:meta_value><![CDATA[a:2:{s:7:"vc_grid";a:0:{}s:10:"vc_grid_id";a:0:{}}]]></wp:meta_value>
                                </wp:postmeta>
                                                            <wp:postmeta>
                                    <wp:meta_key>bps_options</wp:meta_key>
                                    <wp:meta_value><![CDATA[a:12:{s:10:"field_name";a:3:{i:0;s:1:"7";i:1;s:2:"12";i:2;s:2:"21";}s:11:"field_label";a:3:{i:0;s:0:"";i:1;s:0:"";i:2;s:7:"Price/h";}s:10:"field_desc";a:3:{i:0;s:15:"Select by Skill";i:1;s:17:"Filter by Country";i:2;s:23:"Price per hour interval";}s:11:"field_range";a:3:{i:0;N;i:1;N;i:2;b:1;}s:9:"directory";s:2:"No";s:8:"template";s:23:"members/bps-form-legacy";s:6:"header";s:24:"<h4>Advanced Search</h4>";s:6:"toggle";s:7:"Enabled";s:6:"button";s:14:"Hide/Show Form";s:6:"method";s:4:"POST";s:6:"action";s:1:"7";s:10:"searchmode";s:4:"LIKE";}]]></wp:meta_value>
                                </wp:postmeta>
                                                            <wp:postmeta>
                                    <wp:meta_key>slide_template</wp:meta_key>
                                    <wp:meta_value><![CDATA[default]]></wp:meta_value>
                                </wp:postmeta>
                                                            <wp:postmeta>
                                    <wp:meta_key>sbg_selected_sidebar</wp:meta_key>
                                    <wp:meta_value><![CDATA[a:1:{i:0;s:1:"0";}]]></wp:meta_value>
                                </wp:postmeta>
                                                            <wp:postmeta>
                                    <wp:meta_key>sbg_selected_sidebar_replacement</wp:meta_key>
                                    <wp:meta_value><![CDATA[a:1:{i:0;s:1:"0";}]]></wp:meta_value>
                                </wp:postmeta>
                                                                                </item>

	</channel>
</rss>