<?xml version="1.0" encoding="UTF-8" ?>
    <!-- This is a WordPress eXtended RSS file generated by WordPress as an export of your site. -->
    <!-- It contains information about your site's posts, pages, comments, categories, and other content. -->
    <!-- You may use this file to transfer that content from one site to another. -->
    <!-- This file is not intended to serve as a complete backup of your site. -->

    <!-- To import this information into a WordPress site follow these steps: -->
    <!-- 1. Log in to that site as an administrator. -->
    <!-- 2. Go to Tools: Import in the WordPress admin panel. -->
    <!-- 3. Install the "WordPress" importer from the list. -->
    <!-- 4. Activate & Run Importer. -->
    <!-- 5. Upload this file using the form provided on that page. -->
    <!-- 6. You will first be asked to map the authors in this export file to users -->
    <!--    on the site. For each author, you may choose to map to an -->
    <!--    existing user on the site or to create a new user. -->
    <!-- 7. WordPress will then import each of the posts, pages, comments, categories, etc. -->
    <!--    contained in this file into your site. -->

    <!-- generator="WordPress/4.2.2" created="2015-06-10 22:44" -->
    <rss version="2.0"
         xmlns:excerpt="http://wordpress.org/export/1.2/excerpt/"
         xmlns:content="http://purl.org/rss/1.0/modules/content/"
         xmlns:wfw="http://wellformedweb.org/CommentAPI/"
         xmlns:dc="http://purl.org/dc/elements/1.1/"
         xmlns:wp="http://wordpress.org/export/1.2/"
         >

        <channel>
            <title>KLEO Template</title>
            <link>http://seventhqueen.com/demo/kleo</link>
            <description>Wordpress Premium Template</description>
            <pubDate>Wed, 10 Jun 2015 22:44:25 +0000</pubDate>
            <language>en-US</language>
            <wp:wxr_version>1.2</wp:wxr_version>
            <wp:base_site_url>http://seventhqueen.com/demo/kleo</wp:base_site_url>
            <wp:base_blog_url>http://seventhqueen.com/demo/kleo</wp:base_blog_url>

    <wp:author><wp:author_id>1</wp:author_id><wp:author_login>admin</wp:author_login><wp:author_email>demo@seventhqueen.com</wp:author_email><wp:author_display_name><![CDATA[admin]]></wp:author_display_name><wp:author_first_name><![CDATA[]]></wp:author_first_name><wp:author_last_name><![CDATA[]]></wp:author_last_name></wp:author>

                                                
            <generator>http://wordpress.org/?v=4.2.2</generator>
                                    <item>
        <item>
        <title>Home Sensei eLearning</title>
        <link>https://seventhqueen.com/demo/kleo/home-sensei/</link>
        <pubDate>Mon, 08 Jun 2015 00:58:44 +0000</pubDate>
        <dc:creator><![CDATA[exporter]]></dc:creator>
        <guid isPermaLink="false">http://seventhqueen.com/demo/kleo/?page_id=2769</guid>
        <description></description>
        <content:encoded><![CDATA[[vc_row inner_container="no" padding_top="0" padding_bottom="0"][vc_column][rev_slider_vc alias="elearning_homepage"][/vc_column][/vc_row][vc_row text_align="center" text_color="#ffffff" type="image" bg_color="#c0392b" bg_position="bottom" bg_position_horizontal="center" padding_top="100" padding_bottom="100" bg_image="7779"][vc_column][kleo_grid type="3" animation="yes"][kleo_feature_item title="Learn Anything Online" icon="laptop" icon_size="big" icon_position="center"]Join our happy community, get help and start learning new things. Also we’re constantly improving and adding new features. You get all the new versions for FREE life-time.[/kleo_feature_item][kleo_feature_item title="Talk to Our Experts" icon="users-1" icon_size="big" icon_position="center"]Many great features are yet to come to this theme so be the first to know about.[/kleo_feature_item][kleo_feature_item title="Communicate with People" icon="chat-1" icon_size="big" icon_position="center"]Join our happy community, get help and start learning new things. Also we’re constantly improving and adding new features. You get all the new versions for FREE life-time.[/kleo_feature_item][/kleo_grid][kleo_gap size="30px"][vc_column_text]
<h1>16.[kleo_animate_numbers animation="animate-when-almost-visible" timer="1500"]850[/kleo_animate_numbers] students</h1>
<h3>already share the same experience with the happiest users worldwide</h3>
[/vc_column_text][kleo_gap][vc_row_inner font_color="#ffffff"][vc_column_inner width="1/6"][/vc_column_inner][vc_column_inner width="2/3"][kleo_gap][kleo_bp_members_carousel type="newest" number="20" min_items="3" max_items="20" image_size="thumb" item_width="90"][kleo_gap size="30px"][kleo_button title="See Features" style="see-through" size="lg" tooltip="popover" tooltip_position="top" tooltip_title="Hi there!" tooltip_text="This is just a demo page to illustrate how easy you can start an e-Learning based website."][/vc_column_inner][vc_column_inner width="1/6"][/vc_column_inner][/vc_row_inner][/vc_column][/vc_row][vc_row text_align="center" section_type="alternate" padding_top="80" border="bottom"][vc_column][vc_column_text]
<h1 style="text-align: center;">New Courses</h1>
[/vc_column_text][vc_column_text lead="yes"]I am text block. Click edit button to change this text. Lorem ipsum dolor sit amet, consectetur adipiscing elit.
Ut elit tellus, luctus nec ullamcorper mattis, pulvinar dapibus leo.[/vc_column_text][kleo_gap][kleo_divider type="long" icon="star-half-alt"][kleo_gap size="20px"][vc_basic_grid post_type="custom" element_width="3" item="basicGrid_SlideBottomWithIcon" grid_id="vc_gid:1489087247381-332501df-d02a-2" custom_query="post_type=course&amp;posts_per_page=4"][kleo_button title="View more" href="http://seventhqueen.com/themes/kleo/sensei-e-learning/courses-overview/" size="lg" icon="0"][kleo_gap][/vc_column][/vc_row][vc_row front_status="draft" text_align="center" vertical_align="yes" border="bottom"][vc_column width="1/2"][vc_single_image image="7772" img_size="large" alignment="center" animation="animate-when-almost-visible"][/vc_column][vc_column width="1/2"][vc_column_text]
<h2>Learn from your home office</h2>
[/vc_column_text][vc_column_text]

I am text block. Click edit button to change this text. Lorem ipsum dolor sit amet, consectetur adipiscing elit. Ut elit tellus, luctus nec ullamcorper mattis, pulvinar dapibus leo.

[/vc_column_text][kleo_gap][kleo_button title="Read more"][/vc_column][/vc_row][vc_row front_status="draft" text_align="center" vertical_align="yes" border="bottom"][vc_column width="1/2"][vc_column_text]
<h2>Stay tuned with your mobile devices</h2>
[/vc_column_text][vc_column_text]

I am text block. Click edit button to change this text. Lorem ipsum dolor sit amet, consectetur adipiscing elit. Ut elit tellus, luctus nec ullamcorper mattis, pulvinar dapibus leo.

[/vc_column_text][kleo_gap][kleo_button title="Read more"][/vc_column][vc_column width="1/2"][vc_single_image image="7771" img_size="large" animation="animate-when-almost-visible" css_animation="left-to-right"][/vc_column][/vc_row][vc_row text_align="center" vertical_align="yes" border="bottom"][vc_column width="1/2"][vc_single_image image="7770" img_size="large" alignment="center" animation="animate-when-almost-visible" css_animation="el-appear"][/vc_column][vc_column width="1/2"][vc_column_text]
<h2>You can learn from anywhere</h2>
[/vc_column_text][vc_column_text]

I am text block. Click edit button to change this text. Lorem ipsum dolor sit amet, consectetur adipiscing elit. Ut elit tellus, luctus nec ullamcorper mattis, pulvinar dapibus leo.

[/vc_column_text][kleo_gap][kleo_button title="Read more"][/vc_column][/vc_row][vc_row text_align="center" vertical_align="yes" border="bottom"][vc_column width="1/2"][vc_column_text]
<h2>Learn online, share ideas, get notified</h2>
[/vc_column_text][vc_column_text]

I am text block. Click edit button to change this text. Lorem ipsum dolor sit amet, consectetur adipiscing elit. Ut elit tellus, luctus nec ullamcorper mattis, pulvinar dapibus leo.

[/vc_column_text][kleo_gap][kleo_button title="Read more"][/vc_column][vc_column width="1/2"][vc_single_image image="7769" img_size="large" animation="animate-when-almost-visible" css_animation="bottom-to-top"][/vc_column][/vc_row][vc_row padding_top="80" padding_bottom="80"][vc_column][vc_column_text]
<h1 style="text-align: center;">Get Started</h1>
[/vc_column_text][vc_column_text lead="yes"]
<p style="text-align: center;">In just a few simple steps, you’re ready to start using all theme goodies. <strong>Pick the plan</strong> that best suits you.</p>

[/vc_column_text][kleo_gap][kleo_divider type="long" icon="0" text="Default Pricing Table with No Gutter Space"][kleo_gap size="60px"][kleo_pricing_table columns="4" style="2"][kleo_pricing_table_item title="Gold" price="$15" features="View members directory,View members profile,Access group directory,Access to groups,View site activity,Send Private messages,Add media to your profile"]Lorem ipsum dolor sit amet, consectetur adipisicing elit, sed do eiusmod tempor incididunt ut labore et dolore magna aliqua.[/kleo_pricing_table_item][kleo_pricing_table_item title="Bronze" price="$12" features="View members directory,View members profile,Access group directory,Access to groups,View site activity,Send Private messages,Add media to your profile"]Sed do eiusmod tempor incididunt ut labore et dolore magna aliqua.[/kleo_pricing_table_item][kleo_pricing_table_item title="Silver" popular="yes" features="View members directory,View members profile,Access group directory,Access to groups,View site activity,Send Private messages,Add media to your profile"]Ut enim ad minima veniam, quis nostrum exercitationem ullam corporis suscipit laboriosam.[/kleo_pricing_table_item][kleo_pricing_table_item title="14-day Free Trial" price="$0" features="View members directory,View members profile,Access group directory,Access to groups,View site activity,Send Private messages,Add media to your profile"]Start with a full-access 14-day free trial.[/kleo_pricing_table_item][/kleo_pricing_table][/vc_column][/vc_row][vc_row text_color="#ffffff" type="image" bg_position="center" bg_position_horizontal="center" enable_parallax="false" parallax_speed="0.3" padding_top="100" padding_bottom="100" bg_image="7907"][vc_column width="1/2"][vc_column_text]
<h1>Our Teachers</h1>
[/vc_column_text][kleo_gap size="30px"][vc_column_text]
<h3>Marvin Comak</h3>
[/vc_column_text][vc_column_text]Marvin remembers the day he came to London for the first time - 17 November 1993. Sed ut perspiciatis unde omnis iste natus error sit voluptatem accusantium doloremque laudantium, totam rem aperiam, eaque ipsa quae ab illo inventore veritatis et quasi architecto beatae vitae dicta sunt explicabo.

Nemo enim ipsam voluptatem quia voluptas sit aspernatur aut odit aut fugit, sed quia consequuntur magni dolores eos qui ratione voluptatem sequi nesciunt. Neque porro quisquam est, qui dolorem ipsum quia dolor sit amet, consectetur, adipisci velit, sed quia non numquam eius modi tempora incidunt ut labore et dolore magnam aliquam quaerat voluptatem.[/vc_column_text][kleo_gap size="30px"][vc_single_image image="2773" img_size="118 × 71" animation="animate-when-visible" css_animation="el-fade"][kleo_gap size="100px"][vc_row_inner][vc_column_inner width="1/3"][vc_single_image image="7749" img_size="400x400" onclick="custom_link" animation="animate-when-visible" css_animation="el-fade" link="#"][vc_column_text]<span style="color: #ffffff;">Jason Collins</span>[/vc_column_text][/vc_column_inner][vc_column_inner width="1/3"][vc_single_image image="7748" img_size="400x400" animation="animate-when-visible" css_animation="el-fade"][vc_column_text]<span style="color: #ffffff;">Douglas Wood</span>[/vc_column_text][/vc_column_inner][vc_column_inner width="1/3"][vc_single_image image="7747" img_size="400x400" animation="animate-when-visible" css_animation="el-fade"][vc_column_text]<span style="color: #ffffff;">Rebecca Jenkins</span>[/vc_column_text][/vc_column_inner][/vc_row_inner][/vc_column][vc_column width="1/2"][/vc_column][/vc_row][vc_row padding_top="60" padding_bottom="80"][vc_column][vc_column_text]
<h1 style="text-align: center;">Users Voice</h1>
[/vc_column_text][kleo_testimonials type="carousel" number="5" min_items="1" max_items="1"][/vc_column][/vc_row][vc_row section_type="alternate"][vc_column width="1/2"][vc_column_text]
<h3 style="text-align: right;">Subscribe to the weekly free courses</h3>
[/vc_column_text][/vc_column][vc_column width="1/2"][vc_column_text][mc4wp_form][/vc_column_text][/vc_column][/vc_row]]]></content:encoded>
        <excerpt:encoded><![CDATA[]]></excerpt:encoded>
        <wp:post_id>7092</wp:post_id>
        <wp:post_date><![CDATA[2015-06-08 00:58:44]]></wp:post_date>
        <wp:post_date_gmt><![CDATA[2015-06-08 00:58:44]]></wp:post_date_gmt>
        <wp:comment_status><![CDATA[open]]></wp:comment_status>
        <wp:ping_status><![CDATA[closed]]></wp:ping_status>
        <wp:post_name><![CDATA[home-sensei]]></wp:post_name>
        <wp:status><![CDATA[publish]]></wp:status>
        <wp:post_parent>0</wp:post_parent>
        <wp:menu_order>0</wp:menu_order>
        <wp:post_type><![CDATA[page]]></wp:post_type>
        <wp:post_password><![CDATA[]]></wp:post_password>
        <wp:is_sticky>0</wp:is_sticky>
        <wp:postmeta>
            <wp:meta_key><![CDATA[_wp_page_template]]></wp:meta_key>
            <wp:meta_value><![CDATA[page-templates/full-width.php]]></wp:meta_value>
        </wp:postmeta>
        <wp:postmeta>
            <wp:meta_key><![CDATA[_wpb_vc_js_status]]></wp:meta_key>
            <wp:meta_value><![CDATA[true]]></wp:meta_value>
        </wp:postmeta>
        <wp:postmeta>
            <wp:meta_key><![CDATA[_wpb_vc_js_interface_version]]></wp:meta_key>
            <wp:meta_value><![CDATA[2]]></wp:meta_value>
        </wp:postmeta>
        <wp:postmeta>
            <wp:meta_key><![CDATA[_kleo_title_checkbox]]></wp:meta_key>
            <wp:meta_value><![CDATA[1]]></wp:meta_value>
        </wp:postmeta>
        <wp:postmeta>
            <wp:meta_key><![CDATA[_kleo_hide_breadcrumb]]></wp:meta_key>
            <wp:meta_value><![CDATA[1]]></wp:meta_value>
        </wp:postmeta>
        <wp:postmeta>
            <wp:meta_key><![CDATA[_kleo_hide_info]]></wp:meta_key>
            <wp:meta_value><![CDATA[1]]></wp:meta_value>
        </wp:postmeta>
        <wp:postmeta>
            <wp:meta_key><![CDATA[_edit_last]]></wp:meta_key>
            <wp:meta_value><![CDATA[1]]></wp:meta_value>
        </wp:postmeta>
        <wp:postmeta>
            <wp:meta_key><![CDATA[_vc_post_settings]]></wp:meta_key>
            <wp:meta_value><![CDATA[a:1:{s:10:"vc_grid_id";a:1:{s:10:"shortcodes";a:1:{s:29:"1489087247381-332501df-d02a-2";a:3:{s:3:"tag";s:13:"vc_basic_grid";s:4:"atts";a:5:{s:9:"post_type";s:6:"custom";s:13:"element_width";s:1:"3";s:4:"item";s:29:"basicGrid_SlideBottomWithIcon";s:7:"grid_id";s:36:"vc_gid:1489087247381-332501df-d02a-2";s:12:"custom_query";s:37:"post_type=course&amp;posts_per_page=4";}s:7:"content";s:0:"";}}}}]]></wp:meta_value>
        </wp:postmeta>
        <wp:postmeta>
            <wp:meta_key><![CDATA[_kleo_transparent_menu_color]]></wp:meta_key>
            <wp:meta_value><![CDATA[white]]></wp:meta_value>
        </wp:postmeta>
        <wp:postmeta>
            <wp:meta_key><![CDATA[_kleo_transparent_menu]]></wp:meta_key>
            <wp:meta_value><![CDATA[1]]></wp:meta_value>
        </wp:postmeta>
        <wp:postmeta>
            <wp:meta_key><![CDATA[_kleo_topbar_status]]></wp:meta_key>
            <wp:meta_value><![CDATA[0]]></wp:meta_value>
        </wp:postmeta>
        <wp:postmeta>
            <wp:meta_key><![CDATA[sq_base]]></wp:meta_key>
            <wp:meta_value><![CDATA[https://seventhqueen.com/demo/kleo/wp-content/uploads]]></wp:meta_value>
        </wp:postmeta>
        <wp:postmeta>
            <wp:meta_key><![CDATA[sq_import]]></wp:meta_key>
            <wp:meta_value><![CDATA[1]]></wp:meta_value>
        </wp:postmeta>
        <wp:postmeta>
            <wp:meta_key><![CDATA[sq_domain]]></wp:meta_key>
            <wp:meta_value><![CDATA[https://seventhqueen.com/demo/kleo]]></wp:meta_value>
        </wp:postmeta>
        <wp:postmeta>
            <wp:meta_key><![CDATA[sq_img_data]]></wp:meta_key>
            <wp:meta_value><![CDATA[a:10:{i:7779;s:82:"https://seventhqueen.com/demo/kleo/wp-content/uploads/2014/09/speech_icons_red.png";i:7772;s:76:"https://seventhqueen.com/demo/kleo/wp-content/uploads/2014/09/image_0106.png";i:7771;s:77:"https://seventhqueen.com/demo/kleo/wp-content/uploads/2014/09/image_01071.png";i:7770;s:76:"https://seventhqueen.com/demo/kleo/wp-content/uploads/2014/09/image_0108.png";i:7769;s:77:"https://seventhqueen.com/demo/kleo/wp-content/uploads/2014/09/image_01091.png";i:7907;s:75:"https://seventhqueen.com/demo/kleo/wp-content/uploads/2015/06/guy-on-bg.jpg";i:2773;s:75:"https://seventhqueen.com/demo/kleo/wp-content/uploads/2014/09/signiture.png";i:7749;s:73:"https://seventhqueen.com/demo/kleo/wp-content/uploads/2014/09/team_01.jpg";i:7748;s:73:"https://seventhqueen.com/demo/kleo/wp-content/uploads/2014/09/team_02.jpg";i:7747;s:73:"https://seventhqueen.com/demo/kleo/wp-content/uploads/2014/09/team_03.jpg";}]]></wp:meta_value>
        </wp:postmeta>
        <wp:postmeta>
            <wp:meta_key><![CDATA[sq_attach]]></wp:meta_key>
            <wp:meta_value><![CDATA[a:9:{i:7747;s:73:"https://seventhqueen.com/demo/kleo/wp-content/uploads/2014/09/team_03.jpg";i:7748;s:73:"https://seventhqueen.com/demo/kleo/wp-content/uploads/2014/09/team_02.jpg";i:7749;s:73:"https://seventhqueen.com/demo/kleo/wp-content/uploads/2014/09/team_01.jpg";i:7769;s:77:"https://seventhqueen.com/demo/kleo/wp-content/uploads/2014/09/image_01091.png";i:7770;s:76:"https://seventhqueen.com/demo/kleo/wp-content/uploads/2014/09/image_0108.png";i:7771;s:77:"https://seventhqueen.com/demo/kleo/wp-content/uploads/2014/09/image_01071.png";i:7772;s:76:"https://seventhqueen.com/demo/kleo/wp-content/uploads/2014/09/image_0106.png";i:7779;s:82:"https://seventhqueen.com/demo/kleo/wp-content/uploads/2014/09/speech_icons_red.png";i:7907;s:75:"https://seventhqueen.com/demo/kleo/wp-content/uploads/2015/06/guy-on-bg.jpg";}]]></wp:meta_value>
        </wp:postmeta>
    </item>
    <item>
        <title>Default sign-up form</title>
        <link>https://seventhqueen.com/themes/kleo/blog/mc4wp-form/default-sign-up-form/</link>
        <pubDate>Tue, 17 Jan 2017 20:24:18 +0000</pubDate>
        <dc:creator><![CDATA[kleoadmin]]></dc:creator>
        <guid isPermaLink="false">http://seventhqueen.com/themes/kleo/mc4wp-form/default-sign-up-form/</guid>
        <description></description>
        <content:encoded><![CDATA[<div class="form-inline">
<input type="email" id="mc4wp_email" class="input-lg" name="EMAIL" placeholder="Your email address" required />
<a class="btn btn-highlight btn-lg form-submit">SUBSCRIBE</a>
</div>]]></content:encoded>
        <excerpt:encoded><![CDATA[]]></excerpt:encoded>
        <wp:post_id>8595</wp:post_id>
        <wp:post_date><![CDATA[2017-01-17 22:24:18]]></wp:post_date>
        <wp:post_date_gmt><![CDATA[2017-01-17 20:24:18]]></wp:post_date_gmt>
        <wp:comment_status><![CDATA[closed]]></wp:comment_status>
        <wp:ping_status><![CDATA[closed]]></wp:ping_status>
        <wp:post_name><![CDATA[default-sign-up-form]]></wp:post_name>
        <wp:status><![CDATA[publish]]></wp:status>
        <wp:post_parent>0</wp:post_parent>
        <wp:menu_order>0</wp:menu_order>
        <wp:post_type><![CDATA[mc4wp-form]]></wp:post_type>
        <wp:post_password><![CDATA[]]></wp:post_password>
        <wp:is_sticky>0</wp:is_sticky>
        <wp:postmeta>
            <wp:meta_key><![CDATA[_mc4wp_settings]]></wp:meta_key>
            <wp:meta_value><![CDATA[a:8:{s:3:"css";s:1:"0";s:12:"double_optin";s:1:"1";s:8:"redirect";s:0:"";s:18:"hide_after_success";s:1:"0";s:15:"required_fields";s:5:"EMAIL";s:5:"lists";a:1:{i:0;s:10:"83bd2b8370";}s:15:"update_existing";s:1:"0";s:17:"replace_interests";s:1:"1";}]]></wp:meta_value>
        </wp:postmeta>
        <wp:postmeta>
            <wp:meta_key><![CDATA[text_subscribed]]></wp:meta_key>
            <wp:meta_value><![CDATA[Thank you, your sign-up request was successful! Please check your e-mail inbox.]]></wp:meta_value>
        </wp:postmeta>
        <wp:postmeta>
            <wp:meta_key><![CDATA[text_error]]></wp:meta_key>
            <wp:meta_value><![CDATA[Oops. Something went wrong. Please try again later.]]></wp:meta_value>
        </wp:postmeta>
        <wp:postmeta>
            <wp:meta_key><![CDATA[text_invalid_email]]></wp:meta_key>
            <wp:meta_value><![CDATA[Please provide a valid email address.]]></wp:meta_value>
        </wp:postmeta>
        <wp:postmeta>
            <wp:meta_key><![CDATA[text_already_subscribed]]></wp:meta_key>
            <wp:meta_value><![CDATA[Given email address is already subscribed, thank you!]]></wp:meta_value>
        </wp:postmeta>
        <wp:postmeta>
            <wp:meta_key><![CDATA[text_required_field_missing]]></wp:meta_key>
            <wp:meta_value><![CDATA[Please fill in the required fields.]]></wp:meta_value>
        </wp:postmeta>
        <wp:postmeta>
            <wp:meta_key><![CDATA[_vc_post_settings]]></wp:meta_key>
            <wp:meta_value><![CDATA[a:1:{s:10:"vc_grid_id";a:0:{}}]]></wp:meta_value>
        </wp:postmeta>
        <wp:postmeta>
            <wp:meta_key><![CDATA[text_unsubscribed]]></wp:meta_key>
            <wp:meta_value><![CDATA[You were successfully unsubscribed.]]></wp:meta_value>
        </wp:postmeta>
        <wp:postmeta>
            <wp:meta_key><![CDATA[text_not_subscribed]]></wp:meta_key>
            <wp:meta_value><![CDATA[Given email address is not subscribed.]]></wp:meta_value>
        </wp:postmeta>
        <wp:postmeta>
            <wp:meta_key><![CDATA[text_no_lists_selected]]></wp:meta_key>
            <wp:meta_value><![CDATA[Please select at least one list.]]></wp:meta_value>
        </wp:postmeta>
        <wp:postmeta>
            <wp:meta_key><![CDATA[text_updated]]></wp:meta_key>
            <wp:meta_value><![CDATA[Thank you, your records have been updated!]]></wp:meta_value>
        </wp:postmeta>
        <wp:postmeta>
            <wp:meta_key><![CDATA[sq_base]]></wp:meta_key>
            <wp:meta_value><![CDATA[https://seventhqueen.com/themes/kleo/wp-content/uploads]]></wp:meta_value>
        </wp:postmeta>
        <wp:postmeta>
            <wp:meta_key><![CDATA[sq_import]]></wp:meta_key>
            <wp:meta_value><![CDATA[1]]></wp:meta_value>
        </wp:postmeta>
        <wp:postmeta>
            <wp:meta_key><![CDATA[sq_domain]]></wp:meta_key>
            <wp:meta_value><![CDATA[https://seventhqueen.com/themes/kleo]]></wp:meta_value>
        </wp:postmeta>
    </item>
                                </channel>
    </rss>
    