<?xml version="1.0" encoding="UTF-8" ?>
<!-- This is a WordPress eXtended RSS file generated by WordPress as an export of your site. -->
<!-- It contains information about your site's posts, pages, comments, categories, and other content. -->
<!-- You may use this file to transfer that content from one site to another. -->
<!-- This file is not intended to serve as a complete backup of your site. -->

<!-- To import this information into a WordPress site follow these steps: -->
<!-- 1. Log in to that site as an administrator. -->
<!-- 2. Go to Tools: Import in the WordPress admin panel. -->
<!-- 3. Install the "WordPress" importer from the list. -->
<!-- 4. Activate & Run Importer. -->
<!-- 5. Upload this file using the form provided on that page. -->
<!-- 6. You will first be asked to map the authors in this export file to users -->
<!--    on the site. For each author, you may choose to map to an -->
<!--    existing user on the site or to create a new user. -->
<!-- 7. WordPress will then import each of the posts, pages, comments, categories, etc. -->
<!--    contained in this file into your site. -->

<!-- generator="WordPress/4.7.2" created="2017-02-10 12:53" -->
<rss version="2.0"
     xmlns:excerpt="http://wordpress.org/export/1.2/excerpt/"
     xmlns:content="http://purl.org/rss/1.0/modules/content/"
     xmlns:wfw="http://wellformedweb.org/CommentAPI/"
     xmlns:dc="http://purl.org/dc/elements/1.1/"
     xmlns:wp="http://wordpress.org/export/1.2/"
 >
<channel>
    <title>KLEO Template</title>
    <link>https://seventhqueen.com/demo/kleo</link>
    <description>Wordpress Premium Template</description>
    <pubDate>Fri, 10 Feb 2017 12:53:19 +0000</pubDate>
    <language>en-US</language>
    <wp:wxr_version>1.2</wp:wxr_version>
    <wp:base_site_url>https://seventhqueen.com/demo/kleo</wp:base_site_url>
    <wp:base_blog_url>https://seventhqueen.com/demo/kleo</wp:base_blog_url>
    
    <wp:author><wp:author_id>3</wp:author_id><wp:author_login>exporter</wp:author_login><wp:author_email>exporter@7thqueen.com</wp:author_email><wp:author_display_name><![CDATA[exporter]]></wp:author_display_name><wp:author_first_name><![CDATA[]]></wp:author_first_name><wp:author_last_name><![CDATA[]]></wp:author_last_name></wp:author>
    <wp:author><wp:author_id>1</wp:author_id><wp:author_login>admin</wp:author_login><wp:author_email>demo@seventhqueen.com</wp:author_email><wp:author_display_name><![CDATA[admin]]></wp:author_display_name><wp:author_first_name><![CDATA[]]></wp:author_first_name><wp:author_last_name><![CDATA[]]></wp:author_last_name></wp:author>


    <generator>https://wordpress.org/?v=4.7.2</generator>
    
    <item>
        <title>Home Community</title>
        <link>https://seventhqueen.com/demo/kleo/</link>
        <pubDate>Tue, 04 Mar 2014 14:33:32 +0000</pubDate>
        <dc:creator><![CDATA[exporter]]></dc:creator>
        <guid isPermaLink="false">http://seventhqueen.com/themes/kleo/?page_id=816</guid>
        <description></description>
        <content:encoded><![CDATA[[vc_row inner_container="no" section_type="main" bg_position="top" bg_repeat="no-repeat" bg_cover="true" bg_attachment="false" parallax_speed="0.1" padding_top="0" padding_bottom="0" min_height="0" border="none" css_animation="right-to-left"][vc_column width="1/1"][rev_slider_vc alias="HomeFullwidth"][/vc_column][/vc_row][vc_row inner_container="yes" text_align="center" section_type="main" bg_position="top" bg_repeat="no-repeat" bg_cover="true" bg_attachment="false" parallax_speed="0.1" padding_top="10" padding_bottom="0" min_height="0" border="none" css_animation="right-to-left"][vc_column width="1/1"][kleo_divider type="long" position="center" icon="award" text="A bounty winner project from Seventh Queen" icon_size="large"][/vc_column][/vc_row][vc_row inner_container="yes" section_type="alternate" bg_position="top" bg_repeat="no-repeat" bg_cover="true" bg_attachment="false" parallax_speed="0.1" padding_top="100" padding_bottom="0" min_height="0" border="bottom" css_animation="right-to-left" text_align="center" bg_color="#000000" el_class="ov-hidden"][vc_column width="1/1"][vc_column_text css_animation="bottom-to-top" animation="animate-when-visible"]
<h1>SAY HELLO TO YOUR NEW BEST FRIEND, <strong>KLEO</strong>.</h1>
[/vc_column_text][vc_column_text lead="yes" css_animation="right-to-left"]You no longer need to be a professional developer or designer to create an awesome website. Let your imagination run wild and create the site of your dreams. KLEO has all the tools to get you started. Also we’re constantly improving and adding new features. You get all the new versions for FREE life-time.[/vc_column_text][kleo_gap size="20px"][kleo_divider type="short" position="center" icon="star-half-alt" icon_size="large"][kleo_gap size="10px"][kleo_gap size="10px"][vc_row_inner][vc_column_inner width="1/1"][vc_single_image image="820" alignment="center" img_link_target="_self" animation="animate-when-almost-visible" css_animation="bottom-to-top" img_size="full"][/vc_column_inner][/vc_row_inner][/vc_column][/vc_row][vc_row inner_container="yes" text_align="center" section_type="main" bg_position="top" bg_repeat="no-repeat" bg_cover="true" bg_attachment="false" parallax_speed="0.1" padding_top="40" padding_bottom="40" min_height="0" border="bottom" css_animation="right-to-left" enable_parallax="false"][vc_column width="1/1"][vc_row_inner][vc_column_inner width="1/4"][/vc_column_inner][vc_column_inner width="1/6"][vc_column_text css_animation="right-to-left"]
<h1 style="margin-bottom: 0;">[kleo_animate_numbers animation="animate-when-almost-visible" timer="3000"]2[/kleo_animate_numbers].[kleo_animate_numbers animation="animate-when-almost-visible" timer="3000"]247[/kleo_animate_numbers]</h1>
<h4>MEMBERS ONLINE</h4>
[/vc_column_text][/vc_column_inner][vc_column_inner width="1/6"][vc_column_text css_animation="right-to-left"]
<h1 style="margin-bottom: 0;">[kleo_animate_numbers animation="animate-when-almost-visible" timer="3000"]362[/kleo_animate_numbers]</h1>
<h4>GROUPS OF INTERESTS</h4>
[/vc_column_text][/vc_column_inner][vc_column_inner width="1/6"][vc_column_text css_animation="right-to-left"]
<h1 style="margin-bottom: 0;">[kleo_animate_numbers animation="animate-when-almost-visible" timer="3000"]43[/kleo_animate_numbers].[kleo_animate_numbers animation="animate-when-almost-visible" timer="3000"]815[/kleo_animate_numbers]</h1>
<h4>TOPICS CREATED</h4>
[/vc_column_text][/vc_column_inner][vc_column_inner width="1/4"][/vc_column_inner][/vc_row_inner][kleo_gap size="20px"][kleo_divider type="full" position="center" text="Join us today and share the same experience with the most happiest users worldwide"][kleo_gap size="20px"][vc_row_inner][vc_column_inner width="1/4"][/vc_column_inner][vc_column_inner width="1/2"][kleo_bp_members_grid type="active" number="10" perline="ten" animation="appear" class="rounded"][/vc_column_inner][vc_column_inner width="1/4"][/vc_column_inner][/vc_row_inner][kleo_gap size="20px"][/vc_column][/vc_row][vc_row inner_container="yes" section_type="main" bg_position="top" bg_repeat="no-repeat" bg_cover="true" bg_attachment="false" parallax_speed="0.1" padding_top="100" min_height="0" border="none" css_animation="right-to-left" text_align="center" padding_bottom="40"][vc_column width="1/1"][vc_column_text css_animation="bottom-to-top"]
<h2>PERFECT FOR <strong>ANY KIND</strong> OF PRESENTATION</h2>
[/vc_column_text][vc_column_text lead="yes" css_animation="right-to-left"]KLEO is a professional business theme which will showcase you app, services, portfolio, build a comunity or even sell products in style.[/vc_column_text][kleo_gap size="30px"][vc_tabs type="pills" style="default" align="centered"][vc_tab title="MULTI-PURPOSE" tab_id="1392999091-1-87" icon="th"][vc_row_inner][vc_column_inner width="1/2"][kleo_gap size="70px"][vc_images_carousel images="826,825,824" onclick="link_no" custom_links_target="_self" speed="5000" scroll_fx="crossfade" css_animation="fade" min_items="1" max_items="1" img_size="full"][/vc_column_inner][vc_column_inner width="1/2"][kleo_gap size="80px"][vc_column_text css_animation="right-to-left"]
<h3>Create complex layouts using super simple Drag-n-Drop Page Builder</h3>
[/vc_column_text][kleo_gap size="10px"][kleo_divider type="long" position="center" icon="star-half-alt"][vc_column_text css_animation="right-to-left"]
<p style="text-align: left;">KLEO is a theme with a great potential, clean, simple and realized with a responsive design, completely suitable for every kind of corporate and business websites.</p>
<p style="text-align: left;">With K-Elements as a modular shortcodes you can get creative with unlimited combinations of easy-to-use shortcodes and quickly create any type of page you like.</p>
[/vc_column_text][kleo_gap size="10px"][kleo_divider type="long" position="center" icon="star-half-alt"][kleo_gap size="10px"][kleo_button title="View theme highlights" style="default" tooltip_position="left" tooltip_action="hover"][/vc_column_inner][/vc_row_inner][/vc_tab][vc_tab title="COMMUNITY" tab_id="1392999091-2-66" icon="chat-1"][vc_row_inner][vc_column_inner width="1/1"][kleo_gap size="70px"][vc_single_image image="822" alignment="center" img_link_target="_self" animation="animate-when-almost-visible" css_animation="el-fade" img_size="full"][/vc_column_inner][/vc_row_inner][/vc_tab][vc_tab title="ONLINE STORE" tab_id="1393002333260-2-6" icon="basket"][kleo_gap size="70px"][vc_column_text css_animation="right-to-left"]
<h3><strong>WooCommerce Ready</strong> Feature will be added soon!</h3>
[/vc_column_text][vc_column_text lead="yes" css_animation="right-to-left"]With WooCommerce you can sell digital, physical or downloadable products with ease.[/vc_column_text][/vc_tab][/vc_tabs][/vc_column][/vc_row][vc_row inner_container="yes" section_type="alternate" bg_position="top" bg_repeat="no-repeat" bg_cover="true" bg_attachment="false" parallax_speed="0.1" padding_top="100" padding_bottom="40" min_height="0" border="bottom" css_animation="right-to-left" text_align="center"][vc_column width="1/1"][vc_column_text css_animation="right-to-left"]
<h3>Rated the <strong>#1 buddypress solution</strong> by worldwide community enthusiasts</h3>
[/vc_column_text][kleo_gap size="40px"][kleo_divider type="long" position="center" text="Some of KLEO Feature Highlights"][kleo_gap size="40px"][kleo_grid type="4" animation="yes"][kleo_feature_item title="Membership Ready" icon_size="default" icon="shield"]Create Membership Levels and easily restrict content based on member access[/kleo_feature_item][kleo_feature_item title="Facebook Login/Register integration" icon_size="default" icon="facebook"]Easily register or login with you Facebook account. Everything you need is included, just enable the feature from Admin panel[/kleo_feature_item][kleo_feature_item title="Over 40 pages" icon_size="default" icon="doc"]Show online status of registered users in real time[/kleo_feature_item][kleo_feature_item title="Unique Design" icon_size="default" icon="html5"]Buddypress &amp; bbPress have never enjoyed such great attention to detail. Modern and clean design.[/kleo_feature_item][/kleo_grid][kleo_grid type="4" animation="yes"][kleo_feature_item title="Extremely Flexible" icon_size="default" icon="popup"]You no longer need to be a professional developer or designer to create an awesome website. Let your imagination run wild and create the site of your dreams. KLEO has all the tools to get you started.[/kleo_feature_item][kleo_feature_item title="Drag &amp; Drop Page Builder" icon_size="default" icon="equalizer"]No coding required in building a professional website. Included as a plugin, K Elements provide unique elements to create awesome pages.[/kleo_feature_item][kleo_feature_item title="Free Updates" icon_size="default" icon="dropbox"]Many great features are yet to come to this theme so be the first to know about.[/kleo_feature_item][kleo_feature_item title="Outstanding Support" icon_size="default" icon="umbrella"]Join our happy community, get help and start learning new things. Also we’re constantly improving and adding new features. You get all the new versions for FREE life-time.[/kleo_feature_item][/kleo_grid][vc_row_inner][vc_column_inner width="1/3"][/vc_column_inner][vc_column_inner width="1/3"][kleo_button title="Get KLEO Theme Today!" style="highlight" size="lg" icon="xing" tooltip="popover" tooltip_position="right" tooltip_title="Popovers are great for additional infos" tooltip_text="Lorem ipsum dolor sit amet, consectetur adipisicing elit, sed do eiusmod tempor incididunt ut labore et dolore magna aliqua." tooltip_action="hover"][/vc_column_inner][vc_column_inner width="1/3"][/vc_column_inner][/vc_row_inner][/vc_column][/vc_row][vc_row inner_container="yes" text_align="center" section_type="main" bg_position="top" bg_repeat="no-repeat" bg_cover="true" bg_attachment="false" parallax_speed="0.1" padding_top="40" padding_bottom="40" min_height="0" border="none" css_animation="right-to-left"][vc_column width="1/1"][kleo_testimonials type="carousel" number="6"][kleo_gap size="60px"][kleo_divider type="full" position="center" text="Kleo is trusted by 73,000+ clients and companies worldwide"][kleo_gap size="30px"][kleo_clients animated="yes" animation="fade" number="5"][/vc_column][/vc_row][vc_row inner_container="yes" text_align="center" text_color="#ffffff" section_type="main" type="image" bg_image="330" bg_position="top" bg_repeat="no-repeat" bg_cover="false" bg_attachment="false" enable_parallax="false" parallax_speed="0.1" padding_top="40" padding_bottom="40" min_height="0" border="none" css_animation="right-to-left"][vc_column width="1/1"][vc_column_text css_animation="right-to-left"]
<h3>IN CASE YOU NEED HELP</h3>
[/vc_column_text][kleo_grid type="3" animation="yes"][kleo_feature_item title="Presales Question?" icon_size="default" icon="help" icon_position="center"]This theme comes with an extensive help file that explains how to set up every aspect of the theme, however, we’ll be happy to help you if you need technical support or have any question. Dont hesitate to contact us via our support forum.[/kleo_feature_item][kleo_feature_item title="Need Support?" icon_size="default" icon="graduation-cap" icon_position="center"]This theme comes with an extensive help file that explains how to set up every aspect of the theme, however, we’ll be happy to help you if you need technical support or have any question. Dont hesitate to contact us via our support forum.[/kleo_feature_item][kleo_feature_item title="Check Forum" icon_size="default" icon="chat" icon_position="center"]This theme comes with an extensive help file that explains how to set up every aspect of the theme, however, we’ll be happy to help you if you need technical support or have any question. Dont hesitate to contact us via our support forum.[/kleo_feature_item][/kleo_grid][/vc_column][/vc_row]]]></content:encoded>
        <excerpt:encoded><![CDATA[]]></excerpt:encoded>
        <wp:post_id>816</wp:post_id>
        <wp:post_date><![CDATA[2014-03-04 14:33:32]]></wp:post_date>
        <wp:post_date_gmt><![CDATA[2014-03-04 14:33:32]]></wp:post_date_gmt>
        <wp:comment_status><![CDATA[open]]></wp:comment_status>
        <wp:ping_status><![CDATA[closed]]></wp:ping_status>
        <wp:post_name><![CDATA[home-community]]></wp:post_name>
        <wp:status><![CDATA[publish]]></wp:status>
        <wp:post_parent>0</wp:post_parent>
        <wp:menu_order>0</wp:menu_order>
        <wp:post_type><![CDATA[page]]></wp:post_type>
        <wp:post_password><![CDATA[]]></wp:post_password>
        <wp:is_sticky>0</wp:is_sticky>
        <wp:postmeta>
            <wp:meta_key><![CDATA[_edit_last]]></wp:meta_key>
            <wp:meta_value><![CDATA[1]]></wp:meta_value>
        </wp:postmeta>
        <wp:postmeta>
            <wp:meta_key><![CDATA[_wp_page_template]]></wp:meta_key>
            <wp:meta_value><![CDATA[page-templates/full-width.php]]></wp:meta_value>
        </wp:postmeta>
        <wp:postmeta>
            <wp:meta_key><![CDATA[_wpb_vc_js_status]]></wp:meta_key>
            <wp:meta_value><![CDATA[false]]></wp:meta_value>
        </wp:postmeta>
        <wp:postmeta>
            <wp:meta_key><![CDATA[_wpb_vc_js_interface_version]]></wp:meta_key>
            <wp:meta_value><![CDATA[2]]></wp:meta_value>
        </wp:postmeta>
        <wp:postmeta>
            <wp:meta_key><![CDATA[slide_template]]></wp:meta_key>
            <wp:meta_value><![CDATA[]]></wp:meta_value>
        </wp:postmeta>
        <wp:postmeta>
            <wp:meta_key><![CDATA[_kleo_transparent_menu]]></wp:meta_key>
            <wp:meta_value><![CDATA[1]]></wp:meta_value>
        </wp:postmeta>
        <wp:postmeta>
            <wp:meta_key><![CDATA[_kleo_topbar_status]]></wp:meta_key>
            <wp:meta_value><![CDATA[0]]></wp:meta_value>
        </wp:postmeta>
        <wp:postmeta>
            <wp:meta_key><![CDATA[_kleo_transparent_menu_color]]></wp:meta_key>
            <wp:meta_value><![CDATA[white]]></wp:meta_value>
        </wp:postmeta>
        <wp:postmeta>
            <wp:meta_key><![CDATA[_kleo_page_menu]]></wp:meta_key>
            <wp:meta_value><![CDATA[default]]></wp:meta_value>
        </wp:postmeta>
        <wp:postmeta>
            <wp:meta_key><![CDATA[_kleo_title_checkbox]]></wp:meta_key>
            <wp:meta_value><![CDATA[1]]></wp:meta_value>
        </wp:postmeta>
        <wp:postmeta>
            <wp:meta_key><![CDATA[_kleo_hide_breadcrumb]]></wp:meta_key>
            <wp:meta_value><![CDATA[1]]></wp:meta_value>
        </wp:postmeta>
        <wp:postmeta>
            <wp:meta_key><![CDATA[_kleo_hide_info]]></wp:meta_key>
            <wp:meta_value><![CDATA[1]]></wp:meta_value>
        </wp:postmeta>
        <wp:postmeta>
            <wp:meta_key><![CDATA[_item_likes]]></wp:meta_key>
            <wp:meta_value><![CDATA[0]]></wp:meta_value>
        </wp:postmeta>
        <wp:postmeta>
            <wp:meta_key><![CDATA[sq_import]]></wp:meta_key>
            <wp:meta_value><![CDATA[1]]></wp:meta_value>
        </wp:postmeta>
        <wp:postmeta>
            <wp:meta_key><![CDATA[sq_domain]]></wp:meta_key>
            <wp:meta_value><![CDATA[https://seventhqueen.com/demo/kleo]]></wp:meta_value>
        </wp:postmeta>
        <wp:postmeta>
            <wp:meta_key><![CDATA[_vc_post_settings]]></wp:meta_key>
            <wp:meta_value><![CDATA[a:1:{s:10:"vc_grid_id";a:0:{}}]]></wp:meta_value>
        </wp:postmeta>
        <wp:postmeta>
            <wp:meta_key><![CDATA[_kleo_title_color]]></wp:meta_key>
            <wp:meta_value><![CDATA[#]]></wp:meta_value>
        </wp:postmeta>
        <wp:postmeta>
            <wp:meta_key><![CDATA[_kleo_title_bg]]></wp:meta_key>
            <wp:meta_value><![CDATA[a:5:{s:3:"url";s:0:"";s:6:"repeat";s:6:"repeat";s:4:"size";s:7:"inherit";s:10:"attachment";s:6:"scroll";s:8:"position";s:8:"left top";}]]></wp:meta_value>
        </wp:postmeta>
        <wp:postmeta>
            <wp:meta_key><![CDATA[_kleo_title_bg_color]]></wp:meta_key>
            <wp:meta_value><![CDATA[#]]></wp:meta_value>
        </wp:postmeta>
        <wp:postmeta>
            <wp:meta_key><![CDATA[_kleo_header_layout]]></wp:meta_key>
            <wp:meta_value><![CDATA[default]]></wp:meta_value>
        </wp:postmeta>
        <wp:postmeta>
            <wp:meta_key><![CDATA[_kleo_page_menu_secondary]]></wp:meta_key>
            <wp:meta_value><![CDATA[default]]></wp:meta_value>
        </wp:postmeta>
        <wp:postmeta>
            <wp:meta_key><![CDATA[sbg_selected_sidebar]]></wp:meta_key>
            <wp:meta_value><![CDATA[a:1:{i:0;s:1:"0";}]]></wp:meta_value>
        </wp:postmeta>
        <wp:postmeta>
            <wp:meta_key><![CDATA[sbg_selected_sidebar_replacement]]></wp:meta_key>
            <wp:meta_value><![CDATA[a:1:{i:0;s:1:"0";}]]></wp:meta_value>
        </wp:postmeta>
        <wp:postmeta>
            <wp:meta_key><![CDATA[sq_img_data]]></wp:meta_key>
            <wp:meta_value><![CDATA[a:4:{i:820;s:78:"https://seventhqueen.com/demo/kleo/wp-content/uploads/2014/03/browswer_big.png";s:11:"826,825,824";s:263:"https://seventhqueen.com/demo/kleo/wp-content/uploads/2014/03/kleo_isotope_blog1.png,https://seventhqueen.com/demo/kleo/wp-content/uploads/2014/03/multipurpose_buddypress1.png,https://seventhqueen.com/demo/kleo/wp-content/uploads/2014/03/kleo_isotope_gallery1.png";i:822;s:82:"https://seventhqueen.com/demo/kleo/wp-content/uploads/2014/03/buddypress_core1.jpg";i:330;s:71:"https://seventhqueen.com/demo/kleo/wp-content/uploads/2014/02/image.jpg";}]]></wp:meta_value>
        </wp:postmeta>
        <wp:postmeta>
            <wp:meta_key><![CDATA[sq_attach]]></wp:meta_key>
            <wp:meta_value><![CDATA[a:6:{i:820;s:78:"https://seventhqueen.com/demo/kleo/wp-content/uploads/2014/03/browswer_big.png";i:822;s:82:"https://seventhqueen.com/demo/kleo/wp-content/uploads/2014/03/buddypress_core1.jpg";i:824;s:87:"https://seventhqueen.com/demo/kleo/wp-content/uploads/2014/03/kleo_isotope_gallery1.png";i:825;s:90:"https://seventhqueen.com/demo/kleo/wp-content/uploads/2014/03/multipurpose_buddypress1.png";i:826;s:84:"https://seventhqueen.com/demo/kleo/wp-content/uploads/2014/03/kleo_isotope_blog1.png";i:835;s:81:"https://seventhqueen.com/demo/kleo/wp-content/uploads/2014/03/logo_white_teal.png";}]]></wp:meta_value>
        </wp:postmeta>
        <wp:postmeta>
            <wp:meta_key><![CDATA[sq_base]]></wp:meta_key>
            <wp:meta_value><![CDATA[https://seventhqueen.com/demo/kleo/wp-content/uploads]]></wp:meta_value>
        </wp:postmeta>
    </item>
</channel>
</rss>
