<?xml version="1.0" encoding="UTF-8" ?>
<!-- This is a WordPress eXtended RSS file generated by WordPress as an export of your site. -->
<!-- It contains information about your site's posts, pages, comments, categories, and other content. -->
<!-- You may use this file to transfer that content from one site to another. -->
<!-- This file is not intended to serve as a complete backup of your site. -->

<!-- To import this information into a WordPress site follow these steps: -->
<!-- 1. Log in to that site as an administrator. -->
<!-- 2. Go to Tools: Import in the WordPress admin panel. -->
<!-- 3. Install the "WordPress" importer from the list. -->
<!-- 4. Activate & Run Importer. -->
<!-- 5. Upload this file using the form provided on that page. -->
<!-- 6. You will first be asked to map the authors in this export file to users -->
<!--    on the site. For each author, you may choose to map to an -->
<!--    existing user on the site or to create a new user. -->
<!-- 7. WordPress will then import each of the posts, pages, comments, categories, etc. -->
<!--    contained in this file into your site. -->

<!-- generator="WordPress/4.7.3" created="2017-03-09 17:13" -->
<rss version="2.0"
    xmlns:excerpt="http://wordpress.org/export/1.2/excerpt/"
    xmlns:content="http://purl.org/rss/1.0/modules/content/"
    xmlns:wfw="http://wellformedweb.org/CommentAPI/"
    xmlns:dc="http://purl.org/dc/elements/1.1/"
    xmlns:wp="http://wordpress.org/export/1.2/"
>

<channel>
    <title>KLEO Template</title>
    <link>https://seventhqueen.com/demo/kleo</link>
    <description>Wordpress Premium Template</description>
    <pubDate>Thu, 09 Mar 2017 17:13:04 +0000</pubDate>
    <language>en-US</language>
    <wp:wxr_version>1.2</wp:wxr_version>
    <wp:base_site_url>https://seventhqueen.com/demo/kleo</wp:base_site_url>
    <wp:base_blog_url>https://seventhqueen.com/demo/kleo</wp:base_blog_url>

    <wp:author><wp:author_id>3</wp:author_id><wp:author_login><![CDATA[exporter]]></wp:author_login><wp:author_email><![CDATA[exporter@7thqueen.com]]></wp:author_email><wp:author_display_name><![CDATA[exporter]]></wp:author_display_name><wp:author_first_name><![CDATA[]]></wp:author_first_name><wp:author_last_name><![CDATA[]]></wp:author_last_name></wp:author>


    <generator>https://wordpress.org/?v=4.7.3</generator>

    <item>
        <title>Home Mobile App</title>
        <link>https://seventhqueen.com/demo/kleo/home-mobile-app/</link>
        <pubDate>Sat, 30 May 2015 21:36:41 +0000</pubDate>
        <dc:creator><![CDATA[exporter]]></dc:creator>
        <guid isPermaLink="false">http://seventhqueen.com/themes/kleo/mobile-app/?page_id=2</guid>
        <description></description>
        <content:encoded><![CDATA[[vc_row el_id="mobile-first-section" text_align="center" type="color" bg_color="#20a4ce" padding_top="0" padding_bottom="0"][vc_column][kleo_gap size="80px"][vc_single_image image="7084" img_size="full" alignment="center" animation="animate-when-almost-visible" css_animation="el-fade"][vc_single_image image="7083" img_size="full" alignment="center" animation="animate-when-almost-visible" css_animation="el-fade"][vc_custom_heading text="Lorem ipsum dolor sit amet consectetuer" font_container="tag:h2|font_size:22px|text_align:center|color:%23ffffff|line_height:28px" google_fonts="font_family:Open%20Sans%3A300%2C300italic%2Cregular%2Citalic%2C600%2C600italic%2C700%2C700italic%2C800%2C800italic|font_style:300%20light%20regular%3A300%3Anormal" el_class="animate-when-almost-visible el-fade"][kleo_button title="Download on the" href="#" style="custom" type="app" title_alt="App Store" special="no_border" icon="apple" el_class="animate-when-almost-visible el-fade" custom_background="#2cbae7" border_width="0" custom_text="#ffffff"][kleo_button title="Android app on" href="#" style="custom" type="app" title_alt="Google Play" special="no_border" icon="android" el_class="animate-when-almost-visible el-fade" custom_background="#2cbae7" custom_text="#ffffff" border_width="0"][/vc_column][/vc_row][vc_row inner_container="no" type="color" bg_color="#20a4ce" padding_top="0" padding_bottom="0" padding_left="0" padding_right="0" margin_top="0" margin_bottom="0"][vc_column][rev_slider_vc alias="mobile-app"][/vc_column][/vc_row][vc_row inner_container="no" text_color="#ffffff" type="color" bg_color="#2cbae7" padding_top="0" padding_bottom="0" padding_left="0" padding_right="0" margin_top="0"][vc_column][vc_row_inner css=".vc_custom_1432917720702{margin-bottom: 50px !important;}"][vc_column_inner][vc_single_image image="14" img_size="full" alignment="center" animation="animate-when-almost-visible" css_animation="el-fade" css=".vc_custom_1433973353893{margin-top: 70px !important;margin-bottom: 20px !important;}"][vc_custom_heading text="APPLICATION FEATURES" font_container="tag:h2|font_size:28|text_align:center|color:%23ffffff" google_fonts="font_family:Lato%3A100%2C100italic%2C300%2C300italic%2Cregular%2Citalic%2C700%2C700italic%2C900%2C900italic|font_style:900%20bold%20regular%3A900%3Anormal" el_class="letter-spacing-2px" css=".vc_custom_1433956156265{margin-bottom: 120px !important;}"][kleo_grid type="3" animation="yes" colored_icons="yes"][kleo_feature_item icon="arrows-cw" icon_size="big" icon_position="center"]<strong>FLEXIBILITY</strong>

dolor sit amet, consectetuer adipiscing elit, sed diam nonummy nibh euismod tincidunt ut laoreet dolore magna aliquam erat volutpat[/kleo_feature_item][kleo_feature_item icon="dot-circled" icon_size="big" icon_position="center"]<strong>UNITY</strong>

Lorem ipsum dolor sit amet, consectetuer adipiscing elit, sed diam nonummy nibh euismod tincidunt ut laoreet dolore magna aliquam erat volutpat[/kleo_feature_item][kleo_feature_item icon="cog-alt" icon_size="big" icon_position="center"]<strong>EASY TO SET UP</strong>

Lorem ipsum dolor sit amet, consectetuer adipiscing elit, sed diam nonummy nibh euismod tincidunt ut laoreet dolore magna aliquam erat volutpat[/kleo_feature_item][/kleo_grid][/vc_column_inner][/vc_row_inner][vc_row_inner css=".vc_custom_1432917758130{margin-top: 80px !important;}"][vc_column_inner][vc_separator color="custom" accent_color="#80d6f1"][vc_custom_heading text="DO BETTER WORK" font_container="tag:h2|font_size:28|text_align:center|color:%23ffffff" google_fonts="font_family:Lato%3A100%2C100italic%2C300%2C300italic%2Cregular%2Citalic%2C700%2C700italic%2C900%2C900italic|font_style:900%20bold%20regular%3A900%3Anormal" el_class="letter-spacing-2px" css=".vc_custom_1432917255546{margin-top: 90px !important;}"][vc_custom_heading text="Lorem ipsum dolor sit amet consectetuer" font_container="tag:p|font_size:22|text_align:center|color:%23ffffff" google_fonts="font_family:Open%20Sans%3A300%2C300italic%2Cregular%2Citalic%2C600%2C600italic%2C700%2C700italic%2C800%2C800italic|font_style:300%20light%20regular%3A300%3Anormal" el_class="letter-spacing-1px" css=".vc_custom_1432917534302{margin-bottom: 90px !important;}"][/vc_column_inner][/vc_row_inner][vc_row_inner inner_container="yes"][vc_column_inner][kleo_pin type="circle" top="30%" right="15%" tooltip="popover" tooltip_position="top" tooltip_title="Title" tooltip_text="Lorem ipsum dolor sit amet, consectetuer adipiscing elit, sed diam nonummy nibh euismod tincidunt ut laoreet dolore magna aliquam erat volutpat. Ut wisi enim ad minim veniam, quis nostrud exerci tation ullamcorper." animation="animate-when-visible" css_animation="pulsate"][kleo_pin type="circle" right="44%" bottom="20%" tooltip="popover" tooltip_position="top" tooltip_title="Title" tooltip_text="Lorem ipsum dolor sit amet, consectetuer adipiscing elit, sed diam nonummy nibh euismod tincidunt ut laoreet dolore magna aliquam erat volutpat. Ut wisi enim ad minim veniam, quis nostrud exerci tation ullamcorper." animation="animate-when-visible" css_animation="pulsate"][kleo_pin type="circle" top="45%" left="45%" tooltip="popover" tooltip_position="top" tooltip_title="Title" tooltip_text="Lorem ipsum dolor sit amet, consectetuer adipiscing elit" animation="animate-when-visible" css_animation="pulsate"][kleo_pin type="circle" top="31.5%" left="17.2%" tooltip="popover" tooltip_position="top" tooltip_title="Text" tooltip_text="Lorem ipsum dolor sit amet, consectetuer adipiscing elit, sed diam nonummy nibh euismod tincidunt ut laoreet dolore magna aliquam erat volutpat. Ut wisi enim ad minim veniam, quis nostrud exerci tation ullamcorper " animation="animate-when-visible" css_animation="pulsate"][vc_single_image image="7080" img_size="full" alignment="center" full_width="yes" animation="animate-when-almost-visible" css_animation="bottom-to-top"][/vc_column_inner][/vc_row_inner][vc_row_inner css=".vc_custom_1433013497498{margin-top: 90px !important;}"][vc_column_inner][vc_separator color="custom" accent_color="#80d6f1"][vc_custom_heading text="SIMPLICITY IS NOT STUPIDITY" font_container="tag:h2|font_size:28|text_align:center|color:%23ffffff" google_fonts="font_family:Lato%3A100%2C100italic%2C300%2C300italic%2Cregular%2Citalic%2C700%2C700italic%2C900%2C900italic|font_style:900%20bold%20regular%3A900%3Anormal" el_class="letter-spacing-2px" css=".vc_custom_1432921082213{margin-top: 90px !important;}"][vc_custom_heading text="Lorem ipsum dolor sit amet, consectetuer adipiscing elit, sed diam nonummy nibh euismod tincidunt ut laoreet" font_container="tag:p|font_size:22|text_align:center|color:%23ffffff" google_fonts="font_family:Open%20Sans%3A300%2C300italic%2Cregular%2Citalic%2C600%2C600italic%2C700%2C700italic%2C800%2C800italic|font_style:300%20light%20regular%3A300%3Anormal" el_class="letter-spacing-1px" css=".vc_custom_1432921139922{margin-bottom: 90px !important;}"][/vc_column_inner][/vc_row_inner][/vc_column][/vc_row][vc_row text_color="#ffffff" type="color" bg_color="#2cbae7" padding_top="0" padding_bottom="0"][vc_column css=".vc_custom_1433018008782{margin-top: 0px !important;margin-bottom: 90px !important;}"][vc_tabs style="line" align="centered" margin_top="0"][vc_tab tab_id="f5dbbc33-dcfe-6" icon="0" title="CLEVER"][vc_row_inner][vc_column_inner width="1/3" css=".vc_custom_1433015134035{margin-top: 50px !important;}"][vc_column_text font_size="14" animation="animate-when-visible" css_animation="el-fade" css=".vc_custom_1433015307006{margin-top: 150px !important;}"]
<p style="text-align: right;">I am text block. Click edit button to change this text. Lorem ipsum dolor sit amet, consectetur adipiscing elit. Ut elit tellus, luctus nec ullamcorper mattis, pulvinar dapibus leo.</p>
[/vc_column_text][/vc_column_inner][vc_column_inner width="1/3" css=".vc_custom_1433015001904{margin-top: 50px !important;}"][vc_single_image image="19" img_size="full" alignment="center" animation="animate-when-visible" css_animation="el-fade"][/vc_column_inner][vc_column_inner width="1/3" css=".vc_custom_1433015227657{margin-top: 50px !important;}"][vc_column_text font_size="14" animation="animate-when-visible" css_animation="el-fade" css=".vc_custom_1433015322160{margin-top: 150px !important;}"]
<p style="text-align: left;">I am text block. Click edit button to change this text. Lorem ipsum dolor sit amet, consectetur adipiscing elit. Ut elit tellus, luctus nec ullamcorper mattis, pulvinar dapibus leo.</p>
[/vc_column_text][/vc_column_inner][/vc_row_inner][/vc_tab][vc_tab tab_id="baaadf65-63c2-8" icon="0" title="MODERN"][vc_row_inner][vc_column_inner css=".vc_custom_1433017283851{margin-top: 50px !important;}"][vc_column_text font_size="14"]
<p style="text-align: center;">I am text block. Click edit button to change this text.</p>
[/vc_column_text][vc_single_image image="20" img_size="full" alignment="center" full_width="yes" animation="animate-when-visible" css_animation="el-fade"][/vc_column_inner][/vc_row_inner][/vc_tab][vc_tab tab_id="1433013389444-2-6" icon="0" title="POWERFUL"][vc_row_inner][vc_column_inner width="1/2"][vc_column_text font_size="14" animation="animate-when-visible" css_animation="el-fade"]
<p style="text-align: justify;">Lorem ipsum dolor sit amet, consectetuer adipiscing elit, sed diam nonummy nibh euismod tincidunt ut laoreet dolore magna aliquam erat volutpat. Ut wisi enim ad minim veniam, quis nostrud exerci tation ullamcorper suscipit lobortis nisl ut aliquip ex ea commodo consequat.</p>
<p style="text-align: justify;">Duis autem vel eum iriure dolor in hendrerit in vulputate velit esse molestie consequat, vel illum dolore eu feugiat nulla facilisis at vero eros et accumsan et iusto odio dignissim qui blandit praesent luptatum zzril delenit augue duis dolore te feugait nulla facilisi. Nam liber tempor cum soluta nobis eleifend option congue nihil imperdiet doming id quod mazim placerat facer possim assum. Typi non habent claritatem insitam; est usus legentis in iis qui facit eorum claritatem. Investigationes demonstraverunt lectores legere me lius quod ii legunt saepius.</p>
<p style="text-align: justify;">Claritas est etiam processus dynamicus, qui sequitur mutationem consuetudium lectorum. Mirum est notare quam littera gothica, quam nunc putamus parum claram, anteposuerit litterarum formas humanitatis per seacula quarta decima et quinta decima. Eodem modo typi, qui nunc nobis videntur parum clari, fiant sollemnes in futurum.</p>
[/vc_column_text][/vc_column_inner][vc_column_inner width="1/2"][vc_column_text font_size="14" animation="animate-when-visible" css_animation="el-fade"]
<p style="text-align: justify;">Lorem ipsum dolor sit amet, consectetuer adipiscing elit, sed diam nonummy nibh euismod tincidunt ut laoreet dolore magna aliquam erat volutpat. Ut wisi enim ad minim veniam, quis nostrud exerci tation ullamcorper suscipit lobortis nisl ut aliquip ex ea commodo consequat. Duis autem vel eum iriure dolor in hendrerit in vulputate velit esse molestie consequat, vel illum dolore eu feugiat nulla facilisis at vero eros et accumsan et iusto odio dignissim qui blandit praesent luptatum zzril delenit augue duis dolore te feugait nulla facilisi.</p>
<p style="text-align: justify;">Nam liber tempor cum soluta nobis eleifend option congue nihil imperdiet doming id quod mazim placerat facer possim assum. Typi non habent claritatem insitam; est usus legentis in iis qui facit eorum claritatem. Investigationes demonstraverunt lectores legere me lius quod ii legunt saepius. Claritas est etiam processus dynamicus, qui sequitur mutationem consuetudium lectorum.</p>
<p style="text-align: justify;">Mirum est notare quam littera gothica, quam nunc putamus parum claram, anteposuerit litterarum formas humanitatis per seacula quarta decima et quinta decima. Eodem modo typi, qui nunc nobis videntur parum clari, fiant sollemnes in futurum.</p>
[/vc_column_text][/vc_column_inner][/vc_row_inner][/vc_tab][/vc_tabs][/vc_column][/vc_row][vc_row text_align="center" text_color="#ffffff" type="color" bg_color="#2cbae7"][vc_column][vc_separator color="custom" accent_color="#80d6f1"][vc_custom_heading text="DISCOVER, EXPLORE AND REMEMBER" font_container="tag:h2|font_size:28|text_align:center|color:%23ffffff" google_fonts="font_family:Lato%3A100%2C100italic%2C300%2C300italic%2Cregular%2Citalic%2C700%2C700italic%2C900%2C900italic|font_style:900%20bold%20regular%3A900%3Anormal" el_class="letter-spacing-2px" css=".vc_custom_1433018480625{margin-top: 90px !important;}"][vc_custom_heading text="Lorem ipsum dolor sit amet, consectetuer adipiscing elit, sed diam nonummy nibh euismod tincidunt ut laoreet" font_container="tag:p|font_size:22|text_align:center|color:%23ffffff" google_fonts="font_family:Open%20Sans%3A300%2C300italic%2Cregular%2Citalic%2C600%2C600italic%2C700%2C700italic%2C800%2C800italic|font_style:300%20light%20regular%3A300%3Anormal" el_class="letter-spacing-1px" css=".vc_custom_1432921139922{margin-bottom: 90px !important;}"][kleo_button title="KLEO APP on the instagram" href="#" target="_blank" style="highlight" special="yes" icon="0"][vc_empty_space height="60"][vc_separator color="custom" accent_color="#80d6f1"][vc_row_inner css=".vc_custom_1433024192807{margin-top: 50px !important;margin-bottom: 15px !important;}"][vc_column_inner width="1/3"][kleo_icon icon="facebook" icon_size="2x" href="https://www.facebook.com/seventhqueen.themes" target="_blank"][/vc_column_inner][vc_column_inner width="1/3"][kleo_icon icon="twitter" icon_size="2x" href="https://twitter.com/seventhqueen" target="_blank"][/vc_column_inner][vc_column_inner width="1/3"][kleo_icon icon="gplus" icon_size="2x" href="https://plus.google.com/+Seventhqueen/posts"][/vc_column_inner][/vc_row_inner][/vc_column][/vc_row]]]></content:encoded>
        <excerpt:encoded><![CDATA[]]></excerpt:encoded>
        <wp:post_id>7079</wp:post_id>
        <wp:post_date><![CDATA[2015-05-30 21:36:41]]></wp:post_date>
        <wp:post_date_gmt><![CDATA[2015-05-30 21:36:41]]></wp:post_date_gmt>
        <wp:comment_status><![CDATA[open]]></wp:comment_status>
        <wp:ping_status><![CDATA[closed]]></wp:ping_status>
        <wp:post_name><![CDATA[home-mobile-app]]></wp:post_name>
        <wp:status><![CDATA[publish]]></wp:status>
        <wp:post_parent>0</wp:post_parent>
        <wp:menu_order>0</wp:menu_order>
        <wp:post_type><![CDATA[page]]></wp:post_type>
        <wp:post_password><![CDATA[]]></wp:post_password>
        <wp:is_sticky>0</wp:is_sticky>
        <wp:postmeta>
            <wp:meta_key><![CDATA[_wp_page_template]]></wp:meta_key>
            <wp:meta_value><![CDATA[page-templates/full-width.php]]></wp:meta_value>
        </wp:postmeta>
        <wp:postmeta>
            <wp:meta_key><![CDATA[_edit_last]]></wp:meta_key>
            <wp:meta_value><![CDATA[1]]></wp:meta_value>
        </wp:postmeta>
        <wp:postmeta>
            <wp:meta_key><![CDATA[slide_template]]></wp:meta_key>
            <wp:meta_value><![CDATA[]]></wp:meta_value>
        </wp:postmeta>
        <wp:postmeta>
            <wp:meta_key><![CDATA[_kleo_transparent_menu_color]]></wp:meta_key>
            <wp:meta_value><![CDATA[white]]></wp:meta_value>
        </wp:postmeta>
        <wp:postmeta>
            <wp:meta_key><![CDATA[_kleo_title_color]]></wp:meta_key>
            <wp:meta_value><![CDATA[#]]></wp:meta_value>
        </wp:postmeta>
        <wp:postmeta>
            <wp:meta_key><![CDATA[_kleo_title_bg]]></wp:meta_key>
            <wp:meta_value><![CDATA[a:5:{s:3:"url";s:0:"";s:6:"repeat";s:6:"repeat";s:4:"size";s:7:"inherit";s:10:"attachment";s:6:"scroll";s:8:"position";s:8:"left top";}]]></wp:meta_value>
        </wp:postmeta>
        <wp:postmeta>
            <wp:meta_key><![CDATA[_kleo_title_bg_color]]></wp:meta_key>
            <wp:meta_value><![CDATA[#]]></wp:meta_value>
        </wp:postmeta>
        <wp:postmeta>
            <wp:meta_key><![CDATA[_kleo_page_menu]]></wp:meta_key>
            <wp:meta_value><![CDATA[default]]></wp:meta_value>
        </wp:postmeta>
        <wp:postmeta>
            <wp:meta_key><![CDATA[_kleo_topbar_status]]></wp:meta_key>
            <wp:meta_value><![CDATA[0]]></wp:meta_value>
        </wp:postmeta>
        <wp:postmeta>
            <wp:meta_key><![CDATA[_kleo_title_checkbox]]></wp:meta_key>
            <wp:meta_value><![CDATA[1]]></wp:meta_value>
        </wp:postmeta>
        <wp:postmeta>
            <wp:meta_key><![CDATA[_kleo_hide_breadcrumb]]></wp:meta_key>
            <wp:meta_value><![CDATA[1]]></wp:meta_value>
        </wp:postmeta>
        <wp:postmeta>
            <wp:meta_key><![CDATA[_kleo_hide_info]]></wp:meta_key>
            <wp:meta_value><![CDATA[1]]></wp:meta_value>
        </wp:postmeta>
        <wp:postmeta>
            <wp:meta_key><![CDATA[_wpb_vc_js_status]]></wp:meta_key>
            <wp:meta_value><![CDATA[true]]></wp:meta_value>
        </wp:postmeta>
        <wp:postmeta>
            <wp:meta_key><![CDATA[_vc_post_settings]]></wp:meta_key>
            <wp:meta_value><![CDATA[a:1:{s:10:"vc_grid_id";a:0:{}}]]></wp:meta_value>
        </wp:postmeta>
        <wp:postmeta>
            <wp:meta_key><![CDATA[_wpb_shortcodes_custom_css]]></wp:meta_key>
            <wp:meta_value><![CDATA[.vc_custom_1432917720702{margin-bottom: 50px !important;}.vc_custom_1432917758130{margin-top: 80px !important;}.vc_custom_1433013497498{margin-top: 90px !important;}.vc_custom_1433973353893{margin-top: 70px !important;margin-bottom: 20px !important;}.vc_custom_1433956156265{margin-bottom: 120px !important;}.vc_custom_1432917255546{margin-top: 90px !important;}.vc_custom_1432917534302{margin-bottom: 90px !important;}.vc_custom_1432921082213{margin-top: 90px !important;}.vc_custom_1432921139922{margin-bottom: 90px !important;}.vc_custom_1433018008782{margin-top: 0px !important;margin-bottom: 90px !important;}.vc_custom_1433015134035{margin-top: 50px !important;}.vc_custom_1433015001904{margin-top: 50px !important;}.vc_custom_1433015227657{margin-top: 50px !important;}.vc_custom_1433015307006{margin-top: 150px !important;}.vc_custom_1433015322160{margin-top: 150px !important;}.vc_custom_1433017283851{margin-top: 50px !important;}.vc_custom_1433018480625{margin-top: 90px !important;}.vc_custom_1432921139922{margin-bottom: 90px !important;}.vc_custom_1433024192807{margin-top: 50px !important;margin-bottom: 15px !important;}]]></wp:meta_value>
        </wp:postmeta>
        <wp:postmeta>
            <wp:meta_key><![CDATA[_kleo_hide_shop_icon]]></wp:meta_key>
            <wp:meta_value><![CDATA[1]]></wp:meta_value>
        </wp:postmeta>
        <wp:postmeta>
            <wp:meta_key><![CDATA[_kleo_hide_search_icon]]></wp:meta_key>
            <wp:meta_value><![CDATA[1]]></wp:meta_value>
        </wp:postmeta>
        <wp:postmeta>
            <wp:meta_key><![CDATA[_kleo_transparent_menu]]></wp:meta_key>
            <wp:meta_value><![CDATA[1]]></wp:meta_value>
        </wp:postmeta>
        <wp:postmeta>
            <wp:meta_key><![CDATA[_kleo_hide_footer]]></wp:meta_key>
            <wp:meta_value><![CDATA[1]]></wp:meta_value>
        </wp:postmeta>
        <wp:postmeta>
            <wp:meta_key><![CDATA[_item_likes]]></wp:meta_key>
            <wp:meta_value><![CDATA[0]]></wp:meta_value>
        </wp:postmeta>
        <wp:postmeta>
            <wp:meta_key><![CDATA[sbg_selected_sidebar]]></wp:meta_key>
            <wp:meta_value><![CDATA[a:1:{i:0;s:1:"0";}]]></wp:meta_value>
        </wp:postmeta>
        <wp:postmeta>
            <wp:meta_key><![CDATA[sbg_selected_sidebar_replacement]]></wp:meta_key>
            <wp:meta_value><![CDATA[a:1:{i:0;s:1:"0";}]]></wp:meta_value>
        </wp:postmeta>
        <wp:postmeta>
            <wp:meta_key><![CDATA[sq_import]]></wp:meta_key>
            <wp:meta_value><![CDATA[1]]></wp:meta_value>
        </wp:postmeta>
        <wp:postmeta>
            <wp:meta_key><![CDATA[sq_domain]]></wp:meta_key>
            <wp:meta_value><![CDATA[https://seventhqueen.com/demo/kleo]]></wp:meta_value>
        </wp:postmeta>
        <wp:postmeta>
            <wp:meta_key><![CDATA[sq_img_data]]></wp:meta_key>
            <wp:meta_value><![CDATA[a:6:{i:7084;s:72:"https://seventhqueen.com/demo/kleo/wp-content/uploads/2015/05/O_logo.png";i:7083;s:74:"https://seventhqueen.com/demo/kleo/wp-content/uploads/2015/05/Kleo_app.png";i:14;s:76:"https://seventhqueen.com/demo/kleo/wp-content/uploads/2015/05/app_icon_2.png";i:7080;s:76:"https://seventhqueen.com/demo/kleo/wp-content/uploads/2015/05/section-02.png";i:19;s:71:"https://seventhqueen.com/demo/kleo/wp-content/uploads/2015/05/watch.jpg";i:20;s:75:"https://seventhqueen.com/demo/kleo/wp-content/uploads/2015/05/isometric.png";}]]></wp:meta_value>
        </wp:postmeta>
        <wp:postmeta>
            <wp:meta_key><![CDATA[sq_attach]]></wp:meta_key>
            <wp:meta_value><![CDATA[a:7:{i:14;s:76:"https://seventhqueen.com/demo/kleo/wp-content/uploads/2015/05/app_icon_2.png";i:19;s:71:"https://seventhqueen.com/demo/kleo/wp-content/uploads/2015/05/watch.jpg";i:20;s:75:"https://seventhqueen.com/demo/kleo/wp-content/uploads/2015/05/isometric.png";i:7080;s:76:"https://seventhqueen.com/demo/kleo/wp-content/uploads/2015/05/section-02.png";i:7081;s:76:"https://seventhqueen.com/demo/kleo/wp-content/uploads/2015/05/arrow-down.png";i:7083;s:74:"https://seventhqueen.com/demo/kleo/wp-content/uploads/2015/05/Kleo_app.png";i:7084;s:72:"https://seventhqueen.com/demo/kleo/wp-content/uploads/2015/05/O_logo.png";}]]></wp:meta_value>
        </wp:postmeta>
        <wp:postmeta>
            <wp:meta_key><![CDATA[sq_base]]></wp:meta_key>
            <wp:meta_value><![CDATA[https://seventhqueen.com/demo/kleo/wp-content/uploads]]></wp:meta_value>
        </wp:postmeta>
    </item>
</channel>
</rss>
