<?xml version="1.0" encoding="UTF-8" ?>
<!-- This is a WordPress eXtended RSS file generated by WordPress as an export of your site. -->
<!-- It contains information about your site's posts, pages, comments, categories, and other content. -->
<!-- You may use this file to transfer that content from one site to another. -->
<!-- This file is not intended to serve as a complete backup of your site. -->

<!-- To import this information into a WordPress site follow these steps: -->
<!-- 1. Log in to that site as an administrator. -->
<!-- 2. Go to Tools: Import in the WordPress admin panel. -->
<!-- 3. Install the "WordPress" importer from the list. -->
<!-- 4. Activate & Run Importer. -->
<!-- 5. Upload this file using the form provided on that page. -->
<!-- 6. You will first be asked to map the authors in this export file to users -->
<!--    on the site. For each author, you may choose to map to an -->
<!--    existing user on the site or to create a new user. -->
<!-- 7. WordPress will then import each of the posts, pages, comments, categories, etc. -->
<!--    contained in this file into your site. -->

<!-- generator="WordPress/4.7.3" created="2017-03-13 16:10" -->
<rss version="2.0"
	xmlns:excerpt="http://wordpress.org/export/1.2/excerpt/"
	xmlns:content="http://purl.org/rss/1.0/modules/content/"
	xmlns:wfw="http://wellformedweb.org/CommentAPI/"
	xmlns:dc="http://purl.org/dc/elements/1.1/"
	xmlns:wp="http://wordpress.org/export/1.2/"
>

<channel>
	<title>KLEO Template</title>
	<link>https://seventhqueen.com/demo/kleo</link>
	<description>Wordpress Premium Template</description>
	<pubDate>Mon, 13 Mar 2017 16:10:25 +0000</pubDate>
	<language>en-US</language>
	<wp:wxr_version>1.2</wp:wxr_version>
	<wp:base_site_url>https://seventhqueen.com/demo/kleo</wp:base_site_url>
	<wp:base_blog_url>https://seventhqueen.com/demo/kleo</wp:base_blog_url>

	<wp:author><wp:author_id>3</wp:author_id><wp:author_login><![CDATA[exporter]]></wp:author_login><wp:author_email><![CDATA[exporter@7thqueen.com]]></wp:author_email><wp:author_display_name><![CDATA[exporter]]></wp:author_display_name><wp:author_first_name><![CDATA[]]></wp:author_first_name><wp:author_last_name><![CDATA[]]></wp:author_last_name></wp:author>


	<generator>https://wordpress.org/?v=4.7.3</generator>

	<item>
		<title>Stylish Woocommerce</title>
		<link>https://seventhqueen.com/demo/kleo/stylish-woocommerce/</link>
		<pubDate>Thu, 13 Nov 2014 12:26:43 +0000</pubDate>
		<dc:creator><![CDATA[exporter]]></dc:creator>
		<guid isPermaLink="false">http://seventhqueen.com/demo/kleo/?page_id=2805</guid>
		<description></description>
		<content:encoded><![CDATA[[vc_row text_align="center" type="image" bg_position="center" bg_position_horizontal="center" bg_image="7920"][vc_column][kleo_visibility type="hidden-xs"][kleo_gap size="200px"][/kleo_visibility][vc_column_text animation="animate-when-almost-visible" css_animation="bottom-to-top"]
<h1><span style="color: #ffffff;">Wanna shop?</span></h1>
[/vc_column_text][kleo_gap size="30px"][kleo_search_form form_style="transparent" context="product,portfolio" placeholder="e.g. 'kleo'"][kleo_gap size="30px"][vc_column_text lead="yes" animation="animate-when-almost-visible" css_animation="bottom-to-top"]<span style="color: #ffffff;">On this demo page you can search for products and portfolio items only.</span>
<span style="color: #ffffff;"> You can easily configure the search shortcode to get different content type like members, posts, pages, forums, products,</span>
<span style="color: #ffffff;"> portfolio on this [kleo_button title="DEMO PAGE" href="http://seventhqueen.com/themes/kleo/pinterest/" target="_self" style="see-through" size="lg" tooltip_position="left" tooltip_action="hover"]</span>[/vc_column_text][kleo_visibility type="hidden-xs"][kleo_gap size="300px"][/kleo_visibility][/vc_column][/vc_row][vc_row text_align="center" type="color" padding_top="30" padding_bottom="10"][vc_column][kleo_clients number="6"][/vc_column][/vc_row][vc_row inner_container="no" text_align="center" type="color" padding_top="0" padding_bottom="0"][vc_column][kleo_divider text="Kleo is trusted by 73,000+ clients and companies worldwide"][/vc_column][/vc_row][vc_row text_align="center" padding_top="100" padding_bottom="100" el_class="col dark"][vc_column][vc_column_text animation="animate-when-almost-visible" css_animation="bottom-to-top"]
<h2>A Premium Multi-Purpose WooCommerce Theme</h2>
[/vc_column_text][vc_column_text lead="yes" animation="animate-when-almost-visible" css_animation="bottom-to-top"]KLEO is not just a shop where you come and like all what you see but a true template that you can also use to develop your own business. Empowered with latest technology features and build with a lot of attention to details KLEO is the <strong>perfect Starter Kit you ever need</strong>.[/vc_column_text][kleo_gap size="80px"][kleo_grid type="4" animation="yes" colored_icons="yes" bordered_icons="yes"][kleo_feature_item title="Unique Design" icon="html5-1" icon_position="center"]Duis aute irure dolor in reprehenderit in voluptate velit esse cillum dolore eu fugiat nulla pariatur.[/kleo_feature_item][kleo_feature_item title="Extremely Flexible" icon="beaker" icon_position="center"]Ut enim ad minim veniam, quis nostrud exercitation ullamco laboris nisi ut aliquip ex ea commodo consequat.[/kleo_feature_item][kleo_feature_item title="Outstanding Support" icon="umbrella" icon_position="center"]Excepteur sint occaecat cupidatat non proident, sunt in culpa qui officia deserunt mollit anim id est laborum.[/kleo_feature_item][kleo_feature_item title="FREE Updates" icon="download-cloud" icon_position="center"]Sed ut perspiciatis unde omnis iste natus error sit voluptatem accusantium doloremque laudantium.[/kleo_feature_item][/kleo_grid][kleo_gap size="40px"][kleo_button title="VIEW ALL FEATURES" href="#features" style="see-through" size="lg" el_class="kleo-scroll-to"][/vc_column][/vc_row][vc_row inner_container="no" type="color" bg_color="#000000" column_gap="no" padding_top="0" padding_bottom="0"][vc_column width="1/2"][vc_single_image image="7922" img_size="full" full_width="yes"][/vc_column][vc_column width="1/2"][kleo_portfolio display_type="overlay" columns="2" item_count="4" filter="no" image_size="large"][/vc_column][/vc_row][vc_row el_id="features" text_align="center" type="color" bg_color="#f7f7f9" vertical_align="yes" border="bottom"][vc_column width="1/2"][vc_column_text animation="animate-when-almost-visible"]
<h2>Highlight title for this section</h2>
[/vc_column_text][kleo_gap][vc_column_text lead="yes" animation="animate-when-almost-visible"]I am text block. Click edit button to change this text. Lorem ipsum dolor sit amet, consectetur adipiscing elit. Ut elit tellus, luctus nec ullamcorper mattis, pulvinar dapibus leo.[/vc_column_text][kleo_gap size="30px"][/vc_column][vc_column width="1/2"][vc_single_image image="7923" img_size="full" alignment="center" animation="animate-when-almost-visible" css_animation="el-appear"][kleo_pin type="circle" top="24%" right="30%" tooltip="popover" tooltip_position="top" tooltip_title="Sofa feature 1" tooltip_text="Lorem ipsum dolor sit amet, consectetur adipiscing elit, sed do eiusmod tempor incididunt ut labore et dolore magna aliqua." animation="animate-when-visible" css_animation="pulsate"][kleo_pin type="circle" left="41%" bottom="25%" tooltip="popover" tooltip_position="right" tooltip_title="Metalic feature 1" tooltip_text="Ut enim ad minim veniam, quis nostrud exercitation ullamco laboris nisi ut aliquip ex ea commodo consequat. Duis aute irure dolor in reprehenderit in voluptate velit esse cillum dolore eu fugiat nulla pariatur." animation="animate-when-visible" css_animation="el-appear"][kleo_pin type="circle" left="21%" bottom="36%" tooltip="popover" tooltip_position="top" tooltip_title="Sofa feature 2" tooltip_text="Excepteur sint occaecat cupidatat non proident, sunt in culpa qui officia deserunt mollit anim id est laborum., sed do eiusmod tempor incididunt ut labore et dolore magna aliqua." animation="animate-when-visible" css_animation="el-appear"][/vc_column][/vc_row][vc_row text_align="center" vertical_align="yes" padding_top="80" border="bottom" el_class="col dark"][vc_column width="1/2"][vc_column_text][featured_products per_page="3" columns="3" order_by="date" order="desc"][/vc_column_text][/vc_column][vc_column width="1/2"][vc_column_text animation="animate-when-almost-visible" css_animation="left-to-right"]
<h2>Highlight title for this section</h2>
[/vc_column_text][kleo_gap][vc_column_text lead="yes" animation="animate-when-almost-visible" css_animation="left-to-right"]I am text block. Click edit button to change this text. Lorem ipsum dolor sit amet, consectetur adipiscing elit. Ut elit tellus, luctus nec ullamcorper mattis, pulvinar dapibus leo.[/vc_column_text][kleo_gap size="30px"][kleo_button title="View All Products" style="see-through" size="lg" tooltip="popover" tooltip_title="Hi there!" tooltip_text="This is just a demo page to illustrate how easy you can start a Multipurpose Shoping based website"][/vc_column][/vc_row][vc_row][vc_column width="1/4"][vc_widget_sidebar sidebar_id="footer-1"][/vc_column][vc_column width="1/4"][vc_widget_sidebar sidebar_id="footer-2"][/vc_column][vc_column width="1/4"][vc_widget_sidebar sidebar_id="footer-3"][/vc_column][vc_column width="1/4"][vc_widget_sidebar sidebar_id="footer-4"][/vc_column][/vc_row][vc_row inner_container="no" padding_bottom="0"][vc_column][kleo_divider text="You’ll be informed about updates, special offers and planned changes to KLEO."][/vc_column][/vc_row][vc_row type="color" padding_top="30" padding_bottom="50"][vc_column][vc_row_inner][vc_column_inner width="1/2" font_color="#99969c"][vc_column_text]
<h3 style="text-align: right;">Subscribe to the weekly featured products</h3>
[/vc_column_text][/vc_column_inner][vc_column_inner width="1/2"][vc_column_text][mc4wp_form][/vc_column_text][/vc_column_inner][/vc_row_inner][/vc_column][/vc_row]]]></content:encoded>
		<excerpt:encoded><![CDATA[]]></excerpt:encoded>
		<wp:post_id>2805</wp:post_id>
		<wp:post_date><![CDATA[2014-11-13 12:26:43]]></wp:post_date>
		<wp:post_date_gmt><![CDATA[2014-11-13 12:26:43]]></wp:post_date_gmt>
		<wp:comment_status><![CDATA[open]]></wp:comment_status>
		<wp:ping_status><![CDATA[closed]]></wp:ping_status>
		<wp:post_name><![CDATA[stylish-woocommerce]]></wp:post_name>
		<wp:status><![CDATA[publish]]></wp:status>
		<wp:post_parent>0</wp:post_parent>
		<wp:menu_order>0</wp:menu_order>
		<wp:post_type><![CDATA[page]]></wp:post_type>
		<wp:post_password><![CDATA[]]></wp:post_password>
		<wp:is_sticky>0</wp:is_sticky>
		<wp:postmeta>
			<wp:meta_key><![CDATA[_edit_last]]></wp:meta_key>
			<wp:meta_value><![CDATA[1]]></wp:meta_value>
		</wp:postmeta>
		<wp:postmeta>
			<wp:meta_key><![CDATA[_wp_page_template]]></wp:meta_key>
			<wp:meta_value><![CDATA[page-templates/full-width.php]]></wp:meta_value>
		</wp:postmeta>
		<wp:postmeta>
			<wp:meta_key><![CDATA[_wpb_vc_js_status]]></wp:meta_key>
			<wp:meta_value><![CDATA[true]]></wp:meta_value>
		</wp:postmeta>
		<wp:postmeta>
			<wp:meta_key><![CDATA[_wpb_vc_js_interface_version]]></wp:meta_key>
			<wp:meta_value><![CDATA[2]]></wp:meta_value>
		</wp:postmeta>
		<wp:postmeta>
			<wp:meta_key><![CDATA[_kleo_topbar_status]]></wp:meta_key>
			<wp:meta_value><![CDATA[0]]></wp:meta_value>
		</wp:postmeta>
		<wp:postmeta>
			<wp:meta_key><![CDATA[_kleo_hide_footer]]></wp:meta_key>
			<wp:meta_value><![CDATA[1]]></wp:meta_value>
		</wp:postmeta>
		<wp:postmeta>
			<wp:meta_key><![CDATA[_kleo_title_checkbox]]></wp:meta_key>
			<wp:meta_value><![CDATA[1]]></wp:meta_value>
		</wp:postmeta>
		<wp:postmeta>
			<wp:meta_key><![CDATA[_kleo_hide_breadcrumb]]></wp:meta_key>
			<wp:meta_value><![CDATA[1]]></wp:meta_value>
		</wp:postmeta>
		<wp:postmeta>
			<wp:meta_key><![CDATA[_kleo_hide_info]]></wp:meta_key>
			<wp:meta_value><![CDATA[1]]></wp:meta_value>
		</wp:postmeta>
		<wp:postmeta>
			<wp:meta_key><![CDATA[_kleo_transparent_menu_color]]></wp:meta_key>
			<wp:meta_value><![CDATA[white]]></wp:meta_value>
		</wp:postmeta>
		<wp:postmeta>
			<wp:meta_key><![CDATA[sq_base]]></wp:meta_key>
			<wp:meta_value><![CDATA[https://seventhqueen.com/demo/kleo/wp-content/uploads]]></wp:meta_value>
		</wp:postmeta>
		<wp:postmeta>
			<wp:meta_key><![CDATA[sq_import]]></wp:meta_key>
			<wp:meta_value><![CDATA[1]]></wp:meta_value>
		</wp:postmeta>
		<wp:postmeta>
			<wp:meta_key><![CDATA[sq_domain]]></wp:meta_key>
			<wp:meta_value><![CDATA[https://seventhqueen.com/demo/kleo]]></wp:meta_value>
		</wp:postmeta>
		<wp:postmeta>
			<wp:meta_key><![CDATA[sq_img_data]]></wp:meta_key>
			<wp:meta_value><![CDATA[a:3:{i:7920;s:82:"https://seventhqueen.com/demo/kleo/wp-content/uploads/2014/11/hat-1840021_1280.jpg";i:7922;s:76:"https://seventhqueen.com/demo/kleo/wp-content/uploads/2014/11/image_0091.jpg";i:7923;s:93:"https://seventhqueen.com/demo/kleo/wp-content/uploads/2014/11/fashionable-leather-belt_03.jpg";}]]></wp:meta_value>
		</wp:postmeta>
		<wp:postmeta>
			<wp:meta_key><![CDATA[sq_attach]]></wp:meta_key>
			<wp:meta_value><![CDATA[a:3:{i:7920;s:82:"https://seventhqueen.com/demo/kleo/wp-content/uploads/2014/11/hat-1840021_1280.jpg";i:7922;s:76:"https://seventhqueen.com/demo/kleo/wp-content/uploads/2014/11/image_0091.jpg";i:7923;s:93:"https://seventhqueen.com/demo/kleo/wp-content/uploads/2014/11/fashionable-leather-belt_03.jpg";}]]></wp:meta_value>
		</wp:postmeta>
	</item>
	<item>
		<title>Default sign-up form</title>
		<link>https://seventhqueen.com/themes/kleo/blog/mc4wp-form/default-sign-up-form/</link>
		<pubDate>Tue, 17 Jan 2017 20:24:18 +0000</pubDate>
		<dc:creator><![CDATA[kleoadmin]]></dc:creator>
		<guid isPermaLink="false">http://seventhqueen.com/themes/kleo/mc4wp-form/default-sign-up-form/</guid>
		<description></description>
		<content:encoded><![CDATA[<div class="form-inline">
<input type="email" id="mc4wp_email" class="input-lg" name="EMAIL" placeholder="Your email address" required />
<a class="btn btn-highlight btn-lg form-submit">SUBSCRIBE</a>
</div>]]></content:encoded>
		<excerpt:encoded><![CDATA[]]></excerpt:encoded>
		<wp:post_id>8595</wp:post_id>
		<wp:post_date><![CDATA[2017-01-17 22:24:18]]></wp:post_date>
		<wp:post_date_gmt><![CDATA[2017-01-17 20:24:18]]></wp:post_date_gmt>
		<wp:comment_status><![CDATA[closed]]></wp:comment_status>
		<wp:ping_status><![CDATA[closed]]></wp:ping_status>
		<wp:post_name><![CDATA[default-sign-up-form]]></wp:post_name>
		<wp:status><![CDATA[publish]]></wp:status>
		<wp:post_parent>0</wp:post_parent>
		<wp:menu_order>0</wp:menu_order>
		<wp:post_type><![CDATA[mc4wp-form]]></wp:post_type>
		<wp:post_password><![CDATA[]]></wp:post_password>
		<wp:is_sticky>0</wp:is_sticky>
		<wp:postmeta>
			<wp:meta_key><![CDATA[_mc4wp_settings]]></wp:meta_key>
			<wp:meta_value><![CDATA[a:8:{s:3:"css";s:1:"0";s:12:"double_optin";s:1:"1";s:8:"redirect";s:0:"";s:18:"hide_after_success";s:1:"0";s:15:"required_fields";s:5:"EMAIL";s:5:"lists";a:1:{i:0;s:10:"83bd2b8370";}s:15:"update_existing";s:1:"0";s:17:"replace_interests";s:1:"1";}]]></wp:meta_value>
		</wp:postmeta>
		<wp:postmeta>
			<wp:meta_key><![CDATA[text_subscribed]]></wp:meta_key>
			<wp:meta_value><![CDATA[Thank you, your sign-up request was successful! Please check your e-mail inbox.]]></wp:meta_value>
		</wp:postmeta>
		<wp:postmeta>
			<wp:meta_key><![CDATA[text_error]]></wp:meta_key>
			<wp:meta_value><![CDATA[Oops. Something went wrong. Please try again later.]]></wp:meta_value>
		</wp:postmeta>
		<wp:postmeta>
			<wp:meta_key><![CDATA[text_invalid_email]]></wp:meta_key>
			<wp:meta_value><![CDATA[Please provide a valid email address.]]></wp:meta_value>
		</wp:postmeta>
		<wp:postmeta>
			<wp:meta_key><![CDATA[text_already_subscribed]]></wp:meta_key>
			<wp:meta_value><![CDATA[Given email address is already subscribed, thank you!]]></wp:meta_value>
		</wp:postmeta>
		<wp:postmeta>
			<wp:meta_key><![CDATA[text_required_field_missing]]></wp:meta_key>
			<wp:meta_value><![CDATA[Please fill in the required fields.]]></wp:meta_value>
		</wp:postmeta>
		<wp:postmeta>
			<wp:meta_key><![CDATA[_vc_post_settings]]></wp:meta_key>
			<wp:meta_value><![CDATA[a:1:{s:10:"vc_grid_id";a:0:{}}]]></wp:meta_value>
		</wp:postmeta>
		<wp:postmeta>
			<wp:meta_key><![CDATA[text_unsubscribed]]></wp:meta_key>
			<wp:meta_value><![CDATA[You were successfully unsubscribed.]]></wp:meta_value>
		</wp:postmeta>
		<wp:postmeta>
			<wp:meta_key><![CDATA[text_not_subscribed]]></wp:meta_key>
			<wp:meta_value><![CDATA[Given email address is not subscribed.]]></wp:meta_value>
		</wp:postmeta>
		<wp:postmeta>
			<wp:meta_key><![CDATA[text_no_lists_selected]]></wp:meta_key>
			<wp:meta_value><![CDATA[Please select at least one list.]]></wp:meta_value>
		</wp:postmeta>
		<wp:postmeta>
			<wp:meta_key><![CDATA[text_updated]]></wp:meta_key>
			<wp:meta_value><![CDATA[Thank you, your records have been updated!]]></wp:meta_value>
		</wp:postmeta>
		<wp:postmeta>
			<wp:meta_key><![CDATA[sq_base]]></wp:meta_key>
			<wp:meta_value><![CDATA[https://seventhqueen.com/themes/kleo/wp-content/uploads]]></wp:meta_value>
		</wp:postmeta>
		<wp:postmeta>
			<wp:meta_key><![CDATA[sq_import]]></wp:meta_key>
			<wp:meta_value><![CDATA[1]]></wp:meta_value>
		</wp:postmeta>
		<wp:postmeta>
			<wp:meta_key><![CDATA[sq_domain]]></wp:meta_key>
			<wp:meta_value><![CDATA[https://seventhqueen.com/themes/kleo]]></wp:meta_value>
		</wp:postmeta>
	</item>
</channel>
</rss>
