<?xml version="1.0" encoding="UTF-8" ?>
<!-- This is a WordPress eXtended RSS file generated by WordPress as an export of your site. -->
<!-- It contains information about your site's posts, pages, comments, categories, and other content. -->
<!-- You may use this file to transfer that content from one site to another. -->
<!-- This file is not intended to serve as a complete backup of your site. -->

<!-- To import this information into a WordPress site follow these steps: -->
<!-- 1. Log in to that site as an administrator. -->
<!-- 2. Go to Tools: Import in the WordPress admin panel. -->
<!-- 3. Install the "WordPress" importer from the list. -->
<!-- 4. Activate & Run Importer. -->
<!-- 5. Upload this file using the form provided on that page. -->
<!-- 6. You will first be asked to map the authors in this export file to users -->
<!--    on the site. For each author, you may choose to map to an -->
<!--    existing user on the site or to create a new user. -->
<!-- 7. WordPress will then import each of the posts, pages, comments, categories, etc. -->
<!--    contained in this file into your site. -->

<!-- generator="WordPress/4.7.3" created="2017-03-08 22:23" -->
<rss version="2.0"
    xmlns:excerpt="http://wordpress.org/export/1.2/excerpt/"
    xmlns:content="http://purl.org/rss/1.0/modules/content/"
    xmlns:wfw="http://wellformedweb.org/CommentAPI/"
    xmlns:dc="http://purl.org/dc/elements/1.1/"
    xmlns:wp="http://wordpress.org/export/1.2/"
>

<channel>
    <title>KLEO Template</title>
    <link>https://seventhqueen.com/demo/kleo</link>
    <description>Wordpress Premium Template</description>
    <pubDate>Wed, 08 Mar 2017 22:23:21 +0000</pubDate>
    <language>en-US</language>
    <wp:wxr_version>1.2</wp:wxr_version>
    <wp:base_site_url>https://seventhqueen.com/demo/kleo</wp:base_site_url>
    <wp:base_blog_url>https://seventhqueen.com/demo/kleo</wp:base_blog_url>

    <wp:author><wp:author_id>3</wp:author_id><wp:author_login><![CDATA[exporter]]></wp:author_login><wp:author_email><![CDATA[exporter@7thqueen.com]]></wp:author_email><wp:author_display_name><![CDATA[exporter]]></wp:author_display_name><wp:author_first_name><![CDATA[]]></wp:author_first_name><wp:author_last_name><![CDATA[]]></wp:author_last_name></wp:author>


    <generator>https://wordpress.org/?v=4.7.3</generator>

    <item>
        <title>Home Material-Design</title>
        <link>https://seventhqueen.com/demo/kleo/home-material-design/</link>
        <pubDate>Thu, 28 May 2015 14:01:05 +0000</pubDate>
        <dc:creator><![CDATA[exporter]]></dc:creator>
        <guid isPermaLink="false">http://seventhqueen.com/themes/kleo/material-design-colors/?page_id=2764</guid>
        <description></description>
        <content:encoded><![CDATA[[vc_row inner_container="no" padding_top="0" padding_bottom="0"][vc_column][rev_slider_vc alias="material-design"][/vc_column][/vc_row][vc_row text_align="center" padding_top="100" padding_bottom="60"][vc_column][vc_row_inner][vc_column_inner width="1/6"][/vc_column_inner][vc_column_inner width="2/3"][vc_column_text]
<h1><strong>An Unique Digital Experience</strong></h1>
[/vc_column_text][vc_column_text lead="yes"]Material Design is a set of goals and principles developed by Google to provide a consistent experience across all platforms and applications. Let your imagination run wild and create the site of your dreams. KLEO has all the tools to get you started.[/vc_column_text][/vc_column_inner][vc_column_inner width="1/6"][/vc_column_inner][/vc_row_inner][kleo_gap size="40px"][kleo_grid type="3" animation="yes" colored_icons="yes" bordered_icons="yes"][kleo_feature_item title="Google Mobile Friendly" icon="correct7" icon_size="big" icon_position="center"]Continuous updates with new improvements and lifetime after-sale support ensures you that Kleo is a theme that you can always rely on.[/kleo_feature_item][kleo_feature_item title="Modern Material Design" icon="layers4" icon_size="big" icon_position="center"]Over 100 options you can use to customize the theme functionality and looks will allow you to create the website you were dreaming on for so long.[/kleo_feature_item][kleo_feature_item title="Loved By Everyone" icon="heart64" icon_size="big" icon_position="center"]High quality coding using latest technologies and built with WordPress best practices in mind will assure you that Kleo is a first-class product.[/kleo_feature_item][/kleo_grid][/vc_column][/vc_row][vc_row inner_container="no" section_type="header" vertical_align="yes" padding_top="0" padding_bottom="0"][vc_column width="1/2" el_class="bg-center bg-no-repeat" css=".vc_custom_1433950895155{padding-top: 40px !important;padding-right: 0px !important;padding-bottom: 40px !important;padding-left: 0px !important;background: #ffc107 url(http://seventhqueen.com/demo/kleo/wp-content/uploads/2015/05/app_table.png?id=2927) !important;background-position: center !important;background-repeat: no-repeat !important;background-size: contain !important;}"][kleo_gap size="200px" visibility="visible-xs,visible-sm"][/vc_column][vc_column width="1/2"][vc_row_inner][vc_column_inner][kleo_gap size="80px"][vc_column_text]
<h2>This is your <strong>first amazing feature</strong> and it's awesome!</h2>
[/vc_column_text][vc_column_text lead="yes"]Fusce consectetur enim eu felis pellentesque porttitor. In vulputate libero faucibus tellus tincidunt, id placerat nisi feugiat. Donec venenatis ex a pharetra varius. Aenean at tortor mauris. Sed ut perspiciatis unde omnis iste natus error sit voluptatem accusantium doloremque laudantium.[/vc_column_text][/vc_column_inner][/vc_row_inner][kleo_gap size="80px"][/vc_column][/vc_row][vc_row inner_container="no" section_type="socket" vertical_align="yes" padding_top="0" padding_bottom="0"][vc_column width="1/2"][vc_row_inner][vc_column_inner][kleo_gap size="80px"][vc_column_text]
<h2>And this is your <strong>second amazing feature!</strong></h2>
[/vc_column_text][vc_tabs style="line"][vc_tab tab_id="c70c7f43-2fb3-5" icon="0" title="FIRST TAB"][vc_column_text lead="yes"]Fusce consectetur enim eu felis pellentesque porttitor. In vulputate libero faucibus tellus tincidunt, id placerat nisi feugiat. Donec venenatis ex a pharetra varius. Aenean at tortor mauris. Sed ut perspiciatis unde omnis iste natus error sit voluptatem accusantium doloremque laudantium.

Totam rem aperiam, eaque ipsa quae ab illo inventore veritatis et quasi architecto beatae vitae dicta sunt explicabo. Lorem ipsum dolor sit amet, consectetur adipiscing elit. Etiam ultrices in sem nec pulvinar. Nam eu porttitor massa, id aliquet nunc.[/vc_column_text][kleo_gap size="50px"][/vc_tab][vc_tab tab_id="05f82a1e-8068-8" icon="0" title="SECOND TAB"][vc_column_text lead="yes"]Donec venenatis ex a pharetra varius. Aenean at tortor mauris. Sed ut perspiciatis unde omnis iste natus error sit voluptatem accusantium doloremque laudantium, totam rem aperiam, eaque ipsa quae ab illo inventore veritatis et quasi architecto beatae vitae dicta sunt explicabo.

Lorem ipsum dolor sit amet, consectetur adipiscing elit. Etiam ultrices in sem nec pulvinar. Nam eu porttitor massa, id aliquet nunc. Fusce consectetur enim eu felis pellentesque porttitor. In vulputate libero faucibus tellus tincidunt, id placerat nisi feugiat.[/vc_column_text][/vc_tab][vc_tab tab_id="1432921767580-2-1" icon="0" title="THIRD TAB"][vc_column_text lead="yes"]Lorem ipsum dolor sit amet, consectetur adipiscing elit. Etiam ultrices in sem nec pulvinar. Nam eu porttitor massa, id aliquet nunc. Fusce consectetur enim eu felis pellentesque porttitor. In vulputate libero faucibus tellus tincidunt, id placerat nisi feugiat.

Donec venenatis ex a pharetra varius. Aenean at tortor mauris. Sed ut perspiciatis unde omnis iste natus error sit voluptatem accusantium doloremque laudantium, totam rem aperiam, eaque ipsa quae ab illo inventore veritatis et quasi architecto beatae vitae dicta sunt explicabo.[/vc_column_text][/vc_tab][/vc_tabs][/vc_column_inner][/vc_row_inner][/vc_column][vc_column width="1/2" css=".vc_custom_1433950914917{padding-top: 40px !important;padding-bottom: 40px !important;background: #ffffff url(http://seventhqueen.com/demo/kleo/wp-content/uploads/2015/05/webdesign-ui-banner.png?id=2928) !important;}" el_class="bg-center bg-no-repeat"][kleo_gap size="200px" visibility="visible-xs,visible-sm"][/vc_column][/vc_row][vc_row inner_container="no" section_type="footer" vertical_align="yes" padding_top="0" padding_bottom="0"][vc_column width="1/2" el_class="bg-center bg-norepeat" css=".vc_custom_1433950965149{background-image: url(http://seventhqueen.com/demo/kleo/wp-content/uploads/2015/05/market_plan.jpg?id=2931) !important;background-position: center !important;background-repeat: no-repeat !important;background-size: cover !important;}"][kleo_gap size="200px" visibility="visible-xs,visible-sm"][/vc_column][vc_column width="1/2"][vc_row_inner][vc_column_inner][kleo_gap size="80px"][vc_column_text]
<h2>Rated the <strong>#1 buddypress solution</strong> by worldwide community enthusiasts</h2>
[/vc_column_text][vc_column_text lead="yes"]Fusce consectetur enim eu felis pellentesque porttitor. In vulputate libero faucibus tellus tincidunt, id placerat nisi feugiat. Donec venenatis ex a pharetra varius. Aenean at tortor mauris. Sed ut perspiciatis unde omnis iste natus error sit voluptatem accusantium doloremque laudantium.[/vc_column_text][/vc_column_inner][/vc_row_inner][kleo_gap size="50px"][vc_row_inner][vc_column_inner width="1/2" css=".vc_custom_1433005393854{padding: 60px !important;}"][kleo_list type="icons" icon_color="yes" icon_large="yes" divider="dashed" align="left"][kleo_list_item icon="html5"]Unique Design[/kleo_list_item][kleo_list_item icon="equalizer"]Powerful Live WP Customizer[/kleo_list_item][kleo_list_item icon="clock"]Ten Times Faster Preview[/kleo_list_item][kleo_list_item icon="list-alt"]Intuitive Admin Panel[/kleo_list_item][/kleo_list][/vc_column_inner][vc_column_inner width="1/2" css=".vc_custom_1433005365444{padding: 30px !important;}"][kleo_list type="icons" icon_color="yes" icon_large="yes" divider="dashed" align="left"][kleo_list_item icon="html5"]Unique Design[/kleo_list_item][kleo_list_item icon="equalizer"]Powerful Live WP Customizer[/kleo_list_item][kleo_list_item icon="clock"]Ten Times Faster Preview[/kleo_list_item][kleo_list_item icon="list-alt"]Intuitive Admin Panel[/kleo_list_item][/kleo_list][/vc_column_inner][/vc_row_inner][kleo_gap size="80px"][/vc_column][/vc_row][vc_row text_align="center" section_type="header" padding_top="60" padding_bottom="60" parallax="" parallax_image=""][vc_column][vc_custom_heading text="Join over 6,000 happy customers world wide using KLEO" font_container="tag:p|font_size:34|text_align:center|line_height:42px" google_fonts="font_family:Roboto%20Condensed%3A300%2C300italic%2Cregular%2Citalic%2C700%2C700italic|font_style:300%20light%20regular%3A300%3Anormal"][vc_btn title="PURCHASE NOW" style="flat" color="success" size="lg" align="center"][/vc_column][/vc_row][vc_row padding_top="140" padding_bottom="140"][vc_column width="1/6"][/vc_column][vc_column width="2/3"][kleo_testimonials type="carousel" number="3" min_items="1" max_items="1" height="200"][/vc_column][vc_column width="1/6"][/vc_column][/vc_row]]]></content:encoded>
        <excerpt:encoded><![CDATA[]]></excerpt:encoded>
        <wp:post_id>7043</wp:post_id>
        <wp:post_date><![CDATA[2015-05-28 14:01:05]]></wp:post_date>
        <wp:post_date_gmt><![CDATA[2015-05-28 14:01:05]]></wp:post_date_gmt>
        <wp:comment_status><![CDATA[open]]></wp:comment_status>
        <wp:ping_status><![CDATA[closed]]></wp:ping_status>
        <wp:post_name><![CDATA[home-material-design]]></wp:post_name>
        <wp:status><![CDATA[publish]]></wp:status>
        <wp:post_parent>0</wp:post_parent>
        <wp:menu_order>0</wp:menu_order>
        <wp:post_type><![CDATA[page]]></wp:post_type>
        <wp:post_password><![CDATA[]]></wp:post_password>
        <wp:is_sticky>0</wp:is_sticky>
        <wp:postmeta>
            <wp:meta_key><![CDATA[_edit_last]]></wp:meta_key>
            <wp:meta_value><![CDATA[1]]></wp:meta_value>
        </wp:postmeta>
        <wp:postmeta>
            <wp:meta_key><![CDATA[_wp_page_template]]></wp:meta_key>
            <wp:meta_value><![CDATA[page-templates/full-width.php]]></wp:meta_value>
        </wp:postmeta>
        <wp:postmeta>
            <wp:meta_key><![CDATA[_wpb_vc_js_status]]></wp:meta_key>
            <wp:meta_value><![CDATA[true]]></wp:meta_value>
        </wp:postmeta>
        <wp:postmeta>
            <wp:meta_key><![CDATA[_vc_post_settings]]></wp:meta_key>
            <wp:meta_value><![CDATA[a:1:{s:10:"vc_grid_id";a:0:{}}]]></wp:meta_value>
        </wp:postmeta>
        <wp:postmeta>
            <wp:meta_key><![CDATA[slide_template]]></wp:meta_key>
            <wp:meta_value><![CDATA[default]]></wp:meta_value>
        </wp:postmeta>
        <wp:postmeta>
            <wp:meta_key><![CDATA[_kleo_transparent_menu_color]]></wp:meta_key>
            <wp:meta_value><![CDATA[white]]></wp:meta_value>
        </wp:postmeta>
        <wp:postmeta>
            <wp:meta_key><![CDATA[_kleo_title_checkbox]]></wp:meta_key>
            <wp:meta_value><![CDATA[1]]></wp:meta_value>
        </wp:postmeta>
        <wp:postmeta>
            <wp:meta_key><![CDATA[_kleo_hide_breadcrumb]]></wp:meta_key>
            <wp:meta_value><![CDATA[1]]></wp:meta_value>
        </wp:postmeta>
        <wp:postmeta>
            <wp:meta_key><![CDATA[_kleo_hide_info]]></wp:meta_key>
            <wp:meta_value><![CDATA[1]]></wp:meta_value>
        </wp:postmeta>
        <wp:postmeta>
            <wp:meta_key><![CDATA[_wpb_shortcodes_custom_css]]></wp:meta_key>
            <wp:meta_value><![CDATA[.vc_custom_1433950895155{padding-top: 40px !important;padding-right: 0px !important;padding-bottom: 40px !important;padding-left: 0px !important;background: #ffc107 url(http://seventhqueen.com/demo/kleo/wp-content/uploads/2015/05/app_table.png?id=2927) !important;background-position: center !important;background-repeat: no-repeat !important;background-size: contain !important;}.vc_custom_1433950914917{padding-top: 40px !important;padding-bottom: 40px !important;background: #ffffff url(http://seventhqueen.com/demo/kleo/wp-content/uploads/2015/05/webdesign-ui-banner.png?id=2928) !important;}.vc_custom_1433950965149{background-image: url(http://seventhqueen.com/demo/kleo/wp-content/uploads/2015/05/market_plan.jpg?id=2931) !important;background-position: center !important;background-repeat: no-repeat !important;background-size: cover !important;}.vc_custom_1433005393854{padding: 60px !important;}.vc_custom_1433005365444{padding: 30px !important;}]]></wp:meta_value>
        </wp:postmeta>
        <wp:postmeta>
            <wp:meta_key><![CDATA[sq_base]]></wp:meta_key>
            <wp:meta_value><![CDATA[https://seventhqueen.com/demo/kleo/wp-content/uploads]]></wp:meta_value>
        </wp:postmeta>
        <wp:postmeta>
            <wp:meta_key><![CDATA[sq_import]]></wp:meta_key>
            <wp:meta_value><![CDATA[1]]></wp:meta_value>
        </wp:postmeta>
        <wp:postmeta>
            <wp:meta_key><![CDATA[sq_domain]]></wp:meta_key>
            <wp:meta_value><![CDATA[https://seventhqueen.com/demo/kleo]]></wp:meta_value>
        </wp:postmeta>
        <wp:postmeta>
            <wp:meta_key><![CDATA[sq_attach]]></wp:meta_key>
            <wp:meta_value><![CDATA[a:3:{i:2927;s:75:"https://seventhqueen.com/demo/kleo/wp-content/uploads/2015/05/app_table.png";i:2928;s:85:"https://seventhqueen.com/demo/kleo/wp-content/uploads/2015/05/webdesign-ui-banner.png";i:2931;s:77:"https://seventhqueen.com/demo/kleo/wp-content/uploads/2015/05/market_plan.jpg";}]]></wp:meta_value>
        </wp:postmeta>
    </item>
</channel>
</rss>
