<?xml version="1.0" encoding="UTF-8" ?>
<!-- This is a WordPress eXtended RSS file generated by WordPress as an export of your site. -->
<!-- It contains information about your site's posts, pages, comments, categories, and other content. -->
<!-- You may use this file to transfer that content from one site to another. -->
<!-- This file is not intended to serve as a complete backup of your site. -->

<!-- To import this information into a WordPress site follow these steps: -->
<!-- 1. Log in to that site as an administrator. -->
<!-- 2. Go to Tools: Import in the WordPress admin panel. -->
<!-- 3. Install the "WordPress" importer from the list. -->
<!-- 4. Activate & Run Importer. -->
<!-- 5. Upload this file using the form provided on that page. -->
<!-- 6. You will first be asked to map the authors in this export file to users -->
<!--    on the site. For each author, you may choose to map to an -->
<!--    existing user on the site or to create a new user. -->
<!-- 7. WordPress will then import each of the posts, pages, comments, categories, etc. -->
<!--    contained in this file into your site. -->

<!-- generator="WordPress/4.7.3" created="2017-03-08 21:58" -->
<rss version="2.0"
    xmlns:excerpt="http://wordpress.org/export/1.2/excerpt/"
    xmlns:content="http://purl.org/rss/1.0/modules/content/"
    xmlns:wfw="http://wellformedweb.org/CommentAPI/"
    xmlns:dc="http://purl.org/dc/elements/1.1/"
    xmlns:wp="http://wordpress.org/export/1.2/"
>

<channel>
    <title>KLEO Template</title>
    <link>https://seventhqueen.com/demo/kleo</link>
    <description>Wordpress Premium Template</description>
    <pubDate>Wed, 08 Mar 2017 21:58:29 +0000</pubDate>
    <language>en-US</language>
    <wp:wxr_version>1.2</wp:wxr_version>
    <wp:base_site_url>https://seventhqueen.com/demo/kleo</wp:base_site_url>
    <wp:base_blog_url>https://seventhqueen.com/demo/kleo</wp:base_blog_url>

    <wp:author><wp:author_id>3</wp:author_id><wp:author_login><![CDATA[exporter]]></wp:author_login><wp:author_email><![CDATA[exporter@7thqueen.com]]></wp:author_email><wp:author_display_name><![CDATA[exporter]]></wp:author_display_name><wp:author_first_name><![CDATA[]]></wp:author_first_name><wp:author_last_name><![CDATA[]]></wp:author_last_name></wp:author>


    <generator>https://wordpress.org/?v=4.7.3</generator>

    <item>
        <title>Home Food</title>
        <link>https://seventhqueen.com/demo/kleo/home-food/</link>
        <pubDate>Thu, 26 Nov 2015 14:50:17 +0000</pubDate>
        <dc:creator><![CDATA[exporter]]></dc:creator>
        <guid isPermaLink="false">http://seventhqueen.com/themes/kleo/food/?page_id=5</guid>
        <description></description>
        <content:encoded><![CDATA[[vc_row full_height="yes" columns_placement="stretch" content_placement="middle" text_align="center" text_color="#ffffff" type="image" enable_parallax="false" parallax_speed="0.3" padding_top="0" padding_bottom="0" padding_left="0" padding_right="0" bg_image="7850"][vc_column][kleo_gap size="100px"][vc_custom_heading text="bon appétit" font_container="tag:h1|font_size:140px|text_align:center|color:%23ffffff|line_height:150px" use_theme_fonts="yes" letter_spacing="50"][kleo_gap size="40px"][/vc_column][/vc_row][vc_row type="color" bg_color="#f8f8f8" column_gap="no" padding_top="0" padding_bottom="0"][vc_column z_index="10" css=".vc_custom_1454348779620{margin-top: -40px !important;background-color: #ffffff !important;}" offset="vc_col-lg-offset-1 vc_col-lg-10 vc_col-md-offset-1 vc_col-md-10 vc_col-xs-12"][vc_row_inner equal_height="yes" content_placement="middle" css=".vc_custom_1454272966774{margin-top: 0px !important;margin-right: 0px !important;margin-bottom: 0px !important;margin-left: 0px !important;}"][vc_column_inner width="1/2" offset="vc_col-lg-4 vc_col-md-4 vc_col-xs-12" css=".vc_custom_1448622906440{padding-right: 0px !important;padding-left: 0px !important;}"][kleo_gap size="50px"][vc_custom_heading text="Reservations" font_container="tag:h2|font_size:30px|text_align:center|color:%23b79b78|line_height:36px" use_theme_fonts="yes" css=".vc_custom_1448632294665{margin-bottom: 15px !important;}"][vc_separator color="juicy_pink" el_width="20" css=".vc_custom_1448635094418{margin-bottom: 35px !important;}"][vc_column_text css=".vc_custom_1448635111746{margin-bottom: 20px !important;padding-right: 40px !important;padding-left: 40px !important;}"]
<p style="text-align: center;"><span style="color: #939393;">Lorem ipsum dolor sit amet, consectetuer adipiscing elit, sed diam nonummy nibh euismod.</span></p>
[/vc_column_text][kleo_button title="BOOK A TABLE" href="#" style="custom" font_size="14px" font_weight="700" icon="0" border_width="3px" position="center" letter_spacing="100" custom_background="#ffffff" custom_bg_hover="#cfbca4" custom_text="#9e8463" custom_text_hover="#ffffff" custom_border="rgba(207,188,164,0.3)"][kleo_gap size="50px"][/vc_column_inner][vc_column_inner width="1/2" offset="vc_col-lg-8 vc_col-md-8 vc_col-xs-12" css=".vc_custom_1454271833336{padding-right: 0px !important;padding-left: 0px !important;background-image: url(http://seventhqueen.com/demo/kleo/wp-content/uploads/2015/11/kleo_restaurant_reservations_big.jpg?id=27) !important;background-position: center !important;background-repeat: no-repeat !important;background-size: cover !important;}"][kleo_gap size="200px"][/vc_column_inner][/vc_row_inner][vc_row_inner equal_height="yes" content_placement="middle" css=".vc_custom_1454350387279{margin-right: 0px !important;margin-bottom: 0px !important;margin-left: 0px !important;}" el_id="about"][vc_column_inner width="1/2" offset="vc_col-lg-4 vc_col-md-4 vc_col-xs-12" css=".vc_custom_1454271581880{padding-right: 0px !important;padding-left: 0px !important;background-image: url(http://seventhqueen.com/demo/kleo/wp-content/uploads/2015/11/kleo_restaurant_about_us_picture.jpg?id=28) !important;background-position: center !important;background-repeat: no-repeat !important;background-size: cover !important;}"][kleo_gap size="200px"][/vc_column_inner][vc_column_inner width="1/2" offset="vc_col-lg-8 vc_col-md-8 vc_col-xs-12" css=".vc_custom_1448622918786{padding-right: 0px !important;padding-left: 0px !important;}"][kleo_gap size="50px"][vc_custom_heading text="About Kleo" font_container="tag:h2|font_size:30px|text_align:center|color:%23b79b78|line_height:36px" use_theme_fonts="yes"][vc_separator color="juicy_pink" el_width="20" css=".vc_custom_1448635094418{margin-bottom: 35px !important;}"][vc_column_text css=".vc_custom_1448635161882{padding-right: 40px !important;padding-left: 40px !important;}"]
<p style="text-align: center;"><span style="color: #939393;">Lorem ipsum dolor sit amet, consectetuer adipiscing elit, sed diam nonummy nibh euismod tincidunt ut laoreet dolore magna aliquam erat volutpat. </span>
<span style="color: #939393;">Ut wisi enim ad minim veniam Quis nostrud exerci tation ullamcorper suscipit lobortis</span></p>
[/vc_column_text][kleo_gap size="50px"][/vc_column_inner][/vc_row_inner][/vc_column][/vc_row][vc_row el_id="specialities" text_align="center" type="image" bg_position_horizontal="center" enable_parallax="false" parallax_speed="0.3" column_gap="no" padding_top="" padding_bottom="" margin_top="-40px" bg_image="38"][vc_column][kleo_gap size="200px"][vc_custom_heading text="spécialité" font_container="tag:h2|font_size:140px|text_align:center|color:%23ffffff|line_height:150px" use_theme_fonts="yes" letter_spacing="50"][kleo_gap size="200px"][/vc_column][/vc_row][vc_row type="color" bg_color="#f8f8f8" column_gap="no" padding_top="0" padding_bottom="0"][vc_column z_index="10" css=".vc_custom_1454349059316{margin-top: -40px !important;background-color: #ffffff !important;}" offset="vc_col-lg-offset-1 vc_col-lg-10 vc_col-md-offset-1 vc_col-md-10 vc_col-xs-12"][vc_row_inner equal_height="yes" content_placement="middle" css=".vc_custom_1454273077072{margin-top: 0px !important;margin-right: 0px !important;margin-bottom: 0px !important;margin-left: 0px !important;}"][vc_column_inner width="1/2" offset="vc_col-lg-3 vc_col-md-3 vc_col-xs-12" css=".vc_custom_1448636253434{padding-right: 0px !important;padding-left: 0px !important;}"][kleo_gap size="25px"][vc_custom_heading text="SOMON" font_container="tag:h5|font_size:17px|text_align:center|color:%23000000|line_height:32px" use_theme_fonts="yes" css=".vc_custom_1448636070650{margin-bottom: 15px !important;}"][vc_separator color="juicy_pink" el_width="20" css=".vc_custom_1448635094418{margin-bottom: 35px !important;}"][vc_column_text css=".vc_custom_1448636580955{margin-bottom: 20px !important;padding-right: 40px !important;padding-left: 40px !important;}"]
<p style="text-align: center;"><span style="color: #939393;">Lorem ipsum dolor sit amet, consectetuer adipiscing elit, sed </span></p>
[/vc_column_text][vc_custom_heading text="from - 15$" font_container="tag:h6|font_size:20px|text_align:center|color:%23ac9170|line_height:24px" use_theme_fonts="yes" css=".vc_custom_1448637501252{margin-bottom: 15px !important;}"][kleo_gap size="25px"][/vc_column_inner][vc_column_inner width="1/2" offset="vc_col-lg-3 vc_col-md-3 vc_col-xs-12" css=".vc_custom_1454272237335{padding-right: 0px !important;padding-left: 0px !important;background-image: url(http://seventhqueen.com/demo/kleo/wp-content/uploads/2015/11/kleo_restaurant_food_001.jpg?id=32) !important;background-position: center !important;background-repeat: no-repeat !important;background-size: cover !important;}"][/vc_column_inner][vc_column_inner width="1/2" css=".vc_custom_1448636187895{padding-right: 0px !important;padding-left: 0px !important;}" offset="vc_col-lg-3 vc_col-md-3 vc_col-xs-12"][kleo_gap size="25px"][vc_custom_heading text="BEEF" font_container="tag:h5|font_size:17px|text_align:center|color:%23000000|line_height:32px" use_theme_fonts="yes" css=".vc_custom_1448637929780{margin-bottom: 15px !important;}"][vc_separator color="juicy_pink" el_width="20" css=".vc_custom_1448635094418{margin-bottom: 35px !important;}"][vc_column_text css=".vc_custom_1448636580955{margin-bottom: 20px !important;padding-right: 40px !important;padding-left: 40px !important;}"]
<p style="text-align: center;"><span style="color: #939393;">Lorem ipsum dolor sit amet, consectetuer adipiscing elit, sed </span></p>
[/vc_column_text][vc_custom_heading text="from - 15$" font_container="tag:h6|font_size:20px|text_align:center|color:%23ac9170|line_height:24px" use_theme_fonts="yes" css=".vc_custom_1448637501252{margin-bottom: 15px !important;}"][kleo_gap size="25px"][/vc_column_inner][vc_column_inner width="1/2" css=".vc_custom_1454272292182{padding-right: 0px !important;padding-left: 0px !important;background-image: url(http://seventhqueen.com/demo/kleo/wp-content/uploads/2015/11/kleo_restaurant_food_002.jpg?id=34) !important;background-position: center !important;background-repeat: no-repeat !important;background-size: cover !important;}" offset="vc_col-lg-3 vc_col-md-3 vc_col-xs-12"][kleo_gap size="50px"][/vc_column_inner][/vc_row_inner][vc_row_inner equal_height="yes" content_placement="middle" css=".vc_custom_1454273085196{margin-top: 0px !important;margin-right: 0px !important;margin-bottom: 0px !important;margin-left: 0px !important;}"][vc_column_inner width="1/2" offset="vc_col-lg-3 vc_col-md-3 vc_col-xs-12" css=".vc_custom_1454272325554{padding-right: 0px !important;padding-left: 0px !important;background-image: url(http://seventhqueen.com/demo/kleo/wp-content/uploads/2015/11/kleo_restaurant_food_003.jpg?id=35) !important;background-position: center !important;background-repeat: no-repeat !important;background-size: cover !important;}"][kleo_gap size="50px"][/vc_column_inner][vc_column_inner width="1/2" offset="vc_col-lg-3 vc_col-md-3 vc_col-xs-12" css=".vc_custom_1448636179945{padding-right: 0px !important;padding-left: 0px !important;}"][kleo_gap size="25px"][vc_custom_heading text="MUSHROOMS" font_container="tag:h5|font_size:17px|text_align:center|color:%23000000|line_height:32px" use_theme_fonts="yes" css=".vc_custom_1448637947604{margin-bottom: 15px !important;}"][vc_separator color="juicy_pink" el_width="20" css=".vc_custom_1448635094418{margin-bottom: 35px !important;}"][vc_column_text css=".vc_custom_1448636580955{margin-bottom: 20px !important;padding-right: 40px !important;padding-left: 40px !important;}"]
<p style="text-align: center;"><span style="color: #939393;">Lorem ipsum dolor sit amet, consectetuer adipiscing elit, sed </span></p>
[/vc_column_text][vc_custom_heading text="from - 15$" font_container="tag:h6|font_size:20px|text_align:center|color:%23ac9170|line_height:24px" use_theme_fonts="yes" css=".vc_custom_1448637501252{margin-bottom: 15px !important;}"][kleo_gap size="25px"][/vc_column_inner][vc_column_inner width="1/2" css=".vc_custom_1454272360876{padding-right: 0px !important;padding-left: 0px !important;background-image: url(http://seventhqueen.com/demo/kleo/wp-content/uploads/2015/11/kleo_restaurant_food_004.jpg?id=36) !important;background-position: center !important;background-repeat: no-repeat !important;background-size: cover !important;}" offset="vc_col-lg-3 vc_col-md-3 vc_col-xs-12"][kleo_gap size="50px"][/vc_column_inner][vc_column_inner width="1/2" css=".vc_custom_1448636218520{padding-right: 0px !important;padding-left: 0px !important;}" offset="vc_col-lg-3 vc_col-md-3 vc_col-xs-12"][kleo_gap size="25px"][vc_custom_heading text="BEEF" font_container="tag:h5|font_size:17px|text_align:center|color:%23000000|line_height:32px" use_theme_fonts="yes" css=".vc_custom_1448637957138{margin-bottom: 15px !important;}"][vc_separator color="juicy_pink" el_width="20" css=".vc_custom_1448635094418{margin-bottom: 35px !important;}"][vc_column_text css=".vc_custom_1448636580955{margin-bottom: 20px !important;padding-right: 40px !important;padding-left: 40px !important;}"]
<p style="text-align: center;"><span style="color: #939393;">Lorem ipsum dolor sit amet, consectetuer adipiscing elit, sed </span></p>
[/vc_column_text][vc_custom_heading text="from - 15$" font_container="tag:h6|font_size:20px|text_align:center|color:%23ac9170|line_height:24px" use_theme_fonts="yes" css=".vc_custom_1448637501252{margin-bottom: 15px !important;}"][kleo_gap size="25px"][/vc_column_inner][/vc_row_inner][/vc_column][/vc_row][vc_row text_align="center" type="image" bg_position="center" bg_position_horizontal="center" enable_parallax="false" parallax_speed="0.3" column_gap="no" padding_top="" padding_bottom="" margin_top="-40px" bg_image="40"][vc_column][kleo_gap size="200px"][kleo_gap size="200px"][vc_custom_heading text="menu" font_container="tag:h1|font_size:140px|text_align:center|color:%23ffffff|line_height:150px" use_theme_fonts="yes" letter_spacing="" el_class="letter-spacing-50" css=".vc_custom_1454434855976{margin-top: 0px !important;margin-bottom: -30px !important;}"][/vc_column][/vc_row][vc_row el_id="menu"][vc_column][vc_separator color="juicy_pink" el_width="10" css=".vc_custom_1448640117166{margin-bottom: 35px !important;}"][vc_single_image image="41" img_size="421x241" alignment="center"][vc_custom_heading text="PIZZA &amp; PASTA" font_container="tag:h3|text_align:center|color:%23ac9170" use_theme_fonts="yes" el_class="letter-spacing-100"][kleo_gap size="67px"][/vc_column][/vc_row][vc_row gap="35" padding_top="0" padding_bottom="0"][vc_column offset="vc_col-lg-offset-1 vc_col-lg-5 vc_col-md-offset-1 vc_col-md-5 vc_col-xs-12"][vc_custom_heading text="FETTUCCINI ALFREDO" font_container="tag:h5|font_size:17px|text_align:left|color:%23000000|line_height:25px" use_theme_fonts="yes" letter_spacing=""][vc_column_text font_size="11px" css=".vc_custom_1448640900682{margin-top: 0px !important;margin-bottom: 0px !important;padding-top: 0px !important;padding-bottom: 0px !important;}"]200g[/vc_column_text][kleo_magic_container width="75%" float="left"][vc_column_text font_size="13px" letter_spacing="" css=".vc_custom_1454323986163{margin-bottom: 40px !important;}"]I am text block. Click edit button to change this text. Lorem ipsum dolor sit amet, consectetur adipiscing elit. Ut elit tellus, luctus nec ullamcorper mattis, pulvinar dapibus leo.[/vc_column_text][/kleo_magic_container][kleo_magic_container width="25%" float="left"][vc_custom_heading text="$10" font_container="tag:h2|font_size:36px|text_align:right|color:%23ac9170" use_theme_fonts="yes" letter_spacing=""][/kleo_magic_container][/vc_column][vc_column offset="vc_col-lg-5 vc_col-md-5 vc_col-xs-12"][vc_custom_heading text="SPAGHETTI" font_container="tag:h5|font_size:17px|text_align:left|color:%23000000|line_height:25px" use_theme_fonts="yes" letter_spacing=""][vc_column_text font_size="11px" css=".vc_custom_1448640900682{margin-top: 0px !important;margin-bottom: 0px !important;padding-top: 0px !important;padding-bottom: 0px !important;}"]200g[/vc_column_text][kleo_magic_container width="75%" float="left"][vc_column_text font_size="13px" letter_spacing="" css=".vc_custom_1454323986163{margin-bottom: 40px !important;}"]I am text block. Click edit button to change this text. Lorem ipsum dolor sit amet, consectetur adipiscing elit. Ut elit tellus, luctus nec ullamcorper mattis, pulvinar dapibus leo.[/vc_column_text][/kleo_magic_container][kleo_magic_container width="25%" float="left"][vc_custom_heading text="$12.99" font_container="tag:h2|font_size:36px|text_align:right|color:%23ac9170" use_theme_fonts="yes" letter_spacing=""][/kleo_magic_container][/vc_column][/vc_row][vc_row gap="35" padding_top="0" padding_bottom="0"][vc_column offset="vc_col-lg-offset-1 vc_col-lg-5 vc_col-md-offset-1 vc_col-md-5 vc_col-xs-12"][vc_custom_heading text="CHICKEN FETTUCCINI ALFREDO" font_container="tag:h5|font_size:17px|text_align:left|color:%23000000|line_height:25px" use_theme_fonts="yes" letter_spacing=""][vc_column_text font_size="11px" css=".vc_custom_1448640900682{margin-top: 0px !important;margin-bottom: 0px !important;padding-top: 0px !important;padding-bottom: 0px !important;}"]200g[/vc_column_text][kleo_magic_container width="75%" float="left"][vc_column_text font_size="13px" letter_spacing="" css=".vc_custom_1454323986163{margin-bottom: 40px !important;}"]I am text block. Click edit button to change this text. Lorem ipsum dolor sit amet, consectetur adipiscing elit. Ut elit tellus, luctus nec ullamcorper mattis, pulvinar dapibus leo.[/vc_column_text][/kleo_magic_container][kleo_magic_container width="25%" float="left"][vc_custom_heading text="$20" font_container="tag:h2|font_size:36px|text_align:right|color:%23ac9170" use_theme_fonts="yes" letter_spacing=""][/kleo_magic_container][/vc_column][vc_column offset="vc_col-lg-5 vc_col-md-5 vc_col-xs-12"][vc_custom_heading text="AVOCADO CHICKEN PASTA" font_container="tag:h5|font_size:17px|text_align:left|color:%23000000|line_height:25px" use_theme_fonts="yes" letter_spacing=""][vc_column_text font_size="11px" css=".vc_custom_1448640900682{margin-top: 0px !important;margin-bottom: 0px !important;padding-top: 0px !important;padding-bottom: 0px !important;}"]200g[/vc_column_text][kleo_magic_container width="75%" float="left"][vc_column_text font_size="13px" letter_spacing="" css=".vc_custom_1454323986163{margin-bottom: 40px !important;}"]I am text block. Click edit button to change this text. Lorem ipsum dolor sit amet, consectetur adipiscing elit. Ut elit tellus, luctus nec ullamcorper mattis, pulvinar dapibus leo.[/vc_column_text][/kleo_magic_container][kleo_magic_container width="25%" float="left"][vc_custom_heading text="$20" font_container="tag:h2|font_size:36px|text_align:right|color:%23ac9170" use_theme_fonts="yes" letter_spacing=""][/kleo_magic_container][/vc_column][/vc_row][vc_row gap="35" padding_top="0" padding_bottom="0"][vc_column offset="vc_col-lg-offset-1 vc_col-lg-5 vc_col-md-offset-1 vc_col-md-5 vc_col-xs-12"][vc_custom_heading text="PIZZA MEXICANA" font_container="tag:h5|font_size:17px|text_align:left|color:%23000000|line_height:25px" use_theme_fonts="yes" letter_spacing=""][vc_column_text font_size="11px" css=".vc_custom_1448640900682{margin-top: 0px !important;margin-bottom: 0px !important;padding-top: 0px !important;padding-bottom: 0px !important;}"]200g[/vc_column_text][kleo_magic_container width="75%" float="left"][vc_column_text font_size="13px" letter_spacing="" css=".vc_custom_1454323986163{margin-bottom: 40px !important;}"]I am text block. Click edit button to change this text. Lorem ipsum dolor sit amet, consectetur adipiscing elit. Ut elit tellus, luctus nec ullamcorper mattis, pulvinar dapibus leo.[/vc_column_text][/kleo_magic_container][kleo_magic_container width="25%" float="left"][vc_custom_heading text="$20" font_container="tag:h2|font_size:36px|text_align:right|color:%23ac9170" use_theme_fonts="yes" letter_spacing=""][/kleo_magic_container][/vc_column][vc_column offset="vc_col-lg-5 vc_col-md-5 vc_col-xs-12"][vc_custom_heading text="BBQ PIZZA
" font_container="tag:h5|font_size:17px|text_align:left|color:%23000000|line_height:25px" use_theme_fonts="yes" letter_spacing=""][vc_column_text font_size="11px" css=".vc_custom_1448640900682{margin-top: 0px !important;margin-bottom: 0px !important;padding-top: 0px !important;padding-bottom: 0px !important;}"]200g[/vc_column_text][kleo_magic_container width="75%" float="left"][vc_column_text font_size="13px" letter_spacing="" css=".vc_custom_1454323986163{margin-bottom: 40px !important;}"]I am text block. Click edit button to change this text. Lorem ipsum dolor sit amet, consectetur adipiscing elit. Ut elit tellus, luctus nec ullamcorper mattis, pulvinar dapibus leo.[/vc_column_text][/kleo_magic_container][kleo_magic_container width="25%" float="left"][vc_custom_heading text="$20" font_container="tag:h2|font_size:36px|text_align:right|color:%23ac9170" use_theme_fonts="yes" letter_spacing=""][/kleo_magic_container][/vc_column][/vc_row][vc_row gap="35" padding_top="0" padding_bottom="0"][vc_column offset="vc_col-lg-offset-1 vc_col-lg-5 vc_col-md-offset-1 vc_col-md-5 vc_col-xs-12"][vc_custom_heading text="VEGETARIAN PIZZA" font_container="tag:h5|font_size:17px|text_align:left|color:%23000000|line_height:25px" use_theme_fonts="yes" letter_spacing=""][vc_column_text font_size="11px" css=".vc_custom_1448640900682{margin-top: 0px !important;margin-bottom: 0px !important;padding-top: 0px !important;padding-bottom: 0px !important;}"]200g[/vc_column_text][kleo_magic_container width="75%" float="left"][vc_column_text font_size="13px" letter_spacing="" css=".vc_custom_1454323986163{margin-bottom: 40px !important;}"]I am text block. Click edit button to change this text. Lorem ipsum dolor sit amet, consectetur adipiscing elit. Ut elit tellus, luctus nec ullamcorper mattis, pulvinar dapibus leo.[/vc_column_text][/kleo_magic_container][kleo_magic_container width="25%" float="left"][vc_custom_heading text="$20" font_container="tag:h2|font_size:36px|text_align:right|color:%23ac9170" use_theme_fonts="yes" letter_spacing=""][/kleo_magic_container][/vc_column][vc_column offset="vc_col-lg-5 vc_col-md-5 vc_col-xs-12"][vc_custom_heading text="OCEANIA PIZZA" font_container="tag:h5|font_size:17px|text_align:left|color:%23000000|line_height:25px" use_theme_fonts="yes" letter_spacing=""][vc_column_text font_size="11px" css=".vc_custom_1448640900682{margin-top: 0px !important;margin-bottom: 0px !important;padding-top: 0px !important;padding-bottom: 0px !important;}"]200g[/vc_column_text][kleo_magic_container width="75%" float="left"][vc_column_text font_size="13px" letter_spacing="" css=".vc_custom_1454323986163{margin-bottom: 40px !important;}"]I am text block. Click edit button to change this text. Lorem ipsum dolor sit amet, consectetur adipiscing elit. Ut elit tellus, luctus nec ullamcorper mattis, pulvinar dapibus leo.[/vc_column_text][/kleo_magic_container][kleo_magic_container width="25%" float="left"][vc_custom_heading text="$20" font_container="tag:h2|font_size:36px|text_align:right|color:%23ac9170" use_theme_fonts="yes" letter_spacing=""][/kleo_magic_container][/vc_column][/vc_row][vc_row column_gap="no" padding_top="60px" padding_bottom="60px"][vc_column][vc_row_inner][vc_column_inner][vc_single_image image="43" img_size="287x217" alignment="center" css=".vc_custom_1448642384586{margin-top: 0px !important;margin-bottom: 0px !important;}"][vc_custom_heading text="DESERTS" font_container="tag:h3|text_align:center|color:%23ac9170" use_theme_fonts="yes" el_class="letter-spacing-100"][kleo_gap size="30px"][/vc_column_inner][/vc_row_inner][/vc_column][/vc_row][vc_row gap="35" padding_top="0" padding_bottom="0"][vc_column offset="vc_col-lg-offset-1 vc_col-lg-5 vc_col-md-offset-1 vc_col-md-5 vc_col-xs-12"][vc_custom_heading text="LIME AND AVOCADO CHEESECAKE" font_container="tag:h5|font_size:17px|text_align:left|color:%23000000|line_height:25px" use_theme_fonts="yes" letter_spacing=""][vc_column_text font_size="11px" css=".vc_custom_1448640900682{margin-top: 0px !important;margin-bottom: 0px !important;padding-top: 0px !important;padding-bottom: 0px !important;}"]200g[/vc_column_text][kleo_magic_container width="75%" float="left"][vc_column_text font_size="13px" letter_spacing="" css=".vc_custom_1454323986163{margin-bottom: 40px !important;}"]I am text block. Click edit button to change this text. Lorem ipsum dolor sit amet, consectetur adipiscing elit. Ut elit tellus, luctus nec ullamcorper mattis, pulvinar dapibus leo.[/vc_column_text][/kleo_magic_container][kleo_magic_container width="25%" float="left"][vc_custom_heading text="$20" font_container="tag:h2|font_size:36px|text_align:right|color:%23ac9170" use_theme_fonts="yes" letter_spacing=""][/kleo_magic_container][/vc_column][vc_column offset="vc_col-lg-5 vc_col-md-5 vc_col-xs-12"][vc_custom_heading text="WHITE CHOCOLATE BERRY CAKE" font_container="tag:h5|font_size:17px|text_align:left|color:%23000000|line_height:25px" use_theme_fonts="yes" letter_spacing=""][vc_column_text font_size="11px" css=".vc_custom_1448640900682{margin-top: 0px !important;margin-bottom: 0px !important;padding-top: 0px !important;padding-bottom: 0px !important;}"]200g[/vc_column_text][kleo_magic_container width="75%" float="left"][vc_column_text font_size="13px" letter_spacing="" css=".vc_custom_1454323986163{margin-bottom: 40px !important;}"]I am text block. Click edit button to change this text. Lorem ipsum dolor sit amet, consectetur adipiscing elit. Ut elit tellus, luctus nec ullamcorper mattis, pulvinar dapibus leo.[/vc_column_text][/kleo_magic_container][kleo_magic_container width="25%" float="left"][vc_custom_heading text="$20" font_container="tag:h2|font_size:36px|text_align:right|color:%23ac9170" use_theme_fonts="yes" letter_spacing=""][/kleo_magic_container][/vc_column][/vc_row][vc_row gap="35" padding_top="0" padding_bottom="0"][vc_column offset="vc_col-lg-offset-1 vc_col-lg-5 vc_col-md-offset-1 vc_col-md-5 vc_col-xs-12"][vc_custom_heading text="RHUBARB AND ROSEWATER TART" font_container="tag:h5|font_size:17px|text_align:left|color:%23000000|line_height:25px" use_theme_fonts="yes" letter_spacing=""][vc_column_text font_size="11px" css=".vc_custom_1448640900682{margin-top: 0px !important;margin-bottom: 0px !important;padding-top: 0px !important;padding-bottom: 0px !important;}"]200g[/vc_column_text][kleo_magic_container width="75%" float="left"][vc_column_text font_size="13px" letter_spacing="" css=".vc_custom_1454323986163{margin-bottom: 40px !important;}"]I am text block. Click edit button to change this text. Lorem ipsum dolor sit amet, consectetur adipiscing elit. Ut elit tellus, luctus nec ullamcorper mattis, pulvinar dapibus leo.[/vc_column_text][/kleo_magic_container][kleo_magic_container width="25%" float="left"][vc_custom_heading text="$20" font_container="tag:h2|font_size:36px|text_align:right|color:%23ac9170" use_theme_fonts="yes" letter_spacing=""][/kleo_magic_container][/vc_column][vc_column offset="vc_col-lg-5 vc_col-md-5 vc_col-xs-12"][vc_custom_heading text="PUMPKIN TART WITH SHERRY SYLLABUB" font_container="tag:h5|font_size:17px|text_align:left|color:%23000000|line_height:25px" use_theme_fonts="yes" letter_spacing=""][vc_column_text font_size="11px" css=".vc_custom_1448640900682{margin-top: 0px !important;margin-bottom: 0px !important;padding-top: 0px !important;padding-bottom: 0px !important;}"]200g[/vc_column_text][kleo_magic_container width="75%" float="left"][vc_column_text font_size="13px" letter_spacing="" css=".vc_custom_1454323986163{margin-bottom: 40px !important;}"]I am text block. Click edit button to change this text. Lorem ipsum dolor sit amet, consectetur adipiscing elit. Ut elit tellus, luctus nec ullamcorper mattis, pulvinar dapibus leo.[/vc_column_text][/kleo_magic_container][kleo_magic_container width="25%" float="left"][vc_custom_heading text="$20" font_container="tag:h2|font_size:36px|text_align:right|color:%23ac9170" use_theme_fonts="yes" letter_spacing=""][/kleo_magic_container][/vc_column][/vc_row][vc_row gap="35" padding_top="0"][vc_column offset="vc_col-lg-offset-1 vc_col-lg-5 vc_col-md-offset-1 vc_col-md-5 vc_col-xs-12"][vc_custom_heading text="CHOCOLATE AND BEETROOT CAKE" font_container="tag:h5|font_size:17px|text_align:left|color:%23000000|line_height:25px" use_theme_fonts="yes" letter_spacing=""][vc_column_text font_size="11px" css=".vc_custom_1448640900682{margin-top: 0px !important;margin-bottom: 0px !important;padding-top: 0px !important;padding-bottom: 0px !important;}"]200g[/vc_column_text][kleo_magic_container width="75%" float="left"][vc_column_text font_size="13px" letter_spacing="" css=".vc_custom_1454323986163{margin-bottom: 40px !important;}"]I am text block. Click edit button to change this text. Lorem ipsum dolor sit amet, consectetur adipiscing elit. Ut elit tellus, luctus nec ullamcorper mattis, pulvinar dapibus leo.[/vc_column_text][/kleo_magic_container][kleo_magic_container width="25%" float="left"][vc_custom_heading text="$20" font_container="tag:h2|font_size:36px|text_align:right|color:%23ac9170" use_theme_fonts="yes" letter_spacing=""][/kleo_magic_container][/vc_column][vc_column offset="vc_col-lg-5 vc_col-md-5 vc_col-xs-12"][vc_custom_heading text="CHOCOLATE AND BEETROOT CAKE" font_container="tag:h5|font_size:17px|text_align:left|color:%23000000|line_height:25px" use_theme_fonts="yes" letter_spacing=""][vc_column_text font_size="11px" css=".vc_custom_1448640900682{margin-top: 0px !important;margin-bottom: 0px !important;padding-top: 0px !important;padding-bottom: 0px !important;}"]200g[/vc_column_text][kleo_magic_container width="75%" float="left"][vc_column_text font_size="13px" letter_spacing="" css=".vc_custom_1454323986163{margin-bottom: 40px !important;}"]I am text block. Click edit button to change this text. Lorem ipsum dolor sit amet, consectetur adipiscing elit. Ut elit tellus, luctus nec ullamcorper mattis, pulvinar dapibus leo.[/vc_column_text][/kleo_magic_container][kleo_magic_container width="25%" float="left"][vc_custom_heading text="$20" font_container="tag:h2|font_size:36px|text_align:right|color:%23ac9170" use_theme_fonts="yes" letter_spacing=""][/kleo_magic_container][/vc_column][/vc_row][vc_row el_id="contact" text_align="center" type="image" vertical_align="yes" padding_top="80" padding_bottom="80" bg_image="46"][vc_column offset="vc_col-lg-offset-3 vc_col-lg-6 vc_col-md-offset-3 vc_col-md-6 vc_col-xs-12"][vc_single_image image="45" img_size="317x245" alignment="center"][vc_column_text text_color="#ffffff" font_size="13px" letter_spacing="" css=".vc_custom_1454350644498{margin-top: 0px !important;}"]
<p style="text-align: center;">We are waiting for you at our fancy new location 105 West 2nd Street. Contact us at restaurant@seventhqueen.com of any queries.</p>
[/vc_column_text][kleo_button title="PURCHASE OUR THEME NOW" href="http://themeforest.net/item/kleo-next-level-wordpress-theme/6776630?ref=SeventhQueen" target="_blank" style="see-through" font_size="13px" font_weight="700" size="lg" special="no" icon="0"][kleo_gap size="40px"][kleo_icon icon="facebook" padding="15px" icon_color="#ffffff"][kleo_icon icon="twitter" padding="15px" icon_color="#ffffff"][kleo_icon icon="gplus" padding="15px" icon_color="#ffffff"][/vc_column][/vc_row]]]></content:encoded>
        <excerpt:encoded><![CDATA[]]></excerpt:encoded>
        <wp:post_id>5</wp:post_id>
        <wp:post_date><![CDATA[2015-11-26 14:50:17]]></wp:post_date>
        <wp:post_date_gmt><![CDATA[2015-11-26 14:50:17]]></wp:post_date_gmt>
        <wp:comment_status><![CDATA[closed]]></wp:comment_status>
        <wp:ping_status><![CDATA[closed]]></wp:ping_status>
        <wp:post_name><![CDATA[home-food]]></wp:post_name>
        <wp:status><![CDATA[publish]]></wp:status>
        <wp:post_parent>0</wp:post_parent>
        <wp:menu_order>0</wp:menu_order>
        <wp:post_type><![CDATA[page]]></wp:post_type>
        <wp:post_password><![CDATA[]]></wp:post_password>
        <wp:is_sticky>0</wp:is_sticky>
        <wp:postmeta>
            <wp:meta_key><![CDATA[_vc_post_settings]]></wp:meta_key>
            <wp:meta_value><![CDATA[a:1:{s:10:"vc_grid_id";a:0:{}}]]></wp:meta_value>
        </wp:postmeta>
        <wp:postmeta>
            <wp:meta_key><![CDATA[_wpb_shortcodes_custom_css]]></wp:meta_key>
            <wp:meta_value><![CDATA[.vc_custom_1454348779620{margin-top: -40px !important;background-color: #ffffff !important;}.vc_custom_1454272966774{margin-top: 0px !important;margin-right: 0px !important;margin-bottom: 0px !important;margin-left: 0px !important;}.vc_custom_1454350387279{margin-right: 0px !important;margin-bottom: 0px !important;margin-left: 0px !important;}.vc_custom_1448622906440{padding-right: 0px !important;padding-left: 0px !important;}.vc_custom_1454271833336{padding-right: 0px !important;padding-left: 0px !important;background-image: url(http://seventhqueen.com/demo/kleo/wp-content/uploads/2015/11/kleo_restaurant_reservations_big.jpg?id=27) !important;background-position: center !important;background-repeat: no-repeat !important;background-size: cover !important;}.vc_custom_1448632294665{margin-bottom: 15px !important;}.vc_custom_1448635094418{margin-bottom: 35px !important;}.vc_custom_1448635111746{margin-bottom: 20px !important;padding-right: 40px !important;padding-left: 40px !important;}.vc_custom_1454271581880{padding-right: 0px !important;padding-left: 0px !important;background-image: url(http://seventhqueen.com/demo/kleo/wp-content/uploads/2015/11/kleo_restaurant_about_us_picture.jpg?id=28) !important;background-position: center !important;background-repeat: no-repeat !important;background-size: cover !important;}.vc_custom_1448622918786{padding-right: 0px !important;padding-left: 0px !important;}.vc_custom_1448635094418{margin-bottom: 35px !important;}.vc_custom_1448635161882{padding-right: 40px !important;padding-left: 40px !important;}.vc_custom_1454349059316{margin-top: -40px !important;background-color: #ffffff !important;}.vc_custom_1454273077072{margin-top: 0px !important;margin-right: 0px !important;margin-bottom: 0px !important;margin-left: 0px !important;}.vc_custom_1454273085196{margin-top: 0px !important;margin-right: 0px !important;margin-bottom: 0px !important;margin-left: 0px !important;}.vc_custom_1448636253434{padding-right: 0px !important;padding-left: 0px !important;}.vc_custom_1454272237335{padding-right: 0px !important;padding-left: 0px !important;background-image: url(http://seventhqueen.com/demo/kleo/wp-content/uploads/2015/11/kleo_restaurant_food_001.jpg?id=32) !important;background-position: center !important;background-repeat: no-repeat !important;background-size: cover !important;}.vc_custom_1448636187895{padding-right: 0px !important;padding-left: 0px !important;}.vc_custom_1454272292182{padding-right: 0px !important;padding-left: 0px !important;background-image: url(http://seventhqueen.com/demo/kleo/wp-content/uploads/2015/11/kleo_restaurant_food_002.jpg?id=34) !important;background-position: center !important;background-repeat: no-repeat !important;background-size: cover !important;}.vc_custom_1448636070650{margin-bottom: 15px !important;}.vc_custom_1448635094418{margin-bottom: 35px !important;}.vc_custom_1448636580955{margin-bottom: 20px !important;padding-right: 40px !important;padding-left: 40px !important;}.vc_custom_1448637501252{margin-bottom: 15px !important;}.vc_custom_1448637929780{margin-bottom: 15px !important;}.vc_custom_1448635094418{margin-bottom: 35px !important;}.vc_custom_1448636580955{margin-bottom: 20px !important;padding-right: 40px !important;padding-left: 40px !important;}.vc_custom_1448637501252{margin-bottom: 15px !important;}.vc_custom_1454272325554{padding-right: 0px !important;padding-left: 0px !important;background-image: url(http://seventhqueen.com/demo/kleo/wp-content/uploads/2015/11/kleo_restaurant_food_003.jpg?id=35) !important;background-position: center !important;background-repeat: no-repeat !important;background-size: cover !important;}.vc_custom_1448636179945{padding-right: 0px !important;padding-left: 0px !important;}.vc_custom_1454272360876{padding-right: 0px !important;padding-left: 0px !important;background-image: url(http://seventhqueen.com/demo/kleo/wp-content/uploads/2015/11/kleo_restaurant_food_004.jpg?id=36) !important;background-position: center !important;background-repeat: no-repeat !important;background-size: cover !important;}.vc_custom_1448636218520{padding-right: 0px !important;padding-left: 0px !important;}.vc_custom_1448637947604{margin-bottom: 15px !important;}.vc_custom_1448635094418{margin-bottom: 35px !important;}.vc_custom_1448636580955{margin-bottom: 20px !important;padding-right: 40px !important;padding-left: 40px !important;}.vc_custom_1448637501252{margin-bottom: 15px !important;}.vc_custom_1448637957138{margin-bottom: 15px !important;}.vc_custom_1448635094418{margin-bottom: 35px !important;}.vc_custom_1448636580955{margin-bottom: 20px !important;padding-right: 40px !important;padding-left: 40px !important;}.vc_custom_1448637501252{margin-bottom: 15px !important;}.vc_custom_1454434855976{margin-top: 0px !important;margin-bottom: -30px !important;}.vc_custom_1448640117166{margin-bottom: 35px !important;}.vc_custom_1448640900682{margin-top: 0px !important;margin-bottom: 0px !important;padding-top: 0px !important;padding-bottom: 0px !important;}.vc_custom_1454323986163{margin-bottom: 40px !important;}.vc_custom_1448640900682{margin-top: 0px !important;margin-bottom: 0px !important;padding-top: 0px !important;padding-bottom: 0px !important;}.vc_custom_1454323986163{margin-bottom: 40px !important;}.vc_custom_1448640900682{margin-top: 0px !important;margin-bottom: 0px !important;padding-top: 0px !important;padding-bottom: 0px !important;}.vc_custom_1454323986163{margin-bottom: 40px !important;}.vc_custom_1448640900682{margin-top: 0px !important;margin-bottom: 0px !important;padding-top: 0px !important;padding-bottom: 0px !important;}.vc_custom_1454323986163{margin-bottom: 40px !important;}.vc_custom_1448640900682{margin-top: 0px !important;margin-bottom: 0px !important;padding-top: 0px !important;padding-bottom: 0px !important;}.vc_custom_1454323986163{margin-bottom: 40px !important;}.vc_custom_1448640900682{margin-top: 0px !important;margin-bottom: 0px !important;padding-top: 0px !important;padding-bottom: 0px !important;}.vc_custom_1454323986163{margin-bottom: 40px !important;}.vc_custom_1448640900682{margin-top: 0px !important;margin-bottom: 0px !important;padding-top: 0px !important;padding-bottom: 0px !important;}.vc_custom_1454323986163{margin-bottom: 40px !important;}.vc_custom_1448640900682{margin-top: 0px !important;margin-bottom: 0px !important;padding-top: 0px !important;padding-bottom: 0px !important;}.vc_custom_1454323986163{margin-bottom: 40px !important;}.vc_custom_1448642384586{margin-top: 0px !important;margin-bottom: 0px !important;}.vc_custom_1448640900682{margin-top: 0px !important;margin-bottom: 0px !important;padding-top: 0px !important;padding-bottom: 0px !important;}.vc_custom_1454323986163{margin-bottom: 40px !important;}.vc_custom_1448640900682{margin-top: 0px !important;margin-bottom: 0px !important;padding-top: 0px !important;padding-bottom: 0px !important;}.vc_custom_1454323986163{margin-bottom: 40px !important;}.vc_custom_1448640900682{margin-top: 0px !important;margin-bottom: 0px !important;padding-top: 0px !important;padding-bottom: 0px !important;}.vc_custom_1454323986163{margin-bottom: 40px !important;}.vc_custom_1448640900682{margin-top: 0px !important;margin-bottom: 0px !important;padding-top: 0px !important;padding-bottom: 0px !important;}.vc_custom_1454323986163{margin-bottom: 40px !important;}.vc_custom_1448640900682{margin-top: 0px !important;margin-bottom: 0px !important;padding-top: 0px !important;padding-bottom: 0px !important;}.vc_custom_1454323986163{margin-bottom: 40px !important;}.vc_custom_1448640900682{margin-top: 0px !important;margin-bottom: 0px !important;padding-top: 0px !important;padding-bottom: 0px !important;}.vc_custom_1454323986163{margin-bottom: 40px !important;}.vc_custom_1454350644498{margin-top: 0px !important;}]]></wp:meta_value>
        </wp:postmeta>
        <wp:postmeta>
            <wp:meta_key><![CDATA[_edit_last]]></wp:meta_key>
            <wp:meta_value><![CDATA[1]]></wp:meta_value>
        </wp:postmeta>
        <wp:postmeta>
            <wp:meta_key><![CDATA[_wpb_vc_js_status]]></wp:meta_key>
            <wp:meta_value><![CDATA[true]]></wp:meta_value>
        </wp:postmeta>
        <wp:postmeta>
            <wp:meta_key><![CDATA[_vc_post_settings]]></wp:meta_key>
            <wp:meta_value><![CDATA[a:1:{s:10:"vc_grid_id";a:0:{}}]]></wp:meta_value>
        </wp:postmeta>
        <wp:postmeta>
            <wp:meta_key><![CDATA[_kleo_transparent_menu_color]]></wp:meta_key>
            <wp:meta_value><![CDATA[white]]></wp:meta_value>
        </wp:postmeta>
        <wp:postmeta>
            <wp:meta_key><![CDATA[_kleo_topbar_status]]></wp:meta_key>
            <wp:meta_value><![CDATA[0]]></wp:meta_value>
        </wp:postmeta>
        <wp:postmeta>
            <wp:meta_key><![CDATA[_kleo_hide_socket]]></wp:meta_key>
            <wp:meta_value><![CDATA[1]]></wp:meta_value>
        </wp:postmeta>
        <wp:postmeta>
            <wp:meta_key><![CDATA[_kleo_transparent_menu]]></wp:meta_key>
            <wp:meta_value><![CDATA[1]]></wp:meta_value>
        </wp:postmeta>
        <wp:postmeta>
            <wp:meta_key><![CDATA[_kleo_title_checkbox]]></wp:meta_key>
            <wp:meta_value><![CDATA[1]]></wp:meta_value>
        </wp:postmeta>
        <wp:postmeta>
            <wp:meta_key><![CDATA[_kleo_hide_breadcrumb]]></wp:meta_key>
            <wp:meta_value><![CDATA[1]]></wp:meta_value>
        </wp:postmeta>
        <wp:postmeta>
            <wp:meta_key><![CDATA[_kleo_hide_info]]></wp:meta_key>
            <wp:meta_value><![CDATA[1]]></wp:meta_value>
        </wp:postmeta>
        <wp:postmeta>
            <wp:meta_key><![CDATA[_wpb_post_custom_css]]></wp:meta_key>
            <wp:meta_value><![CDATA[

]]></wp:meta_value>
        </wp:postmeta>
        <wp:postmeta>
            <wp:meta_key><![CDATA[_wp_page_template]]></wp:meta_key>
            <wp:meta_value><![CDATA[page-templates/full-width.php]]></wp:meta_value>
        </wp:postmeta>
        <wp:postmeta>
            <wp:meta_key><![CDATA[_wpb_shortcodes_custom_css]]></wp:meta_key>
            <wp:meta_value><![CDATA[.vc_custom_1454348779620{margin-top: -40px !important;background-color: #ffffff !important;}.vc_custom_1454272966774{margin-top: 0px !important;margin-right: 0px !important;margin-bottom: 0px !important;margin-left: 0px !important;}.vc_custom_1454350387279{margin-right: 0px !important;margin-bottom: 0px !important;margin-left: 0px !important;}.vc_custom_1448622906440{padding-right: 0px !important;padding-left: 0px !important;}.vc_custom_1454271833336{padding-right: 0px !important;padding-left: 0px !important;background-image: url(http://seventhqueen.com/demo/kleo/wp-content/uploads/2015/11/kleo_restaurant_reservations_big.jpg?id=27) !important;background-position: center !important;background-repeat: no-repeat !important;background-size: cover !important;}.vc_custom_1448632294665{margin-bottom: 15px !important;}.vc_custom_1448635094418{margin-bottom: 35px !important;}.vc_custom_1448635111746{margin-bottom: 20px !important;padding-right: 40px !important;padding-left: 40px !important;}.vc_custom_1454271581880{padding-right: 0px !important;padding-left: 0px !important;background-image: url(http://seventhqueen.com/demo/kleo/wp-content/uploads/2015/11/kleo_restaurant_about_us_picture.jpg?id=28) !important;background-position: center !important;background-repeat: no-repeat !important;background-size: cover !important;}.vc_custom_1448622918786{padding-right: 0px !important;padding-left: 0px !important;}.vc_custom_1448635094418{margin-bottom: 35px !important;}.vc_custom_1448635161882{padding-right: 40px !important;padding-left: 40px !important;}.vc_custom_1454349059316{margin-top: -40px !important;background-color: #ffffff !important;}.vc_custom_1454273077072{margin-top: 0px !important;margin-right: 0px !important;margin-bottom: 0px !important;margin-left: 0px !important;}.vc_custom_1454273085196{margin-top: 0px !important;margin-right: 0px !important;margin-bottom: 0px !important;margin-left: 0px !important;}.vc_custom_1448636253434{padding-right: 0px !important;padding-left: 0px !important;}.vc_custom_1454272237335{padding-right: 0px !important;padding-left: 0px !important;background-image: url(http://seventhqueen.com/demo/kleo/wp-content/uploads/2015/11/kleo_restaurant_food_001.jpg?id=32) !important;background-position: center !important;background-repeat: no-repeat !important;background-size: cover !important;}.vc_custom_1448636187895{padding-right: 0px !important;padding-left: 0px !important;}.vc_custom_1454272292182{padding-right: 0px !important;padding-left: 0px !important;background-image: url(http://seventhqueen.com/demo/kleo/wp-content/uploads/2015/11/kleo_restaurant_food_002.jpg?id=34) !important;background-position: center !important;background-repeat: no-repeat !important;background-size: cover !important;}.vc_custom_1448636070650{margin-bottom: 15px !important;}.vc_custom_1448635094418{margin-bottom: 35px !important;}.vc_custom_1448636580955{margin-bottom: 20px !important;padding-right: 40px !important;padding-left: 40px !important;}.vc_custom_1448637501252{margin-bottom: 15px !important;}.vc_custom_1448637929780{margin-bottom: 15px !important;}.vc_custom_1448635094418{margin-bottom: 35px !important;}.vc_custom_1448636580955{margin-bottom: 20px !important;padding-right: 40px !important;padding-left: 40px !important;}.vc_custom_1448637501252{margin-bottom: 15px !important;}.vc_custom_1454272325554{padding-right: 0px !important;padding-left: 0px !important;background-image: url(http://seventhqueen.com/demo/kleo/wp-content/uploads/2015/11/kleo_restaurant_food_003.jpg?id=35) !important;background-position: center !important;background-repeat: no-repeat !important;background-size: cover !important;}.vc_custom_1448636179945{padding-right: 0px !important;padding-left: 0px !important;}.vc_custom_1454272360876{padding-right: 0px !important;padding-left: 0px !important;background-image: url(http://seventhqueen.com/demo/kleo/wp-content/uploads/2015/11/kleo_restaurant_food_004.jpg?id=36) !important;background-position: center !important;background-repeat: no-repeat !important;background-size: cover !important;}.vc_custom_1448636218520{padding-right: 0px !important;padding-left: 0px !important;}.vc_custom_1448637947604{margin-bottom: 15px !important;}.vc_custom_1448635094418{margin-bottom: 35px !important;}.vc_custom_1448636580955{margin-bottom: 20px !important;padding-right: 40px !important;padding-left: 40px !important;}.vc_custom_1448637501252{margin-bottom: 15px !important;}.vc_custom_1448637957138{margin-bottom: 15px !important;}.vc_custom_1448635094418{margin-bottom: 35px !important;}.vc_custom_1448636580955{margin-bottom: 20px !important;padding-right: 40px !important;padding-left: 40px !important;}.vc_custom_1448637501252{margin-bottom: 15px !important;}.vc_custom_1454434855976{margin-top: 0px !important;margin-bottom: -30px !important;}.vc_custom_1448640117166{margin-bottom: 35px !important;}.vc_custom_1448640900682{margin-top: 0px !important;margin-bottom: 0px !important;padding-top: 0px !important;padding-bottom: 0px !important;}.vc_custom_1454323986163{margin-bottom: 40px !important;}.vc_custom_1448640900682{margin-top: 0px !important;margin-bottom: 0px !important;padding-top: 0px !important;padding-bottom: 0px !important;}.vc_custom_1454323986163{margin-bottom: 40px !important;}.vc_custom_1448640900682{margin-top: 0px !important;margin-bottom: 0px !important;padding-top: 0px !important;padding-bottom: 0px !important;}.vc_custom_1454323986163{margin-bottom: 40px !important;}.vc_custom_1448640900682{margin-top: 0px !important;margin-bottom: 0px !important;padding-top: 0px !important;padding-bottom: 0px !important;}.vc_custom_1454323986163{margin-bottom: 40px !important;}.vc_custom_1448640900682{margin-top: 0px !important;margin-bottom: 0px !important;padding-top: 0px !important;padding-bottom: 0px !important;}.vc_custom_1454323986163{margin-bottom: 40px !important;}.vc_custom_1448640900682{margin-top: 0px !important;margin-bottom: 0px !important;padding-top: 0px !important;padding-bottom: 0px !important;}.vc_custom_1454323986163{margin-bottom: 40px !important;}.vc_custom_1448640900682{margin-top: 0px !important;margin-bottom: 0px !important;padding-top: 0px !important;padding-bottom: 0px !important;}.vc_custom_1454323986163{margin-bottom: 40px !important;}.vc_custom_1448640900682{margin-top: 0px !important;margin-bottom: 0px !important;padding-top: 0px !important;padding-bottom: 0px !important;}.vc_custom_1454323986163{margin-bottom: 40px !important;}.vc_custom_1448642384586{margin-top: 0px !important;margin-bottom: 0px !important;}.vc_custom_1448640900682{margin-top: 0px !important;margin-bottom: 0px !important;padding-top: 0px !important;padding-bottom: 0px !important;}.vc_custom_1454323986163{margin-bottom: 40px !important;}.vc_custom_1448640900682{margin-top: 0px !important;margin-bottom: 0px !important;padding-top: 0px !important;padding-bottom: 0px !important;}.vc_custom_1454323986163{margin-bottom: 40px !important;}.vc_custom_1448640900682{margin-top: 0px !important;margin-bottom: 0px !important;padding-top: 0px !important;padding-bottom: 0px !important;}.vc_custom_1454323986163{margin-bottom: 40px !important;}.vc_custom_1448640900682{margin-top: 0px !important;margin-bottom: 0px !important;padding-top: 0px !important;padding-bottom: 0px !important;}.vc_custom_1454323986163{margin-bottom: 40px !important;}.vc_custom_1448640900682{margin-top: 0px !important;margin-bottom: 0px !important;padding-top: 0px !important;padding-bottom: 0px !important;}.vc_custom_1454323986163{margin-bottom: 40px !important;}.vc_custom_1448640900682{margin-top: 0px !important;margin-bottom: 0px !important;padding-top: 0px !important;padding-bottom: 0px !important;}.vc_custom_1454323986163{margin-bottom: 40px !important;}.vc_custom_1454350644498{margin-top: 0px !important;}]]></wp:meta_value>
        </wp:postmeta>
        <wp:postmeta>
            <wp:meta_key><![CDATA[_kleo_hide_footer]]></wp:meta_key>
            <wp:meta_value><![CDATA[1]]></wp:meta_value>
        </wp:postmeta>
        <wp:postmeta>
            <wp:meta_key><![CDATA[sq_import]]></wp:meta_key>
            <wp:meta_value><![CDATA[1]]></wp:meta_value>
        </wp:postmeta>
        <wp:postmeta>
            <wp:meta_key><![CDATA[sq_domain]]></wp:meta_key>
            <wp:meta_value><![CDATA[https://seventhqueen.com/demo/kleo]]></wp:meta_value>
        </wp:postmeta>
        <wp:postmeta>
            <wp:meta_key><![CDATA[sq_img_data]]></wp:meta_key>
            <wp:meta_value><![CDATA[a:7:{i:7850;s:106:"https://seventhqueen.com/demo/kleo/wp-content/uploads/2015/11/kleo_restaurant_first_section_background.jpg";i:38;s:107:"https://seventhqueen.com/demo/kleo/wp-content/uploads/2015/11/kleo_restaurant_second_section_background.jpg";i:40;s:106:"https://seventhqueen.com/demo/kleo/wp-content/uploads/2015/11/kleo_restaurant_third_section_background.jpg";i:41;s:86:"https://seventhqueen.com/demo/kleo/wp-content/uploads/2015/11/kle_restaurant_pizza.jpg";i:43;s:89:"https://seventhqueen.com/demo/kleo/wp-content/uploads/2015/11/kleo_restaurant_deserts.jpg";i:46;s:96:"https://seventhqueen.com/demo/kleo/wp-content/uploads/2015/11/kleo_restaurant_red_backgrouns.jpg";i:45;s:106:"https://seventhqueen.com/demo/kleo/wp-content/uploads/2015/11/kleo_restaurant_kleo_restaurant_logo_big.png";}]]></wp:meta_value>
        </wp:postmeta>
        <wp:postmeta>
            <wp:meta_key><![CDATA[sq_attach]]></wp:meta_key>
            <wp:meta_value><![CDATA[a:14:{i:27;s:98:"https://seventhqueen.com/demo/kleo/wp-content/uploads/2015/11/kleo_restaurant_reservations_big.jpg";i:28;s:98:"https://seventhqueen.com/demo/kleo/wp-content/uploads/2015/11/kleo_restaurant_about_us_picture.jpg";i:32;s:90:"https://seventhqueen.com/demo/kleo/wp-content/uploads/2015/11/kleo_restaurant_food_001.jpg";i:34;s:90:"https://seventhqueen.com/demo/kleo/wp-content/uploads/2015/11/kleo_restaurant_food_002.jpg";i:35;s:90:"https://seventhqueen.com/demo/kleo/wp-content/uploads/2015/11/kleo_restaurant_food_003.jpg";i:36;s:90:"https://seventhqueen.com/demo/kleo/wp-content/uploads/2015/11/kleo_restaurant_food_004.jpg";i:37;s:101:"https://seventhqueen.com/demo/kleo/wp-content/uploads/2015/11/kleo_restaurant_reservations_big_02.jpg";i:38;s:107:"https://seventhqueen.com/demo/kleo/wp-content/uploads/2015/11/kleo_restaurant_second_section_background.jpg";i:40;s:106:"https://seventhqueen.com/demo/kleo/wp-content/uploads/2015/11/kleo_restaurant_third_section_background.jpg";i:41;s:86:"https://seventhqueen.com/demo/kleo/wp-content/uploads/2015/11/kle_restaurant_pizza.jpg";i:43;s:89:"https://seventhqueen.com/demo/kleo/wp-content/uploads/2015/11/kleo_restaurant_deserts.jpg";i:45;s:106:"https://seventhqueen.com/demo/kleo/wp-content/uploads/2015/11/kleo_restaurant_kleo_restaurant_logo_big.png";i:46;s:96:"https://seventhqueen.com/demo/kleo/wp-content/uploads/2015/11/kleo_restaurant_red_backgrouns.jpg";i:7850;s:106:"https://seventhqueen.com/demo/kleo/wp-content/uploads/2015/11/kleo_restaurant_first_section_background.jpg";}]]></wp:meta_value>
        </wp:postmeta>
        <wp:postmeta>
            <wp:meta_key><![CDATA[sq_base]]></wp:meta_key>
            <wp:meta_value><![CDATA[https://seventhqueen.com/demo/kleo/wp-content/uploads]]></wp:meta_value>
        </wp:postmeta>
    </item>
</channel>
</rss>
