<?xml version="1.0" encoding="UTF-8" ?>
<!-- This is a WordPress eXtended RSS file generated by WordPress as an export of your site. -->
<!-- It contains information about your site's posts, pages, comments, categories, and other content. -->
<!-- You may use this file to transfer that content from one site to another. -->
<!-- This file is not intended to serve as a complete backup of your site. -->

<!-- To import this information into a WordPress site follow these steps: -->
<!-- 1. Log in to that site as an administrator. -->
<!-- 2. Go to Tools: Import in the WordPress admin panel. -->
<!-- 3. Install the "WordPress" importer from the list. -->
<!-- 4. Activate & Run Importer. -->
<!-- 5. Upload this file using the form provided on that page. -->
<!-- 6. You will first be asked to map the authors in this export file to users -->
<!--    on the site. For each author, you may choose to map to an -->
<!--    existing user on the site or to create a new user. -->
<!-- 7. WordPress will then import each of the posts, pages, comments, categories, etc. -->
<!--    contained in this file into your site. -->

<!-- generator="WordPress/4.7.3" created="2017-03-08 11:09" -->
<rss version="2.0"
    xmlns:excerpt="http://wordpress.org/export/1.2/excerpt/"
    xmlns:content="http://purl.org/rss/1.0/modules/content/"
    xmlns:wfw="http://wellformedweb.org/CommentAPI/"
    xmlns:dc="http://purl.org/dc/elements/1.1/"
    xmlns:wp="http://wordpress.org/export/1.2/"
>

<channel>
    <title>Medical Demo</title>
    <link>http://seventhqueen.com/themes/kleo/medical</link>
    <description>Kleo WP medical theme</description>
    <pubDate>Wed, 08 Mar 2017 11:09:06 +0000</pubDate>
    <language>en-US</language>
    <wp:wxr_version>1.2</wp:wxr_version>
    <wp:base_site_url>http://seventhqueen.com/themes/kleo/</wp:base_site_url>
    <wp:base_blog_url>http://seventhqueen.com/themes/kleo/medical</wp:base_blog_url>

    <wp:author><wp:author_id>37103</wp:author_id><wp:author_login><![CDATA[daniel]]></wp:author_login><wp:author_email><![CDATA[daniel@seventhqueen.com]]></wp:author_email><wp:author_display_name><![CDATA[daniel]]></wp:author_display_name><wp:author_first_name><![CDATA[]]></wp:author_first_name><wp:author_last_name><![CDATA[]]></wp:author_last_name></wp:author>


    <generator>https://wordpress.org/?v=4.7.3</generator>

    <item>
        <title>Home Medical</title>
        <link>http://seventhqueen.com/themes/kleo/medical/</link>
        <pubDate>Fri, 18 Dec 2015 10:49:48 +0000</pubDate>
        <dc:creator><![CDATA[daniel]]></dc:creator>
        <guid isPermaLink="false">http://seventhqueen.com/themes/kleo/medical/?page_id=6</guid>
        <description></description>
        <content:encoded><![CDATA[[vc_row inner_container="no" padding_top="0" padding_bottom="0" margin_top="0"][vc_column][rev_slider_vc alias="kleo_medical"][/vc_column][/vc_row][vc_row padding_top="130" padding_bottom="0"][vc_column][vc_single_image image="24" img_size="122x26" alignment="center" css=".vc_custom_1450688462744{margin-top: 0px !important;margin-bottom: 0px !important;padding-top: 0px !important;padding-bottom: 0px !important;}"][vc_custom_heading text="care about your life" font_container="tag:p|font_size:18px|text_align:center|color:%23707070|line_height:24px" google_fonts="font_family:Ubuntu%3A300%2C300italic%2Cregular%2Citalic%2C500%2C500italic%2C700%2C700italic|font_style:300%20light%20regular%3A300%3Anormal" css=".vc_custom_1450688537208{margin-top: 0px !important;padding-top: 10px !important;}"][kleo_gap size="80px"][/vc_column][/vc_row][vc_row gap="30" equal_height="yes" text_align="center" padding_top="" padding_bottom=""][vc_column width="1/4" css=".vc_custom_1456173644785{border-top-width: 1px !important;border-right-width: 1px !important;border-bottom-width: 1px !important;border-left-width: 1px !important;padding-right: 0px !important;padding-left: 0px !important;border-left-color: #f9e6e5 !important;border-left-style: solid !important;border-right-color: #f9e6e5 !important;border-right-style: solid !important;border-top-color: #f9e6e5 !important;border-top-style: solid !important;border-bottom-color: #f9e6e5 !important;border-bottom-style: solid !important;border-radius: 10px !important;}"][vc_single_image image="31" img_size="33x34" alignment="center" css=".vc_custom_1450693170998{margin-top: 30px !important;margin-bottom: 20px !important;}"][vc_custom_heading text="CALL CENTER" font_container="tag:h3|font_size:20px|text_align:center|color:%2363375a|line_height:40px" google_fonts="font_family:Dosis%3A200%2C300%2Cregular%2C500%2C600%2C700%2C800|font_style:500%20bold%20regular%3A500%3Anormal" el_class="letter-spacing-75"][vc_separator color="custom" accent_color="#f9e6e5"][vc_custom_heading text="(021) 8646" font_container="tag:h5|font_size:24px|text_align:center|color:%23fc0c48|line_height:30px" google_fonts="font_family:Ubuntu%3A300%2C300italic%2Cregular%2Citalic%2C500%2C500italic%2C700%2C700italic|font_style:700%20bold%20regular%3A700%3Anormal" el_class="letter-spacing-75"][vc_custom_heading text="Lorem ipsum dolor" font_container="tag:p|font_size:14px|text_align:center|color:%2363375a|line_height:20px" google_fonts="font_family:Ubuntu%3A300%2C300italic%2Cregular%2Citalic%2C500%2C500italic%2C700%2C700italic|font_style:500%20bold%20regular%3A500%3Anormal"][vc_custom_heading text="313 413 778" font_container="tag:h6|font_size:20px|text_align:center|color:%23fc0c47|line_height:26px" google_fonts="font_family:Ubuntu%3A300%2C300italic%2Cregular%2Citalic%2C500%2C500italic%2C700%2C700italic|font_style:700%20bold%20regular%3A700%3Anormal"][/vc_column][vc_column width="1/4" css=".vc_custom_1456173785795{border-top-width: 1px !important;border-right-width: 1px !important;border-bottom-width: 1px !important;border-left-width: 1px !important;padding-right: 0px !important;padding-left: 0px !important;border-left-color: #f9e6e5 !important;border-left-style: solid !important;border-right-color: #f9e6e5 !important;border-right-style: solid !important;border-top-color: #f9e6e5 !important;border-top-style: solid !important;border-bottom-color: #f9e6e5 !important;border-bottom-style: solid !important;border-radius: 10px !important;}"][vc_single_image image="32" img_size="33x34" alignment="center" css=".vc_custom_1450693183805{margin-top: 30px !important;margin-bottom: 20px !important;}"][vc_custom_heading text="OPENING HOURS" font_container="tag:h3|font_size:20px|text_align:center|color:%2363375a|line_height:40px" google_fonts="font_family:Dosis%3A200%2C300%2Cregular%2C500%2C600%2C700%2C800|font_style:500%20bold%20regular%3A500%3Anormal" el_class="letter-spacing-75"][vc_separator color="custom" accent_color="#f9e6e5"][vc_column_text font_size="15px"]
<p style="text-align: center;"><span style="color: #63375a; font-weight: 500;">Monday - Friday      8:00 - 23:00</span></p>
<p style="text-align: center;"><span style="color: #63375a; font-weight: 500;">Saturday                    8:00 - 20:00</span></p>
<p style="text-align: center;"><span style="color: #63375a; font-weight: 500;">Sunday                       8:00 - 18:00</span></p>
[/vc_column_text][kleo_icon icon="right-dir" position="right" text="details" font_size="12px" href="#" padding="20px" icon_color="#fd0c45"][kleo_gap][/vc_column][vc_column width="1/4" css=".vc_custom_1456173840072{border-top-width: 1px !important;border-right-width: 1px !important;border-bottom-width: 1px !important;border-left-width: 1px !important;padding-right: 0px !important;padding-left: 0px !important;border-left-color: #f9e6e5 !important;border-left-style: solid !important;border-right-color: #f9e6e5 !important;border-right-style: solid !important;border-top-color: #f9e6e5 !important;border-top-style: solid !important;border-bottom-color: #f9e6e5 !important;border-bottom-style: solid !important;border-radius: 10px !important;}"][vc_single_image image="30" img_size="37x34" alignment="center" css=".vc_custom_1450693194080{margin-top: 30px !important;margin-bottom: 20px !important;}"][vc_custom_heading text="EMERGENCY CARE" font_container="tag:h3|font_size:20px|text_align:center|color:%2363375a|line_height:40px" google_fonts="font_family:Dosis%3A200%2C300%2Cregular%2C500%2C600%2C700%2C800|font_style:500%20bold%20regular%3A500%3Anormal" el_class="letter-spacing-75"][vc_separator color="custom" accent_color="#f9e6e5"][vc_custom_heading text="(021) 8744" font_container="tag:h5|font_size:24px|text_align:center|color:%2357b8e7|line_height:30px" google_fonts="font_family:Ubuntu%3A300%2C300italic%2Cregular%2Citalic%2C500%2C500italic%2C700%2C700italic|font_style:700%20bold%20regular%3A700%3Anormal" el_class="letter-spacing-75"][vc_custom_heading text="The emergency departments operate 24 hours a day" font_container="tag:p|font_size:15px|text_align:center|color:%2363375a|line_height:24px" google_fonts="font_family:Ubuntu%3A300%2C300italic%2Cregular%2Citalic%2C500%2C500italic%2C700%2C700italic|font_style:400%20regular%3A400%3Anormal" css=".vc_custom_1450697444038{margin-top: 45px !important;padding-right: 20px !important;padding-left: 20px !important;}"][/vc_column][vc_column width="1/4" css=".vc_custom_1456173926993{border-top-width: 1px !important;border-right-width: 1px !important;border-bottom-width: 1px !important;border-left-width: 1px !important;padding-right: 0px !important;padding-left: 0px !important;border-left-color: #f9e6e5 !important;border-left-style: solid !important;border-right-color: #f9e6e5 !important;border-right-style: solid !important;border-top-color: #f9e6e5 !important;border-top-style: solid !important;border-bottom-color: #f9e6e5 !important;border-bottom-style: solid !important;border-radius: 10px !important;}"][vc_single_image image="33" img_size="29x34" alignment="center" css=".vc_custom_1450693450336{margin-top: 30px !important;margin-bottom: 20px !important;}"][vc_custom_heading text="OUR STUFF" font_container="tag:h3|font_size:20px|text_align:center|color:%2363375a|line_height:40px" google_fonts="font_family:Dosis%3A200%2C300%2Cregular%2C500%2C600%2C700%2C800|font_style:500%20bold%20regular%3A500%3Anormal" el_class="letter-spacing-75"][vc_separator color="custom" accent_color="#f9e6e5"][vc_custom_heading text="Lorem ipsum dolor sit amet, consectetuer adipiscing elit, sed diam nonummy nibh" font_container="tag:p|font_size:15px|text_align:center|color:%2363375a|line_height:24px" google_fonts="font_family:Ubuntu%3A300%2C300italic%2Cregular%2Citalic%2C500%2C500italic%2C700%2C700italic|font_style:400%20regular%3A400%3Anormal" css=".vc_custom_1450697456638{margin-top: 45px !important;padding-right: 20px !important;padding-left: 20px !important;}"][kleo_gap size="40px"][kleo_icon icon="right-dir" position="right" text="details" font_size="12px" href="#" padding="20px" icon_color="#fd0c45"][/vc_column][/vc_row][vc_row text_align="center" padding_top="" padding_bottom=""][vc_column][kleo_gap size="70px"][/vc_column][/vc_row][vc_row el_id="success-story" text_align="center" text_color="#ffffff" type="image" padding_top="100px" padding_bottom="100px" bg_image="41"][vc_column width="1/2" offset="vc_col-lg-3 vc_col-md-6 vc_col-xs-12"][kleo_magic_container width="240px" height="240px" content_position="center" text_center="yes" div_center="yes" border_radius="50%" css=".vc_custom_1456232952096{margin-top: 0px !important;margin-bottom: 0px !important;padding-top: 30px !important;background-color: rgba(255,255,255,0.1) !important;*background-color: rgb(255,255,255) !important;}"][kleo_animate_numbers timer="1000" font_size="52px" font_weight="bold"]1200[/kleo_animate_numbers][vc_custom_heading text="PROFFESIONAL DOCTORS" font_container="tag:p|font_size:20px|text_align:center|color:%23ffffff|line_height:26px" use_theme_fonts="yes" letter_spacing="75" css=".vc_custom_1456232924053{padding-bottom: 0px !important;}"][/kleo_magic_container][kleo_gap][/vc_column][vc_column width="1/2" offset="vc_col-lg-3 vc_col-md-6 vc_col-xs-12"][kleo_magic_container width="240px" height="240px" content_position="center" text_center="yes" div_center="yes" border_radius="50%" css=".vc_custom_1456232957931{padding-top: 30px !important;background-color: rgba(255,255,255,0.1) !important;*background-color: rgb(255,255,255) !important;}"][kleo_animate_numbers timer="1000" font_size="52px" font_weight="bold"]25[/kleo_animate_numbers][vc_custom_heading text="YEARS OF EXPERIENCE" font_container="tag:p|font_size:20px|text_align:center|color:%23ffffff|line_height:26px" use_theme_fonts="yes" letter_spacing="75" css=".vc_custom_1456232917152{padding-bottom: 0px !important;}"][/kleo_magic_container][kleo_gap][/vc_column][vc_column width="1/2" offset="vc_col-lg-3 vc_col-md-6 vc_col-xs-12"][kleo_magic_container width="240px" height="240px" content_position="center" text_center="yes" div_center="yes" border_radius="50%" css=".vc_custom_1456232980740{padding-top: 30px !important;background-color: rgba(255,255,255,0.1) !important;*background-color: rgb(255,255,255) !important;}"][kleo_animate_numbers timer="1000" font_size="52px" font_weight="bold"]347[/kleo_animate_numbers][vc_custom_heading text="HUNDRED OF
HAPPY PATIENTS" font_container="tag:p|font_size:20px|text_align:center|color:%23ffffff|line_height:26px" use_theme_fonts="yes" letter_spacing="75" css=".vc_custom_1456232930694{padding-bottom: 0px !important;}"][/kleo_magic_container][kleo_gap][/vc_column][vc_column width="1/2" offset="vc_col-lg-3 vc_col-md-6 vc_col-xs-12"][kleo_magic_container width="240px" height="240px" content_position="center" text_center="yes" div_center="yes" border_radius="50%" css=".vc_custom_1456232970728{padding-top: 30px !important;background-color: rgba(255,255,255,0.1) !important;*background-color: rgb(255,255,255) !important;}"][kleo_animate_numbers timer="1000" font_size="52px" font_weight="bold"]90438[/kleo_animate_numbers][vc_custom_heading text="SUCCESFUL
BIRTHS" font_container="tag:p|font_size:20px|text_align:center|color:%23ffffff|line_height:26px" use_theme_fonts="yes" letter_spacing="75" css=".vc_custom_1456232936618{padding-bottom: 0px !important;}"][/kleo_magic_container][kleo_gap][/vc_column][/vc_row][vc_row el_id="specialities"][vc_column][kleo_gap size="90px"][vc_custom_heading text="SPECIALITIES" font_container="tag:h2|text_align:center|color:%2363375a" use_theme_fonts="yes" el_class="letter-spacing-75"][kleo_gap size="90px"][/vc_column][/vc_row][vc_row type="image" bg_position="bottom" bg_position_horizontal="center" padding_top="0" padding_bottom="0" bg_image="52"][vc_column css=".vc_custom_1450714574282{background-color: #fefdfd !important;border-radius: 10px !important;}" el_class="overflow-hidden"][vc_row_inner][vc_column_inner width="1/2" css=".vc_custom_1450711743432{padding-right: 0px !important;padding-left: 0px !important;background-image: url(http://seventhqueen.com/themes/kleo/medical/wp-content/uploads/sites/11/2015/12/kleo_medical_first_list_background.png?id=48) !important;background-position: 0 0 !important;background-repeat: no-repeat !important;}" offset="vc_col-lg-3 vc_col-md-3 vc_col-xs-12"][kleo_gap size="60px"][vc_custom_heading text="LOREM IPSUM" font_container="tag:h4|text_align:left|color:%23fe104c" use_theme_fonts="yes" el_class="letter-spacing-75" css=".vc_custom_1450708519135{margin-top: 0px !important;margin-bottom: 0px !important;padding-top: 0px !important;padding-right: 26px !important;padding-bottom: 0px !important;padding-left: 26px !important;}"][kleo_gap size="60px"][vc_separator color="custom" accent_color="#faeeed"][vc_column_text font_size="15"]
<ul class="medical-list">
    <li><span style="color: #63375a;"><a style="color: #63375a;" href="#">Infant &amp; Mom Healthcare</a></span></li>
    <li><span style="color: #63375a;"><a style="color: #63375a;" href="#">Children Healthcare</a></span></li>
    <li><span style="color: #63375a;"><a style="color: #63375a;" href="#">Women Healthcare</a></span></li>
    <li><span style="color: #63375a;"><a style="color: #63375a;" href="#">Men Healthcare</a></span></li>
    <li><span style="color: #63375a;"><a style="color: #63375a;" href="#">Aged Healthcare</a></span></li>
    <li><span style="color: #63375a;"><a style="color: #63375a;" href="#">Adolescent Health</a></span></li>
    <li><span style="color: #63375a;"><a style="color: #63375a;" href="#">Genetic &amp; Congenital Disease</a></span></li>
    <li><span style="color: #63375a;"><a style="color: #63375a;" href="#">Reproduction</a></span></li>
    <li><span style="color: #63375a;"><a style="color: #63375a;" href="#">Tumour or Cancer healthcare</a></span></li>
    <li><span style="color: #63375a;"><a style="color: #63375a;" href="#">Hypertensive</a></span></li>
    <li><span style="color: #63375a;"><a style="color: #63375a;" href="#">Diabetes</a></span></li>
    <li><span style="color: #63375a;"><a style="color: #63375a;" href="#">Rehabilitation</a></span></li>
    <li><span style="color: #63375a;"><a style="color: #63375a;" href="#">Psychological Health</a></span></li>
    <li><span style="color: #63375a;"><a style="color: #63375a;" href="#">Suboptimal health Status</a></span></li>
    <li><span style="color: #63375a;"><a style="color: #63375a;" href="#">(Sub-health) Attention</a></span></li>
    <li><span style="color: #63375a;"><a style="color: #63375a;" href="#">Sports &amp; Health</a></span></li>
    <li><span style="color: #63375a;"><a style="color: #63375a;" href="#">Beauty &amp; Fitness</a></span></li>
</ul>
[/vc_column_text][kleo_gap size="60px"][/vc_column_inner][vc_column_inner width="1/2" css=".vc_custom_1450711734058{padding-right: 0px !important;padding-left: 0px !important;background: #fdf9f9 url(http://seventhqueen.com/themes/kleo/medical/wp-content/uploads/sites/11/2015/12/kleo_medical_second_list_background.png?id=49) !important;background-position: 0 0 !important;background-repeat: no-repeat !important;}" offset="vc_col-lg-3 vc_col-md-3 vc_col-xs-12"][kleo_gap size="60px"][vc_custom_heading text="LOREM IPSUM" font_container="tag:h4|text_align:left|color:%23fe104c" use_theme_fonts="yes" el_class="letter-spacing-75" css=".vc_custom_1450708519135{margin-top: 0px !important;margin-bottom: 0px !important;padding-top: 0px !important;padding-right: 26px !important;padding-bottom: 0px !important;padding-left: 26px !important;}"][kleo_gap size="60px"][vc_separator color="custom" accent_color="#faeeed"][vc_column_text font_size="15"]
<ul class="medical-list">
    <li><span style="color: #63375a;"><a style="color: #63375a;" href="#">Infant &amp; Mom Healthcare</a></span></li>
    <li><span style="color: #63375a;"><a style="color: #63375a;" href="#">Children Healthcare</a></span></li>
    <li><span style="color: #63375a;"><a style="color: #63375a;" href="#">Women Healthcare</a></span></li>
    <li><span style="color: #63375a;"><a style="color: #63375a;" href="#">Men Healthcare</a></span></li>
    <li><span style="color: #63375a;"><a style="color: #63375a;" href="#">Aged Healthcare</a></span></li>
    <li><span style="color: #63375a;"><a style="color: #63375a;" href="#">Adolescent Health</a></span></li>
    <li><span style="color: #63375a;"><a style="color: #63375a;" href="#">Genetic &amp; Congenital Disease</a></span></li>
    <li><span style="color: #63375a;"><a style="color: #63375a;" href="#">Reproduction</a></span></li>
    <li><span style="color: #63375a;"><a style="color: #63375a;" href="#">Tumour or Cancer healthcare</a></span></li>
    <li><span style="color: #63375a;"><a style="color: #63375a;" href="#">Hypertensive</a></span></li>
    <li><span style="color: #63375a;"><a style="color: #63375a;" href="#">Diabetes</a></span></li>
    <li><span style="color: #63375a;"><a style="color: #63375a;" href="#">Rehabilitation</a></span></li>
    <li><span style="color: #63375a;"><a style="color: #63375a;" href="#">Psychological Health</a></span></li>
    <li><span style="color: #63375a;"><a style="color: #63375a;" href="#">Suboptimal health Status</a></span></li>
    <li><span style="color: #63375a;"><a style="color: #63375a;" href="#">(Sub-health) Attention</a></span></li>
    <li><span style="color: #63375a;"><a style="color: #63375a;" href="#">Sports &amp; Health</a></span></li>
    <li><span style="color: #63375a;"><a style="color: #63375a;" href="#">Beauty &amp; Fitness</a></span></li>
</ul>
[/vc_column_text][kleo_gap size="60px"][/vc_column_inner][vc_column_inner width="1/2" css=".vc_custom_1450711753927{padding-right: 0px !important;padding-left: 0px !important;background: #fcf5f5 url(http://seventhqueen.com/themes/kleo/medical/wp-content/uploads/sites/11/2015/12/kleo_medical_third_list_background.png?id=50) !important;background-position: 0 0 !important;background-repeat: no-repeat !important;}" offset="vc_col-lg-6 vc_col-md-12 vc_col-xs-12"][kleo_gap size="60px"][vc_custom_heading text="LOREM IPSUM" font_container="tag:h4|text_align:left|color:%23fe104c" use_theme_fonts="yes" el_class="letter-spacing-75" css=".vc_custom_1450708519135{margin-top: 0px !important;margin-bottom: 0px !important;padding-top: 0px !important;padding-right: 26px !important;padding-bottom: 0px !important;padding-left: 26px !important;}"][kleo_gap size="60px"][vc_separator color="custom" accent_color="#faeeed"][vc_column_text font_size="15"]
<ul class="medical-list">
    <li><span style="color: #63375a;"><a style="color: #63375a;" href="#">Infant &amp; Mom Healthcare</a></span></li>
    <li><span style="color: #63375a;"><a style="color: #63375a;" href="#">Children Healthcare</a></span></li>
    <li><span style="color: #63375a;"><a style="color: #63375a;" href="#">Women Healthcare</a></span></li>
    <li><span style="color: #63375a;"><a style="color: #63375a;" href="#">Men Healthcare</a></span></li>
    <li><span style="color: #63375a;"><a style="color: #63375a;" href="#">Aged Healthcare</a></span></li>
    <li><span style="color: #63375a;"><a style="color: #63375a;" href="#">Adolescent Health</a></span></li>
    <li><span style="color: #63375a;"><a style="color: #63375a;" href="#">Genetic &amp; Congenital Disease</a></span></li>
    <li><span style="color: #63375a;"><a style="color: #63375a;" href="#">Reproduction</a></span></li>
    <li><span style="color: #63375a;"><a style="color: #63375a;" href="#">Tumour or Cancer healthcare</a></span></li>
    <li><span style="color: #63375a;"><a style="color: #63375a;" href="#">Hypertensive</a></span></li>
    <li><span style="color: #63375a;"><a style="color: #63375a;" href="#">Diabetes</a></span></li>
    <li><span style="color: #63375a;"><a style="color: #63375a;" href="#">Rehabilitation</a></span></li>
    <li><span style="color: #63375a;"><a style="color: #63375a;" href="#">Psychological Health</a></span></li>
    <li><span style="color: #63375a;"><a style="color: #63375a;" href="#">Suboptimal health Status</a></span></li>
    <li><span style="color: #63375a;"><a style="color: #63375a;" href="#">(Sub-health) Attention</a></span></li>
    <li><span style="color: #63375a;"><a style="color: #63375a;" href="#">Sports &amp; Health</a></span></li>
    <li><span style="color: #63375a;"><a style="color: #63375a;" href="#">Beauty &amp; Fitness</a></span></li>
</ul>
[/vc_column_text][kleo_gap size="60px"][/vc_column_inner][/vc_row_inner][/vc_column][vc_column][kleo_gap size="100px"][vc_btn title=" view all " style="outline" shape="round" color="juicy-pink" align="center"][kleo_gap size="100px"][/vc_column][/vc_row][vc_row el_id="make-an-appointment" type="image" bg_image="58"][vc_column][kleo_gap size="90px"][vc_custom_heading text="MAKE AN APPOINTMENT" font_container="tag:h2|text_align:center|color:%23ffffff" use_theme_fonts="yes" el_class="letter-spacing-75"][kleo_gap size="90px"][/vc_column][vc_column css=".vc_custom_1451322743880{margin-bottom: 90px !important;padding-top: 30px !important;padding-right: 30px !important;padding-bottom: 30px !important;padding-left: 30px !important;background-color: #ffffff !important;border-radius: 10px !important;}" offset="vc_col-lg-offset-3 vc_col-lg-6 vc_col-md-offset-3 vc_col-md-6 vc_col-xs-12"][contact-form-7 id="4"][/vc_column][/vc_row][vc_row el_id="doctors" text_align="center" padding_top="" padding_bottom=""][vc_column][kleo_gap size="90px"][vc_custom_heading text="OUR DOCTORS" font_container="tag:h2|text_align:center|color:%2363375a" use_theme_fonts="yes" el_class="letter-spacing-75"][kleo_gap size="90px"][/vc_column][vc_column width="1/2" offset="vc_col-lg-3 vc_col-md-3 vc_col-xs-12"][vc_single_image image="61" img_size="215x215" alignment="center" style="vc_box_circle_2" onclick="custom_link" img_link_target="_blank" animation="animate-when-visible" css_animation="el-appear" link="#"][vc_custom_heading text="Dr. John Altermir" font_container="tag:h3|font_size:18px|text_align:center|color:%2363375a|line_height:26px" google_fonts="font_family:Ubuntu%3A300%2C300italic%2Cregular%2Citalic%2C500%2C500italic%2C700%2C700italic|font_style:500%20bold%20regular%3A500%3Anormal" el_class="letter-spacing-75" css=".vc_custom_1450790139887{margin-bottom: 0px !important;padding-bottom: 0px !important;}"][vc_custom_heading text="Specialist" font_container="tag:h6|font_size:15px|text_align:center|color:%238d8d8d|line_height:22px" google_fonts="font_family:Ubuntu%3A300%2C300italic%2Cregular%2Citalic%2C500%2C500italic%2C700%2C700italic|font_style:500%20bold%20regular%3A500%3Anormal" el_class="letter-spacing-75"][kleo_gap size="8px"][kleo_icon icon="right-dir" position="center" text="details" font_size="12px" href="#" icon_color="#fd0c45"][/vc_column][vc_column width="1/2" offset="vc_col-lg-3 vc_col-md-3 vc_col-xs-12"][vc_single_image image="64" img_size="215x215" alignment="center" style="vc_box_circle_2" onclick="custom_link" img_link_target="_blank" animation="animate-when-visible" css_animation="el-appear" link="#"][vc_custom_heading text="Dr. Helen Mayer" font_container="tag:h3|font_size:18px|text_align:center|color:%2363375a|line_height:26px" google_fonts="font_family:Ubuntu%3A300%2C300italic%2Cregular%2Citalic%2C500%2C500italic%2C700%2C700italic|font_style:500%20bold%20regular%3A500%3Anormal" el_class="letter-spacing-75" css=".vc_custom_1450790384081{margin-bottom: 0px !important;padding-bottom: 0px !important;}"][vc_custom_heading text="Phisycian" font_container="tag:h6|font_size:15px|text_align:center|color:%238d8d8d|line_height:22px" google_fonts="font_family:Ubuntu%3A300%2C300italic%2Cregular%2Citalic%2C500%2C500italic%2C700%2C700italic|font_style:500%20bold%20regular%3A500%3Anormal" el_class="letter-spacing-75"][kleo_gap size="8px"][kleo_icon icon="right-dir" position="center" text="details" font_size="12px" href="#" icon_color="#fd0c45"][/vc_column][vc_column width="1/2" offset="vc_col-lg-3 vc_col-md-3 vc_col-xs-12"][vc_single_image image="65" img_size="215x215" alignment="center" style="vc_box_circle_2" onclick="custom_link" img_link_target="_blank" animation="animate-when-visible" css_animation="el-appear" link="#"][vc_custom_heading text="Dr. Diana Witter" font_container="tag:h3|font_size:18px|text_align:center|color:%2363375a|line_height:26px" google_fonts="font_family:Ubuntu%3A300%2C300italic%2Cregular%2Citalic%2C500%2C500italic%2C700%2C700italic|font_style:500%20bold%20regular%3A500%3Anormal" el_class="letter-spacing-75" css=".vc_custom_1450790399878{margin-bottom: 0px !important;padding-bottom: 0px !important;}"][vc_custom_heading text="Surgeon" font_container="tag:h6|font_size:15px|text_align:center|color:%238d8d8d|line_height:22px" google_fonts="font_family:Ubuntu%3A300%2C300italic%2Cregular%2Citalic%2C500%2C500italic%2C700%2C700italic|font_style:500%20bold%20regular%3A500%3Anormal" el_class="letter-spacing-75"][kleo_gap size="8px"][kleo_icon icon="right-dir" position="center" text="details" font_size="12px" href="#" icon_color="#fd0c45"][/vc_column][vc_column width="1/2" offset="vc_col-lg-3 vc_col-md-3 vc_col-xs-12"][vc_single_image image="66" img_size="215x215" alignment="center" style="vc_box_circle_2" onclick="custom_link" img_link_target="_blank" animation="animate-when-visible" css_animation="el-appear" link="#"][vc_custom_heading text="Dr. Travis Dolmayan" font_container="tag:h3|font_size:18px|text_align:center|color:%2363375a|line_height:26px" google_fonts="font_family:Ubuntu%3A300%2C300italic%2Cregular%2Citalic%2C500%2C500italic%2C700%2C700italic|font_style:500%20bold%20regular%3A500%3Anormal" el_class="letter-spacing-75" css=".vc_custom_1450790428938{margin-bottom: 0px !important;padding-bottom: 0px !important;}"][vc_custom_heading text="Orthopedic" font_container="tag:h6|font_size:15px|text_align:center|color:%238d8d8d|line_height:22px" google_fonts="font_family:Ubuntu%3A300%2C300italic%2Cregular%2Citalic%2C500%2C500italic%2C700%2C700italic|font_style:500%20bold%20regular%3A500%3Anormal" el_class="letter-spacing-75"][kleo_gap size="8px"][kleo_icon icon="right-dir" position="center" text="details" font_size="12px" href="#" icon_color="#fd0c45"][/vc_column][vc_column][kleo_gap size="100px"][vc_btn title="view all" style="outline" shape="round" color="juicy-pink" align="center" el_class="kleo-medical-see-through"][kleo_gap size="100px"][/vc_column][/vc_row][vc_row el_id="news" type="image" padding_top="" padding_bottom="" bg_image="71"][vc_column][kleo_gap size="90px"][vc_custom_heading text="LATEST NEWS" font_container="tag:h2|text_align:center|color:%23ffffff" use_theme_fonts="yes" el_class="letter-spacing-75"][kleo_gap size="20px"][kleo_news_puzzle per_row="4" posts_query="size:4|order_by:date"][kleo_gap size="90px"][/vc_column][/vc_row][vc_row padding_top="0" padding_bottom="0"][vc_column][kleo_gap size="150px"][/vc_column][vc_column width="1/3" offset="vc_col-lg-4 vc_col-md-4 vc_col-xs-12"][vc_single_image image="80" img_size="380x449" alignment="center" full_width="yes"][/vc_column][vc_column width="2/3" offset="vc_col-lg-8 vc_col-md-8 vc_col-xs-12"][vc_custom_heading text="Dr. Samantha Dubus" font_container="tag:h4|font_size:24px|text_align:left|color:%23fe104c|line_height:36px" google_fonts="font_family:Ubuntu%3A300%2C300italic%2Cregular%2Citalic%2C500%2C500italic%2C700%2C700italic|font_style:500%20bold%20regular%3A500%3Anormal"][vc_custom_heading text="Surgeon" font_container="tag:h6|font_size:15px|text_align:left|color:%238d8d8d|line_height:22px" google_fonts="font_family:Ubuntu%3A300%2C300italic%2Cregular%2Citalic%2C500%2C500italic%2C700%2C700italic|font_style:500%20bold%20regular%3A500%3Anormal" el_class="letter-spacing-75"][vc_column_text font_size="15px" css=".vc_custom_1450886169483{margin-bottom: 0px !important;}"]<span style="color: #4f4f4f;">Lorem ipsum dolor sit amet, consectetur adipiscing elit, sed do eiusmod tempor incididunt ut labore et dolore magna aliqua. Ut enim ad minim veniam, quis nostrud exercitation ullamco laboris nisi ut aliquip ex ea commodo consequat. </span>

<span style="color: #4f4f4f;">Duis aute irure dolor in reprehenderit in voluptate velit esse cillum dolore eu fugiat nulla pariatur. Excepteur sint occaecat cupidatat non proident, sunt in culpa qui officia deserunt mollit anim id est laborum.</span>[/vc_column_text][kleo_gap][vc_progress_bar values="%5B%7B%22label%22%3A%22Lorem%20ipsum%22%2C%22value%22%3A%2270%22%2C%22color%22%3A%22custom%22%2C%22customcolor%22%3A%22%235dade3%22%2C%22customtxtcolor%22%3A%22%234f4f4f%22%7D%2C%7B%22label%22%3A%22Lorem%20ipsum%22%2C%22value%22%3A%2285%22%2C%22color%22%3A%22custom%22%2C%22customcolor%22%3A%22%235dade3%22%2C%22customtxtcolor%22%3A%22%234f4f4f%22%7D%5D" bgcolor="custom" options="animated" style="slim" units="%" custombgcolor="#fdf9f9"][kleo_gap size="60px"][/vc_column][/vc_row][vc_row css_animation="left-to-right" inner_container="no" type="image" bg_color="rgba(255,255,255,0)" bg_position_horizontal="center" column_gap="no" padding_top="0" padding_bottom="0" margin_top="-89px" min_height="175px" animation="animate-when-almost-visible" bg_image="81"][vc_column][/vc_column][/vc_row][vc_row][vc_column][kleo_gap size="90px"][kleo_testimonials type="carousel" number="3"][kleo_gap size="90px"][/vc_column][/vc_row][vc_row text_align="center" type="image" padding_top="" padding_bottom="" bg_image="84"][vc_column][kleo_gap size="90px"][vc_single_image image="14" img_size="122x26" alignment="center" css=".vc_custom_1450888306706{margin-top: 0px !important;margin-bottom: 0px !important;padding-top: 0px !important;padding-bottom: 0px !important;}"][vc_custom_heading text="HEALTHCARE CENTRE" font_container="tag:p|font_size:18px|text_align:center|color:%23707070|line_height:24px" google_fonts="font_family:Ubuntu%3A300%2C300italic%2Cregular%2Citalic%2C500%2C500italic%2C700%2C700italic|font_style:300%20light%20regular%3A300%3Anormal" css=".vc_custom_1488281096352{margin-top: 0px !important;padding-top: 10px !important;}"][kleo_gap size="20px"][vc_custom_heading text="Lorem ipsum dolor sit amet, consectetur adipiscing elit, sed do eiusmod tempor
incididunlaboris nisi consequat." font_container="tag:p|font_size:15px|text_align:center|color:%234f4f4f|line_height:22px" google_fonts="font_family:Ubuntu%3A300%2C300italic%2Cregular%2Citalic%2C500%2C500italic%2C700%2C700italic|font_style:300%20light%20regular%3A300%3Anormal"][kleo_gap size="20px"][vc_btn title="PURCHASE KLEO THEME" style="flat" shape="round" color="juicy-pink" align="center" el_class="purchase-button letter-spacing-50"][kleo_gap size="90px"][/vc_column][/vc_row]]]></content:encoded>
        <excerpt:encoded><![CDATA[]]></excerpt:encoded>
        <wp:post_id>6</wp:post_id>
        <wp:post_date><![CDATA[2015-12-18 10:49:48]]></wp:post_date>
        <wp:post_date_gmt><![CDATA[2015-12-18 10:49:48]]></wp:post_date_gmt>
        <wp:comment_status><![CDATA[closed]]></wp:comment_status>
        <wp:ping_status><![CDATA[closed]]></wp:ping_status>
        <wp:post_name><![CDATA[home-medical]]></wp:post_name>
        <wp:status><![CDATA[publish]]></wp:status>
        <wp:post_parent>0</wp:post_parent>
        <wp:menu_order>0</wp:menu_order>
        <wp:post_type><![CDATA[page]]></wp:post_type>
        <wp:post_password><![CDATA[]]></wp:post_password>
        <wp:is_sticky>0</wp:is_sticky>
        <wp:postmeta>
            <wp:meta_key><![CDATA[_edit_last]]></wp:meta_key>
            <wp:meta_value><![CDATA[1]]></wp:meta_value>
        </wp:postmeta>
        <wp:postmeta>
            <wp:meta_key><![CDATA[_wp_page_template]]></wp:meta_key>
            <wp:meta_value><![CDATA[page-templates/full-width.php]]></wp:meta_value>
        </wp:postmeta>
        <wp:postmeta>
            <wp:meta_key><![CDATA[_wpb_vc_js_status]]></wp:meta_key>
            <wp:meta_value><![CDATA[true]]></wp:meta_value>
        </wp:postmeta>
        <wp:postmeta>
            <wp:meta_key><![CDATA[_vc_post_settings]]></wp:meta_key>
            <wp:meta_value><![CDATA[a:1:{s:10:"vc_grid_id";a:0:{}}]]></wp:meta_value>
        </wp:postmeta>
        <wp:postmeta>
            <wp:meta_key><![CDATA[slide_template]]></wp:meta_key>
            <wp:meta_value><![CDATA[default]]></wp:meta_value>
        </wp:postmeta>
        <wp:postmeta>
            <wp:meta_key><![CDATA[_kleo_transparent_menu_color]]></wp:meta_key>
            <wp:meta_value><![CDATA[white]]></wp:meta_value>
        </wp:postmeta>
        <wp:postmeta>
            <wp:meta_key><![CDATA[_kleo_title_color]]></wp:meta_key>
            <wp:meta_value><![CDATA[#]]></wp:meta_value>
        </wp:postmeta>
        <wp:postmeta>
            <wp:meta_key><![CDATA[_kleo_title_bg]]></wp:meta_key>
            <wp:meta_value><![CDATA[a:5:{s:3:"url";s:0:"";s:6:"repeat";s:6:"repeat";s:4:"size";s:7:"inherit";s:10:"attachment";s:6:"scroll";s:8:"position";s:8:"left top";}]]></wp:meta_value>
        </wp:postmeta>
        <wp:postmeta>
            <wp:meta_key><![CDATA[_kleo_title_bg_color]]></wp:meta_key>
            <wp:meta_value><![CDATA[#]]></wp:meta_value>
        </wp:postmeta>
        <wp:postmeta>
            <wp:meta_key><![CDATA[_kleo_page_menu]]></wp:meta_key>
            <wp:meta_value><![CDATA[kleo-medical]]></wp:meta_value>
        </wp:postmeta>
        <wp:postmeta>
            <wp:meta_key><![CDATA[_kleo_topbar_status]]></wp:meta_key>
            <wp:meta_value><![CDATA[0]]></wp:meta_value>
        </wp:postmeta>
        <wp:postmeta>
            <wp:meta_key><![CDATA[_kleo_hide_socket]]></wp:meta_key>
            <wp:meta_value><![CDATA[1]]></wp:meta_value>
        </wp:postmeta>
        <wp:postmeta>
            <wp:meta_key><![CDATA[_kleo_title_checkbox]]></wp:meta_key>
            <wp:meta_value><![CDATA[1]]></wp:meta_value>
        </wp:postmeta>
        <wp:postmeta>
            <wp:meta_key><![CDATA[_kleo_hide_info]]></wp:meta_key>
            <wp:meta_value><![CDATA[1]]></wp:meta_value>
        </wp:postmeta>
        <wp:postmeta>
            <wp:meta_key><![CDATA[_wpb_post_custom_css]]></wp:meta_key>
            <wp:meta_value><![CDATA[/* for CF7 */
.kleo-line-form input[type="submit"]:hover,
.kleo-line-form input[type="submit"]:focus {
    border:2px solid #ea0d41;
    color:#fff;
    background:#ea0d41;
}
.kleo-line-form input[type="submit"] {
  color:#ea0d41;

}
]]></wp:meta_value>
        </wp:postmeta>
        <wp:postmeta>
            <wp:meta_key><![CDATA[_wpb_shortcodes_custom_css]]></wp:meta_key>
            <wp:meta_value><![CDATA[.vc_custom_1450688462744{margin-top: 0px !important;margin-bottom: 0px !important;padding-top: 0px !important;padding-bottom: 0px !important;}.vc_custom_1450688537208{margin-top: 0px !important;padding-top: 10px !important;}.vc_custom_1456173644785{border-top-width: 1px !important;border-right-width: 1px !important;border-bottom-width: 1px !important;border-left-width: 1px !important;padding-right: 0px !important;padding-left: 0px !important;border-left-color: #f9e6e5 !important;border-left-style: solid !important;border-right-color: #f9e6e5 !important;border-right-style: solid !important;border-top-color: #f9e6e5 !important;border-top-style: solid !important;border-bottom-color: #f9e6e5 !important;border-bottom-style: solid !important;border-radius: 10px !important;}.vc_custom_1456173785795{border-top-width: 1px !important;border-right-width: 1px !important;border-bottom-width: 1px !important;border-left-width: 1px !important;padding-right: 0px !important;padding-left: 0px !important;border-left-color: #f9e6e5 !important;border-left-style: solid !important;border-right-color: #f9e6e5 !important;border-right-style: solid !important;border-top-color: #f9e6e5 !important;border-top-style: solid !important;border-bottom-color: #f9e6e5 !important;border-bottom-style: solid !important;border-radius: 10px !important;}.vc_custom_1456173840072{border-top-width: 1px !important;border-right-width: 1px !important;border-bottom-width: 1px !important;border-left-width: 1px !important;padding-right: 0px !important;padding-left: 0px !important;border-left-color: #f9e6e5 !important;border-left-style: solid !important;border-right-color: #f9e6e5 !important;border-right-style: solid !important;border-top-color: #f9e6e5 !important;border-top-style: solid !important;border-bottom-color: #f9e6e5 !important;border-bottom-style: solid !important;border-radius: 10px !important;}.vc_custom_1456173926993{border-top-width: 1px !important;border-right-width: 1px !important;border-bottom-width: 1px !important;border-left-width: 1px !important;padding-right: 0px !important;padding-left: 0px !important;border-left-color: #f9e6e5 !important;border-left-style: solid !important;border-right-color: #f9e6e5 !important;border-right-style: solid !important;border-top-color: #f9e6e5 !important;border-top-style: solid !important;border-bottom-color: #f9e6e5 !important;border-bottom-style: solid !important;border-radius: 10px !important;}.vc_custom_1450693170998{margin-top: 30px !important;margin-bottom: 20px !important;}.vc_custom_1450693183805{margin-top: 30px !important;margin-bottom: 20px !important;}.vc_custom_1450693194080{margin-top: 30px !important;margin-bottom: 20px !important;}.vc_custom_1450697444038{margin-top: 45px !important;padding-right: 20px !important;padding-left: 20px !important;}.vc_custom_1450693450336{margin-top: 30px !important;margin-bottom: 20px !important;}.vc_custom_1450697456638{margin-top: 45px !important;padding-right: 20px !important;padding-left: 20px !important;}.vc_custom_1456232952096{margin-top: 0px !important;margin-bottom: 0px !important;padding-top: 30px !important;background-color: rgba(255,255,255,0.1) !important;*background-color: rgb(255,255,255) !important;}.vc_custom_1456232924053{padding-bottom: 0px !important;}.vc_custom_1456232957931{padding-top: 30px !important;background-color: rgba(255,255,255,0.1) !important;*background-color: rgb(255,255,255) !important;}.vc_custom_1456232917152{padding-bottom: 0px !important;}.vc_custom_1456232980740{padding-top: 30px !important;background-color: rgba(255,255,255,0.1) !important;*background-color: rgb(255,255,255) !important;}.vc_custom_1456232930694{padding-bottom: 0px !important;}.vc_custom_1456232970728{padding-top: 30px !important;background-color: rgba(255,255,255,0.1) !important;*background-color: rgb(255,255,255) !important;}.vc_custom_1456232936618{padding-bottom: 0px !important;}.vc_custom_1450714574282{background-color: #fefdfd !important;border-radius: 10px !important;}.vc_custom_1450711743432{padding-right: 0px !important;padding-left: 0px !important;background-image: url(http://seventhqueen.com/themes/kleo/medical/wp-content/uploads/sites/11/2015/12/kleo_medical_first_list_background.png?id=48) !important;background-position: 0 0 !important;background-repeat: no-repeat !important;}.vc_custom_1450711734058{padding-right: 0px !important;padding-left: 0px !important;background: #fdf9f9 url(http://seventhqueen.com/themes/kleo/medical/wp-content/uploads/sites/11/2015/12/kleo_medical_second_list_background.png?id=49) !important;background-position: 0 0 !important;background-repeat: no-repeat !important;}.vc_custom_1450711753927{padding-right: 0px !important;padding-left: 0px !important;background: #fcf5f5 url(http://seventhqueen.com/themes/kleo/medical/wp-content/uploads/sites/11/2015/12/kleo_medical_third_list_background.png?id=50) !important;background-position: 0 0 !important;background-repeat: no-repeat !important;}.vc_custom_1450708519135{margin-top: 0px !important;margin-bottom: 0px !important;padding-top: 0px !important;padding-right: 26px !important;padding-bottom: 0px !important;padding-left: 26px !important;}.vc_custom_1450708519135{margin-top: 0px !important;margin-bottom: 0px !important;padding-top: 0px !important;padding-right: 26px !important;padding-bottom: 0px !important;padding-left: 26px !important;}.vc_custom_1450708519135{margin-top: 0px !important;margin-bottom: 0px !important;padding-top: 0px !important;padding-right: 26px !important;padding-bottom: 0px !important;padding-left: 26px !important;}.vc_custom_1451322743880{margin-bottom: 90px !important;padding-top: 30px !important;padding-right: 30px !important;padding-bottom: 30px !important;padding-left: 30px !important;background-color: #ffffff !important;border-radius: 10px !important;}.vc_custom_1450790139887{margin-bottom: 0px !important;padding-bottom: 0px !important;}.vc_custom_1450790384081{margin-bottom: 0px !important;padding-bottom: 0px !important;}.vc_custom_1450790399878{margin-bottom: 0px !important;padding-bottom: 0px !important;}.vc_custom_1450790428938{margin-bottom: 0px !important;padding-bottom: 0px !important;}.vc_custom_1450886169483{margin-bottom: 0px !important;}.vc_custom_1450888306706{margin-top: 0px !important;margin-bottom: 0px !important;padding-top: 0px !important;padding-bottom: 0px !important;}.vc_custom_1488281096352{margin-top: 0px !important;padding-top: 10px !important;}]]></wp:meta_value>
        </wp:postmeta>
        <wp:postmeta>
            <wp:meta_key><![CDATA[_kleo_header_layout]]></wp:meta_key>
            <wp:meta_value><![CDATA[default]]></wp:meta_value>
        </wp:postmeta>
        <wp:postmeta>
            <wp:meta_key><![CDATA[_kleo_page_menu_secondary]]></wp:meta_key>
            <wp:meta_value><![CDATA[default]]></wp:meta_value>
        </wp:postmeta>
        <wp:postmeta>
            <wp:meta_key><![CDATA[sq_import]]></wp:meta_key>
            <wp:meta_value><![CDATA[1]]></wp:meta_value>
        </wp:postmeta>
        <wp:postmeta>
            <wp:meta_key><![CDATA[sq_domain]]></wp:meta_key>
            <wp:meta_value><![CDATA[https://seventhqueen.com/themes/kleo/medical]]></wp:meta_value>
        </wp:postmeta>
        <wp:postmeta>
            <wp:meta_key><![CDATA[_kleo_hide_breadcrumb]]></wp:meta_key>
            <wp:meta_value><![CDATA[1]]></wp:meta_value>
        </wp:postmeta>
        <wp:postmeta>
            <wp:meta_key><![CDATA[sbg_selected_sidebar]]></wp:meta_key>
            <wp:meta_value><![CDATA[a:1:{i:0;s:1:"0";}]]></wp:meta_value>
        </wp:postmeta>
        <wp:postmeta>
            <wp:meta_key><![CDATA[sbg_selected_sidebar_replacement]]></wp:meta_key>
            <wp:meta_value><![CDATA[a:1:{i:0;s:1:"0";}]]></wp:meta_value>
        </wp:postmeta>
        <wp:postmeta>
            <wp:meta_key><![CDATA[sq_base]]></wp:meta_key>
            <wp:meta_value><![CDATA[https://seventhqueen.com/themes/kleo/medical/wp-content/uploads/sites/11]]></wp:meta_value>
        </wp:postmeta>
        <wp:postmeta>
            <wp:meta_key><![CDATA[sq_img_data]]></wp:meta_key>
            <wp:meta_value><![CDATA[a:17:{i:24;s:106:"http://seventhqueen.com/themes/kleo/medical/wp-content/uploads/sites/11/2015/12/kleo_medical_mini_logo.jpg";i:31;s:100:"http://seventhqueen.com/themes/kleo/medical/wp-content/uploads/sites/11/2015/12/call_center_icon.png";i:32;s:98:"http://seventhqueen.com/themes/kleo/medical/wp-content/uploads/sites/11/2015/12/clipboard_icon.png";i:30;s:98:"http://seventhqueen.com/themes/kleo/medical/wp-content/uploads/sites/11/2015/12/ambulance_icon.png";i:33;s:95:"http://seventhqueen.com/themes/kleo/medical/wp-content/uploads/sites/11/2015/12/doctor_icon.png";i:41;s:123:"http://seventhqueen.com/themes/kleo/medical/wp-content/uploads/sites/11/2015/12/kleo_medical_progress_circle_background.jpg";i:52;s:120:"http://seventhqueen.com/themes/kleo/medical/wp-content/uploads/sites/11/2015/12/kleo_medical_specialities_background.jpg";i:58;s:119:"http://seventhqueen.com/themes/kleo/medical/wp-content/uploads/sites/11/2015/12/kleo_medical_appointment_background.jpg";i:61;s:110:"http://seventhqueen.com/themes/kleo/medical/wp-content/uploads/sites/11/2015/12/kleo_testimonials_image_01.jpg";i:64;s:110:"http://seventhqueen.com/themes/kleo/medical/wp-content/uploads/sites/11/2015/12/kleo_testimonials_image_02.jpg";i:65;s:110:"http://seventhqueen.com/themes/kleo/medical/wp-content/uploads/sites/11/2015/12/kleo_testimonials_image_03.jpg";i:66;s:110:"http://seventhqueen.com/themes/kleo/medical/wp-content/uploads/sites/11/2015/12/kleo_testimonials_image_04.jpg";i:71;s:119:"http://seventhqueen.com/themes/kleo/medical/wp-content/uploads/sites/11/2015/12/kleo_medical_latest_news_background.jpg";i:80;s:115:"http://seventhqueen.com/themes/kleo/medical/wp-content/uploads/sites/11/2015/12/kleo_medical_doctor_of_the_week.jpg";i:81;s:98:"http://seventhqueen.com/themes/kleo/medical/wp-content/uploads/sites/11/2015/12/kleo_life_line.png";i:84;s:114:"http://seventhqueen.com/themes/kleo/medical/wp-content/uploads/sites/11/2015/12/kleo_medical_footer_background.jpg";i:14;s:100:"http://seventhqueen.com/themes/kleo/medical/wp-content/uploads/sites/11/2015/12/kleo_clinic_logo.png";}]]></wp:meta_value>
        </wp:postmeta>
        <wp:postmeta>
            <wp:meta_key><![CDATA[sq_attach]]></wp:meta_key>
            <wp:meta_value><![CDATA[a:20:{i:24;s:106:"http://seventhqueen.com/themes/kleo/medical/wp-content/uploads/sites/11/2015/12/kleo_medical_mini_logo.jpg";i:30;s:98:"http://seventhqueen.com/themes/kleo/medical/wp-content/uploads/sites/11/2015/12/ambulance_icon.png";i:31;s:100:"http://seventhqueen.com/themes/kleo/medical/wp-content/uploads/sites/11/2015/12/call_center_icon.png";i:32;s:98:"http://seventhqueen.com/themes/kleo/medical/wp-content/uploads/sites/11/2015/12/clipboard_icon.png";i:33;s:95:"http://seventhqueen.com/themes/kleo/medical/wp-content/uploads/sites/11/2015/12/doctor_icon.png";i:37;s:109:"http://seventhqueen.com/themes/kleo/medical/wp-content/uploads/sites/11/2015/12/kleo_medical_details_icon.png";i:41;s:123:"http://seventhqueen.com/themes/kleo/medical/wp-content/uploads/sites/11/2015/12/kleo_medical_progress_circle_background.jpg";i:48;s:118:"http://seventhqueen.com/themes/kleo/medical/wp-content/uploads/sites/11/2015/12/kleo_medical_first_list_background.png";i:49;s:119:"http://seventhqueen.com/themes/kleo/medical/wp-content/uploads/sites/11/2015/12/kleo_medical_second_list_background.png";i:50;s:118:"http://seventhqueen.com/themes/kleo/medical/wp-content/uploads/sites/11/2015/12/kleo_medical_third_list_background.png";i:52;s:120:"http://seventhqueen.com/themes/kleo/medical/wp-content/uploads/sites/11/2015/12/kleo_medical_specialities_background.jpg";i:58;s:119:"http://seventhqueen.com/themes/kleo/medical/wp-content/uploads/sites/11/2015/12/kleo_medical_appointment_background.jpg";i:61;s:110:"http://seventhqueen.com/themes/kleo/medical/wp-content/uploads/sites/11/2015/12/kleo_testimonials_image_01.jpg";i:64;s:110:"http://seventhqueen.com/themes/kleo/medical/wp-content/uploads/sites/11/2015/12/kleo_testimonials_image_02.jpg";i:65;s:110:"http://seventhqueen.com/themes/kleo/medical/wp-content/uploads/sites/11/2015/12/kleo_testimonials_image_03.jpg";i:66;s:110:"http://seventhqueen.com/themes/kleo/medical/wp-content/uploads/sites/11/2015/12/kleo_testimonials_image_04.jpg";i:71;s:119:"http://seventhqueen.com/themes/kleo/medical/wp-content/uploads/sites/11/2015/12/kleo_medical_latest_news_background.jpg";i:80;s:115:"http://seventhqueen.com/themes/kleo/medical/wp-content/uploads/sites/11/2015/12/kleo_medical_doctor_of_the_week.jpg";i:81;s:98:"http://seventhqueen.com/themes/kleo/medical/wp-content/uploads/sites/11/2015/12/kleo_life_line.png";i:84;s:114:"http://seventhqueen.com/themes/kleo/medical/wp-content/uploads/sites/11/2015/12/kleo_medical_footer_background.jpg";}]]></wp:meta_value>
        </wp:postmeta>
    </item>
    <item>
        <title>Beautiful treatment</title>
        <link>http://seventhqueen.com/themes/kleo/medical/testimonials/title-testimonials/</link>
        <pubDate>Wed, 23 Dec 2015 13:01:20 +0000</pubDate>
        <dc:creator><![CDATA[daniel]]></dc:creator>
        <guid isPermaLink="false">http://seventhqueen.com/themes/kleo/medical/?post_type=kleo-testimonials&#038;p=74</guid>
        <description></description>
        <content:encoded><![CDATA[[kleo_gap size="20px"][vc_single_image image="78" img_size="28x21" alignment="center"]

Lorem ipsum dolor sit amet, consectetur adipiscing elit, sed do eiusmod tempor incididunt ut labore et dolore magna aliqua. Ut enim ad minim veniam, quis nostrud exercitation ullamco laboris nisi ut aliquip ex ea commodo consequat. Duis aute irure dolor in reprehenderit in voluptate velit esse cillum dolore eu fugiat nulla pariatur. Excepteur sint occaecat cupidatat non proident, sunt in culpa qui officia deserunt mollit anim id est laborum.]]></content:encoded>
        <excerpt:encoded><![CDATA[]]></excerpt:encoded>
        <wp:post_id>74</wp:post_id>
        <wp:post_date><![CDATA[2015-12-23 13:01:20]]></wp:post_date>
        <wp:post_date_gmt><![CDATA[2015-12-23 13:01:20]]></wp:post_date_gmt>
        <wp:comment_status><![CDATA[closed]]></wp:comment_status>
        <wp:ping_status><![CDATA[closed]]></wp:ping_status>
        <wp:post_name><![CDATA[title-testimonials]]></wp:post_name>
        <wp:status><![CDATA[publish]]></wp:status>
        <wp:post_parent>0</wp:post_parent>
        <wp:menu_order>0</wp:menu_order>
        <wp:post_type><![CDATA[kleo-testimonials]]></wp:post_type>
        <wp:post_password><![CDATA[]]></wp:post_password>
        <wp:is_sticky>0</wp:is_sticky>
        <wp:postmeta>
            <wp:meta_key><![CDATA[_edit_last]]></wp:meta_key>
            <wp:meta_value><![CDATA[37103]]></wp:meta_value>
        </wp:postmeta>
        <wp:postmeta>
            <wp:meta_key><![CDATA[_thumbnail_id]]></wp:meta_key>
            <wp:meta_value><![CDATA[75]]></wp:meta_value>
        </wp:postmeta>
        <wp:postmeta>
            <wp:meta_key><![CDATA[_vc_post_settings]]></wp:meta_key>
            <wp:meta_value><![CDATA[a:1:{s:10:"vc_grid_id";a:0:{}}]]></wp:meta_value>
        </wp:postmeta>
        <wp:postmeta>
            <wp:meta_key><![CDATA[slide_template]]></wp:meta_key>
            <wp:meta_value><![CDATA[default]]></wp:meta_value>
        </wp:postmeta>
        <wp:postmeta>
            <wp:meta_key><![CDATA[_kleo_author_description]]></wp:meta_key>
            <wp:meta_value><![CDATA[John Hamillton]]></wp:meta_value>
        </wp:postmeta>
        <wp:postmeta>
            <wp:meta_key><![CDATA[sq_import]]></wp:meta_key>
            <wp:meta_value><![CDATA[1]]></wp:meta_value>
        </wp:postmeta>
        <wp:postmeta>
            <wp:meta_key><![CDATA[sq_domain]]></wp:meta_key>
            <wp:meta_value><![CDATA[https://seventhqueen.com/themes/kleo/medical]]></wp:meta_value>
        </wp:postmeta>
        <wp:postmeta>
            <wp:meta_key><![CDATA[sq_base]]></wp:meta_key>
            <wp:meta_value><![CDATA[https://seventhqueen.com/themes/kleo/medical/wp-content/uploads/sites/11]]></wp:meta_value>
        </wp:postmeta>
        <wp:postmeta>
            <wp:meta_key><![CDATA[sbg_selected_sidebar]]></wp:meta_key>
            <wp:meta_value><![CDATA[a:1:{i:0;s:1:"0";}]]></wp:meta_value>
        </wp:postmeta>
        <wp:postmeta>
            <wp:meta_key><![CDATA[sbg_selected_sidebar_replacement]]></wp:meta_key>
            <wp:meta_value><![CDATA[a:1:{i:0;s:1:"0";}]]></wp:meta_value>
        </wp:postmeta>
        <wp:postmeta>
            <wp:meta_key><![CDATA[_wpb_vc_js_status]]></wp:meta_key>
            <wp:meta_value><![CDATA[false]]></wp:meta_value>
        </wp:postmeta>
        <wp:postmeta>
            <wp:meta_key><![CDATA[sq_img_data]]></wp:meta_key>
            <wp:meta_value><![CDATA[a:1:{i:78;s:90:"http://seventhqueen.com/themes/kleo/medical/wp-content/uploads/sites/11/2015/12/quotes.jpg";}]]></wp:meta_value>
        </wp:postmeta>
        <wp:postmeta>
            <wp:meta_key><![CDATA[sq_attach]]></wp:meta_key>
            <wp:meta_value><![CDATA[a:1:{i:75;s:115:"http://seventhqueen.com/themes/kleo/medical/wp-content/uploads/sites/11/2015/12/kleo_medical_testimonials_image.jpg";}]]></wp:meta_value>
        </wp:postmeta>
    </item>
    <item>
        <title>Contact form - Medical</title>
        <link>http://seventhqueen.com/themes/kleo/medical/?post_type=wpcf7_contact_form&#038;p=4</link>
        <pubDate>Thu, 17 Dec 2015 13:43:40 +0000</pubDate>
        <dc:creator><![CDATA[kleoadmin]]></dc:creator>
        <guid isPermaLink="false">http://seventhqueen.com/themes/kleo/medical/?post_type=wpcf7_contact_form&#038;p=4</guid>
        <description></description>
        <content:encoded><![CDATA[<div class="kleo-line-form">

<div class="row">

<div class="col-lg-6">
[text* FirstName placeholder "First Name"]
</div>

<div class="col-lg-6">
[text* LastName placeholder "Last Name"]
</div>

</div>
<div class="row">

<div class="col-lg-6">
[tel Phone placeholder "Phone Number"]
</div>

<div class="col-lg-6">
[email Email placeholder "E-mail Adress"]
</div>

</div>
<div class="row">

<div class="col-lg-6">
[date Date placeholder "Date"]
</div>

<div class="col-lg-6">
[text Hour placeholder "00:00"]
</div>

</div>
<div class="row">
<div class="col-lg-12">
[select select "Option 01" "Option 02" "Option 03" "Option 04"]
</div>
</div>

<div class="row">
<div class="col-lg-12">
[textarea Message placeholder "Message"]
</div>
</div>

<div class="row">
<div class="col-lg-12">
[submit "send appointment"]
</div>
</div>

</div>
[your-subject]
[your-name] <test@test.com>
From: [your-name] <[your-email]>
Subject: [your-subject]

Message Body:
[your-message]

--
This e-mail was sent from a contact form on Kleo WP theme -  Medical Demo (http://seventhqueen.com/themes/kleo/medical)
test@test.com
Reply-To: [your-email]




[your-subject]
Kleo WP theme -  Medical Demo <themesupport@seventhqueen.com>
Message Body:
[your-message]

--
This e-mail was sent from a contact form on Kleo WP theme -  Medical Demo (http://seventhqueen.com/themes/kleo/medical)
[your-email]
Reply-To: themesupport@seventhqueen.com



Your message was sent successfully. Thanks.
Failed to send your message. Please try later or contact the administrator by another method.
Validation errors occurred. Please confirm the fields and submit it again.
Failed to send your message. Please try later or contact the administrator by another method.
Please accept the terms to proceed.
Please fill in the required field.
This input is too long.
This input is too short.
Date format seems invalid.
This date is too early.
This date is too late.
Failed to upload file.
This file type is not allowed.
This file is too large.
Failed to upload file. Error occurred.
Number format seems invalid.
This number is too small.
This number is too large.
Your answer is not correct.
Your entered code is incorrect.
Email address seems invalid.
URL seems invalid.
Telephone number seems invalid.
demo_mode: on]]></content:encoded>
        <excerpt:encoded><![CDATA[]]></excerpt:encoded>
        <wp:post_id>4</wp:post_id>
        <wp:post_date><![CDATA[2015-12-17 13:43:40]]></wp:post_date>
        <wp:post_date_gmt><![CDATA[2015-12-17 13:43:40]]></wp:post_date_gmt>
        <wp:comment_status><![CDATA[closed]]></wp:comment_status>
        <wp:ping_status><![CDATA[closed]]></wp:ping_status>
        <wp:post_name><![CDATA[contact-form-1]]></wp:post_name>
        <wp:status><![CDATA[publish]]></wp:status>
        <wp:post_parent>0</wp:post_parent>
        <wp:menu_order>0</wp:menu_order>
        <wp:post_type><![CDATA[wpcf7_contact_form]]></wp:post_type>
        <wp:post_password><![CDATA[]]></wp:post_password>
        <wp:is_sticky>0</wp:is_sticky>
        <wp:postmeta>
            <wp:meta_key><![CDATA[_form]]></wp:meta_key>
            <wp:meta_value><![CDATA[<div class="kleo-line-form">

<div class="row">

<div class="col-lg-6">
[text* FirstName placeholder "First Name"]
</div>

<div class="col-lg-6">
[text* LastName placeholder "Last Name"]
</div>

</div>
<div class="row">

<div class="col-lg-6">
[tel Phone placeholder "Phone Number"]
</div>

<div class="col-lg-6">
[email Email placeholder "E-mail Adress"]
</div>

</div>
<div class="row">

<div class="col-lg-6">
[date Date placeholder "Date"]
</div>

<div class="col-lg-6">
[text Hour placeholder "00:00"]
</div>

</div>
<div class="row">
<div class="col-lg-12">
[select select "Option 01" "Option 02" "Option 03" "Option 04"]
</div>
</div>

<div class="row">
<div class="col-lg-12">
[textarea Message placeholder "Message"]
</div>
</div>

<div class="row">
<div class="col-lg-12">
[submit "send appointment"]
</div>
</div>

</div>]]></wp:meta_value>
        </wp:postmeta>
        <wp:postmeta>
            <wp:meta_key><![CDATA[_mail]]></wp:meta_key>
            <wp:meta_value><![CDATA[a:8:{s:7:"subject";s:14:"[your-subject]";s:6:"sender";s:27:"[your-name] <test@test.com>";s:4:"body";s:210:"From: [your-name] <[your-email]>
Subject: [your-subject]

Message Body:
[your-message]

--
This e-mail was sent from a contact form on Kleo WP theme -  Medical Demo (http://seventhqueen.com/themes/kleo/medical)";s:9:"recipient";s:13:"test@test.com";s:18:"additional_headers";s:22:"Reply-To: [your-email]";s:11:"attachments";s:0:"";s:8:"use_html";b:0;s:13:"exclude_blank";b:0;}]]></wp:meta_value>
        </wp:postmeta>
        <wp:postmeta>
            <wp:meta_key><![CDATA[_mail_2]]></wp:meta_key>
            <wp:meta_value><![CDATA[a:9:{s:6:"active";b:0;s:7:"subject";s:14:"[your-subject]";s:6:"sender";s:61:"Kleo WP theme -  Medical Demo <themesupport@seventhqueen.com>";s:4:"body";s:152:"Message Body:
[your-message]

--
This e-mail was sent from a contact form on Kleo WP theme -  Medical Demo (http://seventhqueen.com/themes/kleo/medical)";s:9:"recipient";s:12:"[your-email]";s:18:"additional_headers";s:39:"Reply-To: themesupport@seventhqueen.com";s:11:"attachments";s:0:"";s:8:"use_html";b:0;s:13:"exclude_blank";b:0;}]]></wp:meta_value>
        </wp:postmeta>
        <wp:postmeta>
            <wp:meta_key><![CDATA[_messages]]></wp:meta_key>
            <wp:meta_value><![CDATA[a:23:{s:12:"mail_sent_ok";s:43:"Your message was sent successfully. Thanks.";s:12:"mail_sent_ng";s:93:"Failed to send your message. Please try later or contact the administrator by another method.";s:16:"validation_error";s:74:"Validation errors occurred. Please confirm the fields and submit it again.";s:4:"spam";s:93:"Failed to send your message. Please try later or contact the administrator by another method.";s:12:"accept_terms";s:35:"Please accept the terms to proceed.";s:16:"invalid_required";s:34:"Please fill in the required field.";s:16:"invalid_too_long";s:23:"This input is too long.";s:17:"invalid_too_short";s:24:"This input is too short.";s:12:"invalid_date";s:26:"Date format seems invalid.";s:14:"date_too_early";s:23:"This date is too early.";s:13:"date_too_late";s:22:"This date is too late.";s:13:"upload_failed";s:22:"Failed to upload file.";s:24:"upload_file_type_invalid";s:30:"This file type is not allowed.";s:21:"upload_file_too_large";s:23:"This file is too large.";s:23:"upload_failed_php_error";s:38:"Failed to upload file. Error occurred.";s:14:"invalid_number";s:28:"Number format seems invalid.";s:16:"number_too_small";s:25:"This number is too small.";s:16:"number_too_large";s:25:"This number is too large.";s:23:"quiz_answer_not_correct";s:27:"Your answer is not correct.";s:17:"captcha_not_match";s:31:"Your entered code is incorrect.";s:13:"invalid_email";s:28:"Email address seems invalid.";s:11:"invalid_url";s:18:"URL seems invalid.";s:11:"invalid_tel";s:31:"Telephone number seems invalid.";}]]></wp:meta_value>
        </wp:postmeta>
        <wp:postmeta>
            <wp:meta_key><![CDATA[_additional_settings]]></wp:meta_key>
            <wp:meta_value><![CDATA[demo_mode: on]]></wp:meta_value>
        </wp:postmeta>
        <wp:postmeta>
            <wp:meta_key><![CDATA[_locale]]></wp:meta_key>
            <wp:meta_value><![CDATA[en_US]]></wp:meta_value>
        </wp:postmeta>
        <wp:postmeta>
            <wp:meta_key><![CDATA[_vc_post_settings]]></wp:meta_key>
            <wp:meta_value><![CDATA[a:1:{s:10:"vc_grid_id";a:0:{}}]]></wp:meta_value>
        </wp:postmeta>
        <wp:postmeta>
            <wp:meta_key><![CDATA[_config_errors]]></wp:meta_key>
            <wp:meta_value><![CDATA[a:2:{s:11:"mail.sender";a:1:{i:0;a:2:{s:4:"code";i:103;s:4:"args";a:3:{s:7:"message";s:0:"";s:6:"params";a:0:{}s:4:"link";s:88:"http://contactform7.com/configuration-errors/#mail.sender:error_email_not_in_site_domain";}}}s:23:"mail.additional_headers";a:1:{i:0;a:2:{s:4:"code";i:102;s:4:"args";a:3:{s:7:"message";s:34:"The %name% field value is invalid.";s:6:"params";a:1:{s:4:"name";s:8:"Reply-To";}s:4:"link";s:90:"http://contactform7.com/configuration-errors/#mail.additional_headers:error_invalid_syntax";}}}}]]></wp:meta_value>
        </wp:postmeta>
        <wp:postmeta>
            <wp:meta_key><![CDATA[sq_base]]></wp:meta_key>
            <wp:meta_value><![CDATA[https://seventhqueen.com/themes/kleo/medical/wp-content/uploads/sites/11]]></wp:meta_value>
        </wp:postmeta>
        <wp:postmeta>
            <wp:meta_key><![CDATA[sq_import]]></wp:meta_key>
            <wp:meta_value><![CDATA[1]]></wp:meta_value>
        </wp:postmeta>
        <wp:postmeta>
            <wp:meta_key><![CDATA[sq_domain]]></wp:meta_key>
            <wp:meta_value><![CDATA[https://seventhqueen.com/themes/kleo/medical]]></wp:meta_value>
        </wp:postmeta>
    </item>
</channel>
</rss>
