<?xml version="1.0" encoding="UTF-8" ?>
<!-- This is a WordPress eXtended RSS file generated by WordPress as an export of your site. -->
<!-- It contains information about your site's posts, pages, comments, categories, and other content. -->
<!-- You may use this file to transfer that content from one site to another. -->
<!-- This file is not intended to serve as a complete backup of your site. -->

<!-- To import this information into a WordPress site follow these steps: -->
<!-- 1. Log in to that site as an administrator. -->
<!-- 2. Go to Tools: Import in the WordPress admin panel. -->
<!-- 3. Install the "WordPress" importer from the list. -->
<!-- 4. Activate & Run Importer. -->
<!-- 5. Upload this file using the form provided on that page. -->
<!-- 6. You will first be asked to map the authors in this export file to users -->
<!--    on the site. For each author, you may choose to map to an -->
<!--    existing user on the site or to create a new user. -->
<!-- 7. WordPress will then import each of the posts, pages, comments, categories, etc. -->
<!--    contained in this file into your site. -->

<!-- generator="WordPress/4.7.3" created="2017-03-08 22:38" -->
<rss version="2.0"
	xmlns:excerpt="http://wordpress.org/export/1.2/excerpt/"
	xmlns:content="http://purl.org/rss/1.0/modules/content/"
	xmlns:wfw="http://wellformedweb.org/CommentAPI/"
	xmlns:dc="http://purl.org/dc/elements/1.1/"
	xmlns:wp="http://wordpress.org/export/1.2/"
>

<channel>
	<title>KLEO Template</title>
	<link>https://seventhqueen.com/demo/kleo</link>
	<description>Wordpress Premium Template</description>
	<pubDate>Wed, 08 Mar 2017 22:38:59 +0000</pubDate>
	<language>en-US</language>
	<wp:wxr_version>1.2</wp:wxr_version>
	<wp:base_site_url>https://seventhqueen.com/demo/kleo</wp:base_site_url>
	<wp:base_blog_url>https://seventhqueen.com/demo/kleo</wp:base_blog_url>

	<wp:author><wp:author_id>3</wp:author_id><wp:author_login><![CDATA[exporter]]></wp:author_login><wp:author_email><![CDATA[exporter@7thqueen.com]]></wp:author_email><wp:author_display_name><![CDATA[exporter]]></wp:author_display_name><wp:author_first_name><![CDATA[]]></wp:author_first_name><wp:author_last_name><![CDATA[]]></wp:author_last_name></wp:author>


	<generator>https://wordpress.org/?v=4.7.3</generator>

	<item>
		<title>Home Pinterest</title>
		<link>https://seventhqueen.com/demo/kleo/home-pinterest/</link>
		<pubDate>Tue, 23 Sep 2014 00:48:48 +0000</pubDate>
		<dc:creator><![CDATA[exporter]]></dc:creator>
		<guid isPermaLink="false">http://seventhqueen.com/demo/kleo/?page_id=2766</guid>
		<description></description>
		<content:encoded><![CDATA[[vc_row inner_container="yes" text_align="center" section_type="main" type="image" bg_image="915" bg_position="center" bg_position_horizontal="center" bg_repeat="no-repeat" bg_cover="true" bg_attachment="false" parallax_speed="0.04" padding_top="300" padding_bottom="60" min_height="0.04" border="none" css_animation="right-to-left"][vc_column width="1/1"][vc_column_text css_animation="right-to-left"]
<h1><span style="color: #ffffff;">EXPLORE THE PLANET</span></h1>
[/vc_column_text][kleo_gap size="20px"][kleo_search_form form_style="transparent"][kleo_gap size="30px"][vc_row_inner][vc_column_inner width="1/4"][/vc_column_inner][vc_column_inner width="1/6"][vc_column_text css_animation="right-to-left"]
<h2 style="margin-bottom: 0; color: #fff !important;">[kleo_animate_numbers animation="animate-when-almost-visible" timer="1500"]2[/kleo_animate_numbers].[kleo_animate_numbers animation="animate-when-almost-visible" timer="1500"]247[/kleo_animate_numbers]</h2>
<p style="color: #fff;">PORTFOLIO ITEMS</p>

[/vc_column_text][/vc_column_inner][vc_column_inner width="1/6"][vc_column_text css_animation="right-to-left"]
<h2 style="margin-bottom: 0; color: #fff !important;">[kleo_animate_numbers animation="animate-when-almost-visible" timer="1500"]158[/kleo_animate_numbers]</h2>
<p style="color: #fff;">FEATURED ARTICLES</p>

[/vc_column_text][/vc_column_inner][vc_column_inner width="1/6"][vc_column_text css_animation="right-to-left"]
<h2 style="margin-bottom: 0; color: #fff !important;">[kleo_animate_numbers animation="animate-when-almost-visible" timer="1500"]28[/kleo_animate_numbers].[kleo_animate_numbers animation="animate-when-almost-visible" timer="1500"]731[/kleo_animate_numbers]</h2>
<p style="color: #fff;">DAILY SEARCHES</p>

[/vc_column_text][/vc_column_inner][vc_column_inner width="1/4"][/vc_column_inner][/vc_row_inner][/vc_column][/vc_row][vc_row inner_container="no" section_type="alternate" bg_position="top" bg_position_horizontal="left" bg_repeat="no-repeat" bg_cover="true" bg_attachment="false" parallax_speed="0.1" padding_top="20" padding_bottom="20" min_height="0" border="bottom" css_animation="right-to-left" bg_color="#f7f7f7"][vc_column width="1/1"][vc_posts_grid loop="size:All|order_by:date"][/vc_column][/vc_row]]]></content:encoded>
		<excerpt:encoded><![CDATA[]]></excerpt:encoded>
		<wp:post_id>2766</wp:post_id>
		<wp:post_date><![CDATA[2014-09-23 00:48:48]]></wp:post_date>
		<wp:post_date_gmt><![CDATA[2014-09-23 00:48:48]]></wp:post_date_gmt>
		<wp:comment_status><![CDATA[open]]></wp:comment_status>
		<wp:ping_status><![CDATA[closed]]></wp:ping_status>
		<wp:post_name><![CDATA[home-pinterest]]></wp:post_name>
		<wp:status><![CDATA[publish]]></wp:status>
		<wp:post_parent>0</wp:post_parent>
		<wp:menu_order>0</wp:menu_order>
		<wp:post_type><![CDATA[page]]></wp:post_type>
		<wp:post_password><![CDATA[]]></wp:post_password>
		<wp:is_sticky>0</wp:is_sticky>
		<wp:postmeta>
			<wp:meta_key><![CDATA[_edit_last]]></wp:meta_key>
			<wp:meta_value><![CDATA[1]]></wp:meta_value>
		</wp:postmeta>
		<wp:postmeta>
			<wp:meta_key><![CDATA[_wp_page_template]]></wp:meta_key>
			<wp:meta_value><![CDATA[page-templates/full-width.php]]></wp:meta_value>
		</wp:postmeta>
		<wp:postmeta>
			<wp:meta_key><![CDATA[_wpb_vc_js_status]]></wp:meta_key>
			<wp:meta_value><![CDATA[true]]></wp:meta_value>
		</wp:postmeta>
		<wp:postmeta>
			<wp:meta_key><![CDATA[_wpb_vc_js_interface_version]]></wp:meta_key>
			<wp:meta_value><![CDATA[2]]></wp:meta_value>
		</wp:postmeta>
		<wp:postmeta>
			<wp:meta_key><![CDATA[_kleo_topbar_status]]></wp:meta_key>
			<wp:meta_value><![CDATA[0]]></wp:meta_value>
		</wp:postmeta>
		<wp:postmeta>
			<wp:meta_key><![CDATA[_kleo_transparent_menu]]></wp:meta_key>
			<wp:meta_value><![CDATA[1]]></wp:meta_value>
		</wp:postmeta>
		<wp:postmeta>
			<wp:meta_key><![CDATA[_kleo_title_checkbox]]></wp:meta_key>
			<wp:meta_value><![CDATA[1]]></wp:meta_value>
		</wp:postmeta>
		<wp:postmeta>
			<wp:meta_key><![CDATA[_kleo_hide_breadcrumb]]></wp:meta_key>
			<wp:meta_value><![CDATA[1]]></wp:meta_value>
		</wp:postmeta>
		<wp:postmeta>
			<wp:meta_key><![CDATA[_kleo_hide_info]]></wp:meta_key>
			<wp:meta_value><![CDATA[1]]></wp:meta_value>
		</wp:postmeta>
		<wp:postmeta>
			<wp:meta_key><![CDATA[_vc_post_settings]]></wp:meta_key>
			<wp:meta_value><![CDATA[a:1:{s:10:"vc_grid_id";a:0:{}}]]></wp:meta_value>
		</wp:postmeta>
		<wp:postmeta>
			<wp:meta_key><![CDATA[sq_img_data]]></wp:meta_key>
			<wp:meta_value><![CDATA[a:1:{i:915;s:87:"https://seventhqueen.com/demo/kleo/wp-content/uploads/revslider/HomeFullwidth/users.jpg";}]]></wp:meta_value>
		</wp:postmeta>
		<wp:postmeta>
			<wp:meta_key><![CDATA[sq_base]]></wp:meta_key>
			<wp:meta_value><![CDATA[https://seventhqueen.com/demo/kleo/wp-content/uploads]]></wp:meta_value>
		</wp:postmeta>
		<wp:postmeta>
			<wp:meta_key><![CDATA[sq_import]]></wp:meta_key>
			<wp:meta_value><![CDATA[1]]></wp:meta_value>
		</wp:postmeta>
		<wp:postmeta>
			<wp:meta_key><![CDATA[sq_domain]]></wp:meta_key>
			<wp:meta_value><![CDATA[https://seventhqueen.com/demo/kleo]]></wp:meta_value>
		</wp:postmeta>
	</item>
</channel>
</rss>
