<?xml version="1.0" encoding="UTF-8" ?>
<!-- This is a WordPress eXtended RSS file generated by WordPress as an export of your site. -->
<!-- It contains information about your site's posts, pages, comments, categories, and other content. -->
<!-- You may use this file to transfer that content from one site to another. -->
<!-- This file is not intended to serve as a complete backup of your site. -->

<!-- To import this information into a WordPress site follow these steps: -->
<!-- 1. Log in to that site as an administrator. -->
<!-- 2. Go to Tools: Import in the WordPress admin panel. -->
<!-- 3. Install the "WordPress" importer from the list. -->
<!-- 4. Activate & Run Importer. -->
<!-- 5. Upload this file using the form provided on that page. -->
<!-- 6. You will first be asked to map the authors in this export file to users -->
<!--    on the site. For each author, you may choose to map to an -->
<!--    existing user on the site or to create a new user. -->
<!-- 7. WordPress will then import each of the posts, pages, comments, categories, etc. -->
<!--    contained in this file into your site. -->

<!-- generator="WordPress/4.0" created="2014-11-13 14:53" -->
<rss version="2.0"
	xmlns:excerpt="http://wordpress.org/export/1.2/excerpt/"
	xmlns:content="http://purl.org/rss/1.0/modules/content/"
	xmlns:wfw="http://wellformedweb.org/CommentAPI/"
	xmlns:dc="http://purl.org/dc/elements/1.1/"
	xmlns:wp="http://wordpress.org/export/1.2/"
>

<channel>
	<title>KLEO Template</title>
	<link>http://seventhqueen.com/demo/kleo</link>
	<description>Wordpress Premium Template</description>
	<pubDate>Thu, 13 Nov 2014 14:53:25 +0000</pubDate>
	<language>en-US</language>
	<wp:wxr_version>1.2</wp:wxr_version>
	<wp:base_site_url>http://seventhqueen.com/demo/kleo</wp:base_site_url>
	<wp:base_blog_url>http://seventhqueen.com/demo/kleo</wp:base_blog_url>

	<wp:author><wp:author_id>1</wp:author_id><wp:author_login>admin</wp:author_login><wp:author_email>demo@seventhqueen.com</wp:author_email><wp:author_display_name><![CDATA[admin]]></wp:author_display_name><wp:author_first_name><![CDATA[]]></wp:author_first_name><wp:author_last_name><![CDATA[]]></wp:author_last_name></wp:author>


	<generator>http://wordpress.org/?v=4.0</generator>

        <item>
        <title>Product Landing Page</title>
        <link>https://seventhqueen.com/demo/kleo/product-landing-page/</link>
        <pubDate>Fri, 15 May 2015 09:38:00 +0000</pubDate>
        <dc:creator><![CDATA[exporter]]></dc:creator>
        <guid isPermaLink="false">http://seventhqueen.com/themes/kleo/?page_id=6416</guid>
        <description></description>
        <content:encoded><![CDATA[[vc_row inner_container="no" section_type="alternate" padding_top="0" padding_bottom="0"][vc_column][vc_single_image image="7894" img_size="full" full_width="yes" animation="animate-when-almost-visible" css_animation="el-fade"][/vc_column][/vc_row][vc_row inner_container="no" text_align="center" section_type="alternate" padding_bottom="140"][vc_column width="1/4"][/vc_column][vc_column width="1/2"][vc_custom_heading text="Beats Headphones" font_container="tag:h2|font_size:46px|text_align:center|line_height:76px" google_fonts="font_family:Roboto%20Condensed%3A300%2C300italic%2Cregular%2Citalic%2C700%2C700italic|font_style:300%20light%20regular%3A300%3Anormal"][vc_column_text]
<h3>$268.00</h3>
[/vc_column_text][vc_column_text lead="yes"]The world’s most famous headphone has been completely redesigned and reimagined. The new Beats Headphones is lighter, sexier, stronger, and more comfortable, with precision sound.[/vc_column_text][vc_button2 title="Discover more" style="round" color="chino" size="lg" el_class="kleo-scroll-to" link="||"][vc_button2 title="Order today" style="round" color="pink" size="lg"][/vc_column][vc_column width="1/4"][/vc_column][/vc_row][vc_row el_id="intros" inner_container="no" padding_top="0" padding_bottom="0"][vc_column][vc_single_image image="7890" img_size="full" alignment="center" full_width="yes"][/vc_column][/vc_row][vc_row type="color" vertical_align="yes" padding_top="0" padding_bottom="0" css=".vc_custom_1431975902637{background-color: #000000 !important;}"][vc_column][vc_row_inner][vc_column_inner width="1/2"][vc_single_image image="6526" img_size="full" alignment="center" animation="animate-when-almost-visible" css_animation="bottom-to-top"][kleo_pin type="circle" top="10%" left="44%" tooltip="popover" tooltip_position="right" tooltip_title="Beats Feature 1" tooltip_text="Designed For Sound. Tuned For Emotion. Now Wireless. Lorem ipsum dolor sit amet, consectetur adipiscing elit, sed do eiusmod tempor incididunt ut labore et dolore magna aliqua." animation="animate-when-almost-visible" css_animation="el-appear"][kleo_pin type="circle" top="54%" right="33%" tooltip="popover" tooltip_position="top" tooltip_title="Beats Feature 2" tooltip_text="Designed For Sound. Tuned For Emotion. Now Wireless. Lorem ipsum dolor sit amet, consectetur adipiscing elit, sed do eiusmod tempor incididunt ut labore et dolore magna aliqua." animation="animate-when-almost-visible" css_animation="el-appear"][kleo_pin type="circle" left="38%" bottom="26%" tooltip="popover" tooltip_position="right" tooltip_title="Beats Feature 3" tooltip_text="Designed For Sound. Tuned For Emotion. Now Wireless. Lorem ipsum dolor sit amet, consectetur adipiscing elit, sed do eiusmod tempor incididunt ut labore et dolore magna aliqua." animation="animate-when-almost-visible" css_animation="el-appear"][/vc_column_inner][vc_column_inner width="1/2"][kleo_visibility type="visible-lg"][kleo_gap size="140px"][/kleo_visibility][kleo_gap size="40px"][vc_column_text]
<h1>Feel The Music, Not The Wires</h1>
[/vc_column_text][vc_column_text lead="yes"]Dead batteries can kill your vibe. The new Beats Studio Wireless comes with a built-in rechargeable battery that lasts 12 hours when using wirelessly.[/vc_column_text][kleo_list type="icons"][kleo_list_item icon="angle-right"]Pair and play with your Bluetooth® device with 30 foot range[/kleo_list_item][kleo_list_item icon="angle-right"]Dual-mode Adaptive Noise Canceling[/kleo_list_item][kleo_list_item icon="angle-right"]Iconic Beats sound[/kleo_list_item][kleo_list_item icon="angle-right"]12 hour rechargeable battery with Fuel Gauge[/kleo_list_item][kleo_list_item icon="angle-right"]Take hands-free calls with built-in mic[/kleo_list_item][/kleo_list][kleo_gap size="40px"][kleo_visibility type="visible-lg"][kleo_gap size="140px"][/kleo_visibility][/vc_column_inner][/vc_row_inner][/vc_column][/vc_row][vc_row section_type="alternate" vertical_align="yes"][vc_column width="1/2"][vc_column_text]
<h1>Folds and fits in a Durable Carrying Case for portability.</h1>
[/vc_column_text][vc_column_text lead="yes"]I am text block. Click edit button to change this text. Lorem ipsum dolor sit amet, consectetur adipiscing elit. Ut elit tellus, luctus nec ullamcorper mattis, pulvinar dapibus leo.[/vc_column_text][/vc_column][vc_column width="1/2"][vc_single_image image="6527" img_size="large" animation="animate-when-almost-visible" css_animation="el-appear"][/vc_column][/vc_row][vc_row text_align="center" padding_top="140"][vc_column width="1/4"][/vc_column][vc_column width="1/2"][vc_column_text]
<h2>The Complete Set of Accessories</h2>
[/vc_column_text][vc_column_text lead="yes"]Comes with enim ad minim veniam, quis nostrud exercitation ullamco laboris nisi ut aliquip ex ea commodo consequat. Duis aute irure dolor in reprehenderit in voluptate velit esse cillum dolore eu fugiat nulla pariatur.[/vc_column_text][/vc_column][vc_column width="1/4"][/vc_column][/vc_row][vc_row padding_bottom="140"][vc_column][vc_basic_grid post_type="post" max_items="6" style="pagination" items_per_page="3" paging_color="pink" loop="yes" item="6496" grid_id="vc_gid:1489075698022-7db2e581-6d37-10"][/vc_column][/vc_row][vc_row inner_container="no" column_gap="no" padding_top="0" padding_bottom="0"][vc_column][vc_images_carousel images="7891,7892" img_size="800x600" onclick="link_no" hide_pagination_control="yes" animation="animate-when-almost-visible" min_items="2" max_items="2"][/vc_column][/vc_row][vc_row text_align="center" padding_top="140" padding_bottom="140"][vc_column][vc_row_inner][vc_column_inner width="1/4"][/vc_column_inner][vc_column_inner width="1/2"][vc_column_text]
<h2>New Beats Color MIXR</h2>
[/vc_column_text][vc_column_text lead="yes"]Beats Assorted Color Headphone that is specifically engineered to bring out the best elements of today's rap and rock music.[/vc_column_text][/vc_column_inner][vc_column_inner width="1/4"][/vc_column_inner][/vc_row_inner][vc_row_inner][vc_column_inner width="1/6"][/vc_column_inner][vc_column_inner width="2/3"][vc_single_image image="6552" img_size="large" alignment="center" animation="animate-when-almost-visible" css_animation="bottom-to-top"][vc_button2 title="Order today" style="round" color="pink" size="lg"][/vc_column_inner][vc_column_inner width="1/6"][/vc_column_inner][/vc_row_inner][/vc_column][/vc_row][vc_row text_align="center" section_type="alternate" padding_top="140"][vc_column width="1/4"][/vc_column][vc_column width="1/2"][vc_column_text]
<h3>What our clients say about Kleo Beats?</h3>
[/vc_column_text][/vc_column][vc_column width="1/4"][/vc_column][/vc_row][vc_row section_type="alternate" padding_bottom="100"][vc_column][vc_row_inner][vc_column_inner width="1/6"][vc_single_image image="6557" img_size="full" alignment="center"][/vc_column_inner][vc_column_inner width="1/3"][vc_column_text]"Simply the Best! The sound is crystal clear. No need to adjust anything but the volume!"
- Ninzio[/vc_column_text][/vc_column_inner][vc_column_inner width="1/6"][vc_single_image image="6558" img_size="full" alignment="center"][/vc_column_inner][vc_column_inner width="1/3"][vc_column_text]"Product brings joy. The sound quality exceeds expectation."
- Osetin[/vc_column_text][/vc_column_inner][/vc_row_inner][kleo_gap size="40px"][vc_row_inner][vc_column_inner width="1/6"][vc_single_image image="6559" img_size="full" alignment="center"][/vc_column_inner][vc_column_inner width="1/3"][vc_column_text]"I really liked this new pair of headphones that I bought. These are my first pair of Beats headphones I got and I am very pleased with them."
- Ninzio[/vc_column_text][/vc_column_inner][vc_column_inner width="1/6"][vc_single_image image="6560" img_size="full" alignment="center"][/vc_column_inner][vc_column_inner width="1/3"][vc_column_text]"These beats have the same amazing sound as the studios. I got the studios and in 24 hours I had to return them because they didn't hold charge so I got these and these headphones are cuter and smaller. they have great sound too. great headphones for the value."
- Osetin[/vc_column_text][/vc_column_inner][/vc_row_inner][/vc_column][/vc_row][vc_row text_align="center" section_type="alternate" border="bottom"][vc_column][kleo_icon icon="twitter" href="#" el_class="link-icon"][kleo_icon icon="facebook" href="#" el_class="link-icon"][kleo_icon icon="gplus" href="#" el_class="link-icon"][kleo_icon icon="youtube" href="#" el_class="link-icon"][vc_column_text]<a href="#">Term of Use</a> | <a href="#">Privacy Statement</a> | <a href="#">Cookie Statement</a> | <a href="#">KLEO Theme</a>[/vc_column_text][vc_column_text]© 2017 KLEO Theme. All rights reserved.[/vc_column_text][/vc_column][/vc_row]]]></content:encoded>
        <excerpt:encoded><![CDATA[]]></excerpt:encoded>
        <wp:post_id>6416</wp:post_id>
        <wp:post_date><![CDATA[2015-05-15 09:38:00]]></wp:post_date>
        <wp:post_date_gmt><![CDATA[2015-05-15 09:38:00]]></wp:post_date_gmt>
        <wp:comment_status><![CDATA[open]]></wp:comment_status>
        <wp:ping_status><![CDATA[closed]]></wp:ping_status>
        <wp:post_name><![CDATA[product-landing-page]]></wp:post_name>
        <wp:status><![CDATA[publish]]></wp:status>
        <wp:post_parent>0</wp:post_parent>
        <wp:menu_order>0</wp:menu_order>
        <wp:post_type><![CDATA[page]]></wp:post_type>
        <wp:post_password><![CDATA[]]></wp:post_password>
        <wp:is_sticky>0</wp:is_sticky>
        <wp:postmeta>
            <wp:meta_key><![CDATA[_edit_last]]></wp:meta_key>
            <wp:meta_value><![CDATA[1]]></wp:meta_value>
        </wp:postmeta>
        <wp:postmeta>
            <wp:meta_key><![CDATA[_wp_page_template]]></wp:meta_key>
            <wp:meta_value><![CDATA[page-templates/full-width.php]]></wp:meta_value>
        </wp:postmeta>
        <wp:postmeta>
            <wp:meta_key><![CDATA[_wpb_vc_js_status]]></wp:meta_key>
            <wp:meta_value><![CDATA[true]]></wp:meta_value>
        </wp:postmeta>
        <wp:postmeta>
            <wp:meta_key><![CDATA[_vc_post_settings]]></wp:meta_key>
            <wp:meta_value><![CDATA[a:1:{s:10:"vc_grid_id";a:1:{s:10:"shortcodes";a:1:{s:30:"1489075698022-7db2e581-6d37-10";a:3:{s:3:"tag";s:13:"vc_basic_grid";s:4:"atts";a:8:{s:9:"post_type";s:4:"post";s:9:"max_items";s:1:"6";s:5:"style";s:10:"pagination";s:14:"items_per_page";s:1:"3";s:12:"paging_color";s:4:"pink";s:4:"loop";s:3:"yes";s:4:"item";s:4:"6496";s:7:"grid_id";s:37:"vc_gid:1489075698022-7db2e581-6d37-10";}s:7:"content";s:0:"";}}}}]]></wp:meta_value>
        </wp:postmeta>
        <wp:postmeta>
            <wp:meta_key><![CDATA[_kleo_transparent_menu_color]]></wp:meta_key>
            <wp:meta_value><![CDATA[black]]></wp:meta_value>
        </wp:postmeta>
        <wp:postmeta>
            <wp:meta_key><![CDATA[_kleo_topbar_status]]></wp:meta_key>
            <wp:meta_value><![CDATA[0]]></wp:meta_value>
        </wp:postmeta>
        <wp:postmeta>
            <wp:meta_key><![CDATA[_kleo_title_checkbox]]></wp:meta_key>
            <wp:meta_value><![CDATA[1]]></wp:meta_value>
        </wp:postmeta>
        <wp:postmeta>
            <wp:meta_key><![CDATA[_kleo_hide_breadcrumb]]></wp:meta_key>
            <wp:meta_value><![CDATA[1]]></wp:meta_value>
        </wp:postmeta>
        <wp:postmeta>
            <wp:meta_key><![CDATA[_kleo_hide_info]]></wp:meta_key>
            <wp:meta_value><![CDATA[1]]></wp:meta_value>
        </wp:postmeta>
        <wp:postmeta>
            <wp:meta_key><![CDATA[_kleo_hide_footer]]></wp:meta_key>
            <wp:meta_value><![CDATA[1]]></wp:meta_value>
        </wp:postmeta>
        <wp:postmeta>
            <wp:meta_key><![CDATA[_kleo_blog_social_share]]></wp:meta_key>
            <wp:meta_value><![CDATA[0]]></wp:meta_value>
        </wp:postmeta>
        <wp:postmeta>
            <wp:meta_key><![CDATA[_kleo_transparent_menu]]></wp:meta_key>
            <wp:meta_value><![CDATA[1]]></wp:meta_value>
        </wp:postmeta>
        <wp:postmeta>
            <wp:meta_key><![CDATA[_kleo_hide_socket]]></wp:meta_key>
            <wp:meta_value><![CDATA[1]]></wp:meta_value>
        </wp:postmeta>
        <wp:postmeta>
            <wp:meta_key><![CDATA[_kleo_hide_search_icon]]></wp:meta_key>
            <wp:meta_value><![CDATA[1]]></wp:meta_value>
        </wp:postmeta>
        <wp:postmeta>
            <wp:meta_key><![CDATA[_kleo_hide_shop_icon]]></wp:meta_key>
            <wp:meta_value><![CDATA[1]]></wp:meta_value>
        </wp:postmeta>
        <wp:postmeta>
            <wp:meta_key><![CDATA[_kleo_header_layout]]></wp:meta_key>
            <wp:meta_value><![CDATA[default]]></wp:meta_value>
        </wp:postmeta>
        <wp:postmeta>
            <wp:meta_key><![CDATA[_kleo_page_menu_secondary]]></wp:meta_key>
            <wp:meta_value><![CDATA[default]]></wp:meta_value>
        </wp:postmeta>
        <wp:postmeta>
            <wp:meta_key><![CDATA[sq_base]]></wp:meta_key>
            <wp:meta_value><![CDATA[https://seventhqueen.com/demo/kleo/wp-content/uploads]]></wp:meta_value>
        </wp:postmeta>
        <wp:postmeta>
            <wp:meta_key><![CDATA[sq_import]]></wp:meta_key>
            <wp:meta_value><![CDATA[1]]></wp:meta_value>
        </wp:postmeta>
        <wp:postmeta>
            <wp:meta_key><![CDATA[sq_domain]]></wp:meta_key>
            <wp:meta_value><![CDATA[https://seventhqueen.com/demo/kleo]]></wp:meta_value>
        </wp:postmeta>
        <wp:postmeta>
            <wp:meta_key><![CDATA[sq_img_data]]></wp:meta_key>
            <wp:meta_value><![CDATA[a:10:{i:7894;s:86:"https://seventhqueen.com/demo/kleo/wp-content/uploads/2015/05/beats_slide_gold_01a.jpg";i:7890;s:78:"https://seventhqueen.com/demo/kleo/wp-content/uploads/2015/05/beats-guy-bg.jpg";i:6526;s:85:"https://seventhqueen.com/demo/kleo/wp-content/uploads/2015/05/beats_product_bg_14.png";i:6527;s:83:"https://seventhqueen.com/demo/kleo/wp-content/uploads/2015/05/headphone_case_01.png";s:9:"7891,7892";s:167:"https://seventhqueen.com/demo/kleo/wp-content/uploads/2015/05/girl-with-beats.jpg,https://seventhqueen.com/demo/kleo/wp-content/uploads/2015/05/red-hand-apple-desk.jpg";i:6552;s:89:"https://seventhqueen.com/demo/kleo/wp-content/uploads/2015/05/beats-headphones-colors.jpg";i:6557;s:80:"https://seventhqueen.com/demo/kleo/wp-content/uploads/2015/05/user_avatar_01.png";i:6558;s:80:"https://seventhqueen.com/demo/kleo/wp-content/uploads/2015/05/user_avatar_02.png";i:6559;s:80:"https://seventhqueen.com/demo/kleo/wp-content/uploads/2015/05/user_avatar_03.png";i:6560;s:80:"https://seventhqueen.com/demo/kleo/wp-content/uploads/2015/05/user_avatar_04.png";}]]></wp:meta_value>
        </wp:postmeta>
        <wp:postmeta>
            <wp:meta_key><![CDATA[sq_attach]]></wp:meta_key>
            <wp:meta_value><![CDATA[a:11:{i:6526;s:85:"https://seventhqueen.com/demo/kleo/wp-content/uploads/2015/05/beats_product_bg_14.png";i:6527;s:83:"https://seventhqueen.com/demo/kleo/wp-content/uploads/2015/05/headphone_case_01.png";i:6552;s:89:"https://seventhqueen.com/demo/kleo/wp-content/uploads/2015/05/beats-headphones-colors.jpg";i:6557;s:80:"https://seventhqueen.com/demo/kleo/wp-content/uploads/2015/05/user_avatar_01.png";i:6558;s:80:"https://seventhqueen.com/demo/kleo/wp-content/uploads/2015/05/user_avatar_02.png";i:6559;s:80:"https://seventhqueen.com/demo/kleo/wp-content/uploads/2015/05/user_avatar_03.png";i:6560;s:80:"https://seventhqueen.com/demo/kleo/wp-content/uploads/2015/05/user_avatar_04.png";i:7890;s:78:"https://seventhqueen.com/demo/kleo/wp-content/uploads/2015/05/beats-guy-bg.jpg";i:7891;s:81:"https://seventhqueen.com/demo/kleo/wp-content/uploads/2015/05/girl-with-beats.jpg";i:7892;s:85:"https://seventhqueen.com/demo/kleo/wp-content/uploads/2015/05/red-hand-apple-desk.jpg";i:7894;s:86:"https://seventhqueen.com/demo/kleo/wp-content/uploads/2015/05/beats_slide_gold_01a.jpg";}]]></wp:meta_value>
        </wp:postmeta>
    </item>
			<item>
        <title>Kleo Clean Products</title>
        <link>https://seventhqueen.com/demo/kleo/vc_grid_item/kleo-clean-products/</link>
        <pubDate>Tue, 19 May 2015 08:58:33 +0000</pubDate>
        <dc:creator><![CDATA[admin]]></dc:creator>
        <guid isPermaLink="false">http://seventhqueen.com/themes/kleo/?post_type=vc_grid_item&#038;p=6496</guid>
        <description></description>
        <content:encoded><![CDATA[[vc_gitem c_zone_position=""][vc_gitem_animated_block][vc_gitem_zone_a][vc_gitem_row position="top"][vc_gitem_col][vc_gitem_image link="post_link" alignment="center"][/vc_gitem_col][/vc_gitem_row][vc_gitem_row position="middle"][vc_gitem_col][/vc_gitem_col][/vc_gitem_row][vc_gitem_row position="bottom"][vc_gitem_col][vc_gitem_post_title font_container="tag:h3|text_align:center"][vc_gitem_wocommerce post_type="product" product_field_key="price" show_label="" align="center"][vc_empty_space][vc_btn link="post_link" title="MORE DETAILS »" style="classic" shape="round" color="chino" size="sm" align="center"][/vc_gitem_col][/vc_gitem_row][/vc_gitem_zone_a][vc_gitem_zone_b][vc_gitem_row position="top"][vc_gitem_col][/vc_gitem_col][/vc_gitem_row][vc_gitem_row position="middle"][vc_gitem_col width="1/2"][/vc_gitem_col][vc_gitem_col width="1/2"][/vc_gitem_col][/vc_gitem_row][vc_gitem_row position="bottom"][vc_gitem_col][/vc_gitem_col][/vc_gitem_row][/vc_gitem_zone_b][/vc_gitem_animated_block][/vc_gitem]]]></content:encoded>
        <excerpt:encoded><![CDATA[]]></excerpt:encoded>
        <wp:post_id>6496</wp:post_id>
        <wp:post_date><![CDATA[2015-05-19 08:58:33]]></wp:post_date>
        <wp:post_date_gmt><![CDATA[2015-05-19 08:58:33]]></wp:post_date_gmt>
        <wp:comment_status><![CDATA[closed]]></wp:comment_status>
        <wp:ping_status><![CDATA[closed]]></wp:ping_status>
        <wp:post_name><![CDATA[kleo-clean-products]]></wp:post_name>
        <wp:status><![CDATA[publish]]></wp:status>
        <wp:post_parent>0</wp:post_parent>
        <wp:menu_order>0</wp:menu_order>
        <wp:post_type><![CDATA[vc_grid_item]]></wp:post_type>
        <wp:post_password><![CDATA[]]></wp:post_password>
        <wp:is_sticky>0</wp:is_sticky>
        <wp:postmeta>
            <wp:meta_key><![CDATA[_vc_post_settings]]></wp:meta_key>
            <wp:meta_value><![CDATA[a:1:{s:10:"vc_grid_id";a:0:{}}]]></wp:meta_value>
        </wp:postmeta>
        <wp:postmeta>
            <wp:meta_key><![CDATA[_edit_last]]></wp:meta_key>
            <wp:meta_value><![CDATA[1]]></wp:meta_value>
        </wp:postmeta>
        <wp:postmeta>
            <wp:meta_key><![CDATA[_wpb_vc_js_status]]></wp:meta_key>
            <wp:meta_value><![CDATA[true]]></wp:meta_value>
        </wp:postmeta>
        <wp:postmeta>
            <wp:meta_key><![CDATA[_vc_post_settings]]></wp:meta_key>
            <wp:meta_value><![CDATA[a:1:{s:10:"vc_grid_id";a:0:{}}]]></wp:meta_value>
        </wp:postmeta>
        <wp:postmeta>
            <wp:meta_key><![CDATA[slide_template]]></wp:meta_key>
            <wp:meta_value><![CDATA[default]]></wp:meta_value>
        </wp:postmeta>
        <wp:postmeta>
            <wp:meta_key><![CDATA[sbg_selected_sidebar]]></wp:meta_key>
            <wp:meta_value><![CDATA[a:1:{i:0;s:1:"0";}]]></wp:meta_value>
        </wp:postmeta>
        <wp:postmeta>
            <wp:meta_key><![CDATA[sbg_selected_sidebar_replacement]]></wp:meta_key>
            <wp:meta_value><![CDATA[a:1:{i:0;s:1:"0";}]]></wp:meta_value>
        </wp:postmeta>
        <wp:postmeta>
            <wp:meta_key><![CDATA[sq_base]]></wp:meta_key>
            <wp:meta_value><![CDATA[https://seventhqueen.com/demo/kleo/wp-content/uploads]]></wp:meta_value>
        </wp:postmeta>
        <wp:postmeta>
            <wp:meta_key><![CDATA[sq_import]]></wp:meta_key>
            <wp:meta_value><![CDATA[1]]></wp:meta_value>
        </wp:postmeta>
        <wp:postmeta>
            <wp:meta_key><![CDATA[sq_domain]]></wp:meta_key>
            <wp:meta_value><![CDATA[https://seventhqueen.com/demo/kleo]]></wp:meta_value>
        </wp:postmeta>
    </item>
	</channel>
</rss>