<?xml version="1.0" encoding="UTF-8" ?>
<!-- This is a WordPress eXtended RSS file generated by WordPress as an export of your site. -->
<!-- It contains information about your site's posts, pages, comments, categories, and other content. -->
<!-- You may use this file to transfer that content from one site to another. -->
<!-- This file is not intended to serve as a complete backup of your site. -->

<!-- To import this information into a WordPress site follow these steps: -->
<!-- 1. Log in to that site as an administrator. -->
<!-- 2. Go to Tools: Import in the WordPress admin panel. -->
<!-- 3. Install the "WordPress" importer from the list. -->
<!-- 4. Activate & Run Importer. -->
<!-- 5. Upload this file using the form provided on that page. -->
<!-- 6. You will first be asked to map the authors in this export file to users -->
<!--    on the site. For each author, you may choose to map to an -->
<!--    existing user on the site or to create a new user. -->
<!-- 7. WordPress will then import each of the posts, pages, comments, categories, etc. -->
<!--    contained in this file into your site. -->

<!-- generator="WordPress/4.7.3" created="2017-03-13 14:00" -->
<rss version="2.0"
	xmlns:excerpt="http://wordpress.org/export/1.2/excerpt/"
	xmlns:content="http://purl.org/rss/1.0/modules/content/"
	xmlns:wfw="http://wellformedweb.org/CommentAPI/"
	xmlns:dc="http://purl.org/dc/elements/1.1/"
	xmlns:wp="http://wordpress.org/export/1.2/"
>

<channel>
	<title>KLEO Template</title>
	<link>https://seventhqueen.com/demo/kleo</link>
	<description>Wordpress Premium Template</description>
	<pubDate>Mon, 13 Mar 2017 14:00:04 +0000</pubDate>
	<language>en-US</language>
	<wp:wxr_version>1.2</wp:wxr_version>
	<wp:base_site_url>https://seventhqueen.com/demo/kleo</wp:base_site_url>
	<wp:base_blog_url>https://seventhqueen.com/demo/kleo</wp:base_blog_url>

	<wp:author><wp:author_id>3</wp:author_id><wp:author_login><![CDATA[exporter]]></wp:author_login><wp:author_email><![CDATA[exporter@7thqueen.com]]></wp:author_email><wp:author_display_name><![CDATA[exporter]]></wp:author_display_name><wp:author_first_name><![CDATA[]]></wp:author_first_name><wp:author_last_name><![CDATA[]]></wp:author_last_name></wp:author>


	<generator>https://wordpress.org/?v=4.7.3</generator>

	<item>
		<title>Home Shop</title>
		<link>https://seventhqueen.com/demo/kleo/home-shop/</link>
		<pubDate>Tue, 22 Jul 2014 15:32:32 +0000</pubDate>
		<dc:creator><![CDATA[exporter]]></dc:creator>
		<guid isPermaLink="false">http://seventhqueen.com/demo/kleo/?page_id=936</guid>
		<description></description>
		<content:encoded><![CDATA[[vc_row inner_container="no" text_align="center" padding_top="0" padding_bottom="0" border="bottom"][vc_column][rev_slider_vc alias="HomeFullwidth"][/vc_column][/vc_row][vc_row text_align="center" padding_top="60"][vc_column][kleo_grid type="3" style="box"][kleo_feature_item title="Great daily deals" icon="help-circled" icon_position="center"]
<h3>100% SATISFACTION GUARANTEED</h3>
<h3><span style="color: #fc5346;"><a href="#"><span style="color: #fc5346;">SHOP NOW!</span></a></span></h3>
[/kleo_feature_item][kleo_feature_item title="Delivered to your in 4 days" icon="gift" icon_position="center"]
<h3>FREE SHIPPING ON ALL ORDERS</h3>
<h3>OVER <span style="color: #fc5346;">$75</span></h3>
[/kleo_feature_item][kleo_feature_item title="In case You need help" icon="info-circled" icon_position="center"]
<h3>CALL US!</h3>
Toll free <strong>8-800-123-1234</strong>[/kleo_feature_item][/kleo_grid][/vc_column][/vc_row][vc_row text_align="center" padding_bottom="20"][vc_column width="1/2"][vc_single_image image="7914" img_size="full" full_width="yes"][kleo_gap size="30px"][/vc_column][vc_column width="1/2"][vc_single_image image="7916" img_size="full" full_width="yes"][kleo_gap size="30px"][/vc_column][/vc_row][vc_row padding_top="20" padding_bottom="20"][vc_column][kleo_divider text="Shop by category"][kleo_gap size="20px"][vc_column_text][product_categories number="4" columns="4"][/vc_column_text][vc_column_text][featured_products per_page="6" columns="6" orderby="date" order="desc"][/vc_column_text][/vc_column][/vc_row][vc_row text_align="center" padding_bottom="20"][vc_column][kleo_divider text="More than 45 product brands"][kleo_gap size="30px"][kleo_clients][/vc_column][/vc_row][vc_row section_type="alternate" padding_top="20" padding_bottom="20"][vc_column][kleo_gap size="40px"][kleo_divider text="Our recommendation"][vc_row_inner][vc_column_inner width="1/4"][vc_widget_sidebar sidebar_id="sidebar-9"][/vc_column_inner][vc_column_inner width="1/4"][vc_widget_sidebar sidebar_id="sidebar-10"][/vc_column_inner][vc_column_inner width="1/4"][vc_widget_sidebar sidebar_id="sidebar-11"][/vc_column_inner][vc_column_inner width="1/4"][vc_widget_sidebar sidebar_id="sidebar-12"][/vc_column_inner][/vc_row_inner][/vc_column][/vc_row]]]></content:encoded>
		<excerpt:encoded><![CDATA[]]></excerpt:encoded>
		<wp:post_id>936</wp:post_id>
		<wp:post_date><![CDATA[2014-07-22 15:32:32]]></wp:post_date>
		<wp:post_date_gmt><![CDATA[2014-07-22 15:32:32]]></wp:post_date_gmt>
		<wp:comment_status><![CDATA[open]]></wp:comment_status>
		<wp:ping_status><![CDATA[closed]]></wp:ping_status>
		<wp:post_name><![CDATA[home-shop]]></wp:post_name>
		<wp:status><![CDATA[publish]]></wp:status>
		<wp:post_parent>0</wp:post_parent>
		<wp:menu_order>0</wp:menu_order>
		<wp:post_type><![CDATA[page]]></wp:post_type>
		<wp:post_password><![CDATA[]]></wp:post_password>
		<wp:is_sticky>0</wp:is_sticky>
		<wp:postmeta>
			<wp:meta_key><![CDATA[_edit_last]]></wp:meta_key>
			<wp:meta_value><![CDATA[1]]></wp:meta_value>
		</wp:postmeta>
		<wp:postmeta>
			<wp:meta_key><![CDATA[_wp_page_template]]></wp:meta_key>
			<wp:meta_value><![CDATA[page-templates/full-width.php]]></wp:meta_value>
		</wp:postmeta>
		<wp:postmeta>
			<wp:meta_key><![CDATA[_wpb_vc_js_status]]></wp:meta_key>
			<wp:meta_value><![CDATA[true]]></wp:meta_value>
		</wp:postmeta>
		<wp:postmeta>
			<wp:meta_key><![CDATA[_wpb_vc_js_interface_version]]></wp:meta_key>
			<wp:meta_value><![CDATA[2]]></wp:meta_value>
		</wp:postmeta>
		<wp:postmeta>
			<wp:meta_key><![CDATA[_kleo_title_checkbox]]></wp:meta_key>
			<wp:meta_value><![CDATA[1]]></wp:meta_value>
		</wp:postmeta>
		<wp:postmeta>
			<wp:meta_key><![CDATA[_kleo_hide_breadcrumb]]></wp:meta_key>
			<wp:meta_value><![CDATA[1]]></wp:meta_value>
		</wp:postmeta>
		<wp:postmeta>
			<wp:meta_key><![CDATA[_kleo_hide_info]]></wp:meta_key>
			<wp:meta_value><![CDATA[1]]></wp:meta_value>
		</wp:postmeta>
		<wp:postmeta>
			<wp:meta_key><![CDATA[_kleo_transparent_menu_color]]></wp:meta_key>
			<wp:meta_value><![CDATA[white]]></wp:meta_value>
		</wp:postmeta>
		<wp:postmeta>
			<wp:meta_key><![CDATA[sq_img_data]]></wp:meta_key>
			<wp:meta_value><![CDATA[a:2:{i:7914;s:79:"https://seventhqueen.com/demo/kleo/wp-content/uploads/2014/07/woo_banner_02.jpg";i:7916;s:79:"https://seventhqueen.com/demo/kleo/wp-content/uploads/2014/07/woo_banner_01.jpg";}]]></wp:meta_value>
		</wp:postmeta>
		<wp:postmeta>
			<wp:meta_key><![CDATA[sq_attach]]></wp:meta_key>
			<wp:meta_value><![CDATA[a:2:{i:7914;s:79:"https://seventhqueen.com/demo/kleo/wp-content/uploads/2014/07/woo_banner_02.jpg";i:7916;s:79:"https://seventhqueen.com/demo/kleo/wp-content/uploads/2014/07/woo_banner_01.jpg";}]]></wp:meta_value>
		</wp:postmeta>
		<wp:postmeta>
			<wp:meta_key><![CDATA[sq_base]]></wp:meta_key>
			<wp:meta_value><![CDATA[https://seventhqueen.com/demo/kleo/wp-content/uploads]]></wp:meta_value>
		</wp:postmeta>
		<wp:postmeta>
			<wp:meta_key><![CDATA[sq_import]]></wp:meta_key>
			<wp:meta_value><![CDATA[1]]></wp:meta_value>
		</wp:postmeta>
		<wp:postmeta>
			<wp:meta_key><![CDATA[sq_domain]]></wp:meta_key>
			<wp:meta_value><![CDATA[https://seventhqueen.com/demo/kleo]]></wp:meta_value>
		</wp:postmeta>
	</item>
</channel>
</rss>
