<?xml version="1.0" encoding="UTF-8" ?>
<!-- This is a WordPress eXtended RSS file generated by WordPress as an export of your site. -->
<!-- It contains information about your site's posts, pages, comments, categories, and other content. -->
<!-- You may use this file to transfer that content from one site to another. -->
<!-- This file is not intended to serve as a complete backup of your site. -->

<!-- To import this information into a WordPress site follow these steps: -->
<!-- 1. Log in to that site as an administrator. -->
<!-- 2. Go to Tools: Import in the WordPress admin panel. -->
<!-- 3. Install the "WordPress" importer from the list. -->
<!-- 4. Activate & Run Importer. -->
<!-- 5. Upload this file using the form provided on that page. -->
<!-- 6. You will first be asked to map the authors in this export file to users -->
<!--    on the site. For each author, you may choose to map to an -->
<!--    existing user on the site or to create a new user. -->
<!-- 7. WordPress will then import each of the posts, pages, comments, categories, etc. -->
<!--    contained in this file into your site. -->


<rss version="2.0"
     xmlns:excerpt="http://wordpress.org/export/1.2/excerpt/"
     xmlns:content="http://purl.org/rss/1.0/modules/content/"
     xmlns:wfw="http://wellformedweb.org/CommentAPI/"
     xmlns:dc="http://purl.org/dc/elements/1.1/"
     xmlns:wp="http://wordpress.org/export/1.2/"
>

    <channel>
        <title>KLEO Template</title>
        <link>https://seventhqueen.com/demo/kleo</link>
        <description>Wordpress Premium Template</description>
        <pubDate>Wed, 10 Apr 2019 13:41:22 +0000</pubDate>
        <language>en-US</language>
        <wp:wxr_version>1.2</wp:wxr_version>
        <wp:base_site_url>https://seventhqueen.com/demo/kleo</wp:base_site_url>
        <wp:base_blog_url>https://seventhqueen.com/demo/kleo</wp:base_blog_url>

        <wp:author><wp:author_id>3</wp:author_id><wp:author_login><![CDATA[exporter]]></wp:author_login><wp:author_email><![CDATA[exporter@7thqueen.com]]></wp:author_email><wp:author_display_name><![CDATA[exporter]]></wp:author_display_name><wp:author_first_name><![CDATA[]]></wp:author_first_name><wp:author_last_name><![CDATA[]]></wp:author_last_name></wp:author>




        <item>
            <title>Business Directory V2</title>
            <link>https://seventhqueen.com/demo/kleo/directory-home-v2/</link>
            <pubDate>Wed, 10 Apr 2019 11:12:22 +0000</pubDate>
            <dc:creator><![CDATA[exporter]]></dc:creator>
            <guid isPermaLink="false">https://seventhqueen.com/demo/kleo/?page_id=13008</guid>
            <description></description>
            <content:encoded>
                <![CDATA[[vc_row inner_container="no" padding_top="0" padding_bottom="0"][vc_column][vc_column_text][gd_map map_type='directory' width=100% height=700 search_filter=1 cat_filter=1][/vc_column_text][/vc_column][/vc_row][vc_row padding_top="0"][vc_column][vc_column_text][gd_search][/vc_column_text][vc_column_text][gd_categories title="Popular Categories" title_tag="h4" post_type="0" sort_by="count" max_level="1" max_count="all" max_count_child="all"][/vc_column_text][/vc_column][/vc_row][vc_row padding_top="0"][vc_column][vc_column_text][gd_listings post_type="gd_place" sort_by="az" title_tag="h2" layout="gridview_onefourth" post_limit="10" add_location_filter="1" with_pics_only="1" view_all_link="1" with_pagination="1" bottom_pagination="1" category="0"][/vc_column_text][/vc_column][/vc_row]]]>		</content:encoded>
            <excerpt:encoded>
                <![CDATA[]]>		</excerpt:encoded>
            <wp:post_id>13008</wp:post_id>
            <wp:post_date><![CDATA[2019-04-10 11:12:22]]></wp:post_date>
            <wp:post_date_gmt><![CDATA[2019-04-10 11:12:22]]></wp:post_date_gmt>
            <wp:comment_status><![CDATA[closed]]></wp:comment_status>
            <wp:ping_status><![CDATA[closed]]></wp:ping_status>
            <wp:post_name><![CDATA[directory-home-v2]]></wp:post_name>
            <wp:status><![CDATA[publish]]></wp:status>
            <wp:post_parent>0</wp:post_parent>
            <wp:menu_order>0</wp:menu_order>
            <wp:post_type><![CDATA[page]]></wp:post_type>
            <wp:post_password><![CDATA[]]></wp:post_password>
            <wp:is_sticky>0</wp:is_sticky>
            <wp:postmeta>
                <wp:meta_key><![CDATA[_edit_last]]></wp:meta_key>
                <wp:meta_value><![CDATA[1]]></wp:meta_value>
            </wp:postmeta>
            <wp:postmeta>
                <wp:meta_key><![CDATA[slide_template]]></wp:meta_key>
                <wp:meta_value><![CDATA[default]]></wp:meta_value>
            </wp:postmeta>
            <wp:postmeta>
                <wp:meta_key><![CDATA[_wpb_vc_js_status]]></wp:meta_key>
                <wp:meta_value><![CDATA[true]]></wp:meta_value>
            </wp:postmeta>
            <wp:postmeta>
                <wp:meta_key><![CDATA[_kleo_transparent_menu_color]]></wp:meta_key>
                <wp:meta_value><![CDATA[white]]></wp:meta_value>
            </wp:postmeta>
            <wp:postmeta>
                <wp:meta_key><![CDATA[_kleo_title_color]]></wp:meta_key>
                <wp:meta_value><![CDATA[#]]></wp:meta_value>
            </wp:postmeta>
            <wp:postmeta>
                <wp:meta_key><![CDATA[_kleo_title_bg]]></wp:meta_key>
                <wp:meta_value><![CDATA[a:5:{s:3:"url";s:0:"";s:6:"repeat";s:6:"repeat";s:4:"size";s:7:"inherit";s:10:"attachment";s:6:"scroll";s:8:"position";s:8:"left top";}]]></wp:meta_value>
            </wp:postmeta>
            <wp:postmeta>
                <wp:meta_key><![CDATA[_kleo_title_bg_color]]></wp:meta_key>
                <wp:meta_value><![CDATA[#]]></wp:meta_value>
            </wp:postmeta>
            <wp:postmeta>
                <wp:meta_key><![CDATA[_kleo_header_layout]]></wp:meta_key>
                <wp:meta_value><![CDATA[default]]></wp:meta_value>
            </wp:postmeta>
            <wp:postmeta>
                <wp:meta_key><![CDATA[_kleo_page_menu]]></wp:meta_key>
                <wp:meta_value><![CDATA[default]]></wp:meta_value>
            </wp:postmeta>
            <wp:postmeta>
                <wp:meta_key><![CDATA[_kleo_page_menu_secondary]]></wp:meta_key>
                <wp:meta_value><![CDATA[default]]></wp:meta_value>
            </wp:postmeta>
            <wp:postmeta>
                <wp:meta_key><![CDATA[_wp_page_template]]></wp:meta_key>
                <wp:meta_value><![CDATA[page-templates/full-width.php]]></wp:meta_value>
            </wp:postmeta>
            <wp:postmeta>
                <wp:meta_key><![CDATA[_kleo_header_content]]></wp:meta_key>
                <wp:meta_value><![CDATA[]]></wp:meta_value>
            </wp:postmeta>
            <wp:postmeta>
                <wp:meta_key><![CDATA[_kleo_title_checkbox]]></wp:meta_key>
                <wp:meta_value><![CDATA[1]]></wp:meta_value>
            </wp:postmeta>
            <wp:postmeta>
                <wp:meta_key><![CDATA[_kleo_hide_breadcrumb]]></wp:meta_key>
                <wp:meta_value><![CDATA[1]]></wp:meta_value>
            </wp:postmeta>
            <wp:postmeta>
                <wp:meta_key><![CDATA[_kleo_hide_info]]></wp:meta_key>
                <wp:meta_value><![CDATA[1]]></wp:meta_value>
            </wp:postmeta>
            <wp:postmeta>
                <wp:meta_key><![CDATA[sq_base]]></wp:meta_key>
                <wp:meta_value><![CDATA[https://seventhqueen.com/demo/kleo/wp-content/uploads]]></wp:meta_value>
            </wp:postmeta>
            <wp:postmeta>
                <wp:meta_key><![CDATA[sq_import]]></wp:meta_key>
                <wp:meta_value><![CDATA[1]]></wp:meta_value>
            </wp:postmeta>
            <wp:postmeta>
                <wp:meta_key><![CDATA[sq_domain]]></wp:meta_key>
                <wp:meta_value><![CDATA[https://seventhqueen.com/demo/kleo]]></wp:meta_value>
            </wp:postmeta>
        </item>
    </channel>
</rss>
