<?xml version="1.0" encoding="UTF-8" ?>
<!-- This is a WordPress eXtended RSS file generated by WordPress as an export of your site. -->
<!-- It contains information about your site's posts, pages, comments, categories, and other content. -->
<!-- You may use this file to transfer that content from one site to another. -->
<!-- This file is not intended to serve as a complete backup of your site. -->

<!-- To import this information into a WordPress site follow these steps: -->
<!-- 1. Log in to that site as an administrator. -->
<!-- 2. Go to Tools: Import in the WordPress admin panel. -->
<!-- 3. Install the "WordPress" importer from the list. -->
<!-- 4. Activate & Run Importer. -->
<!-- 5. Upload this file using the form provided on that page. -->
<!-- 6. You will first be asked to map the authors in this export file to users -->
<!--    on the site. For each author, you may choose to map to an -->
<!--    existing user on the site or to create a new user. -->
<!-- 7. WordPress will then import each of the posts, pages, comments, categories, etc. -->
<!--    contained in this file into your site. -->

<!-- generator="WordPress/4.0" created="2014-11-13 14:53" -->
<rss version="2.0"
	xmlns:excerpt="http://wordpress.org/export/1.2/excerpt/"
	xmlns:content="http://purl.org/rss/1.0/modules/content/"
	xmlns:wfw="http://wellformedweb.org/CommentAPI/"
	xmlns:dc="http://purl.org/dc/elements/1.1/"
	xmlns:wp="http://wordpress.org/export/1.2/"
>

<channel>
	<title>KLEO Template</title>
	<link>http://seventhqueen.com/demo/kleo</link>
	<description>Wordpress Premium Template</description>
	<pubDate>Thu, 13 Nov 2014 14:53:25 +0000</pubDate>
	<language>en-US</language>
	<wp:wxr_version>1.2</wp:wxr_version>
	<wp:base_site_url>http://seventhqueen.com/demo/kleo</wp:base_site_url>
	<wp:base_blog_url>http://seventhqueen.com/demo/kleo</wp:base_blog_url>

	<wp:author><wp:author_id>1</wp:author_id><wp:author_login>admin</wp:author_login><wp:author_email>demo@seventhqueen.com</wp:author_email><wp:author_display_name><![CDATA[admin]]></wp:author_display_name><wp:author_first_name><![CDATA[]]></wp:author_first_name><wp:author_last_name><![CDATA[]]></wp:author_last_name></wp:author>


	<generator>http://wordpress.org/?v=4.0</generator>

	<item>
				<title>Merry Christmas</title>
		<link>http://seventhqueen.com/demo/kleo/merry-christmas/</link>
		<pubDate>Tue, 02 Dec 2014 16:30:53 +0000</pubDate>
		<dc:creator><![CDATA[kleoadmin]]></dc:creator>
		<guid isPermaLink="false">http://seventhqueen.com/themes/kleo/?page_id=4849</guid>
		<description></description>
		<content:encoded><![CDATA[[vc_row inner_container="no" section_type="main" bg_position="top" bg_position_horizontal="left" bg_repeat="no-repeat" bg_cover="true" bg_attachment="false" parallax_speed="0.1" padding_top="0" padding_bottom="0" min_height="0" border="none" css_animation="right-to-left"][vc_column width="1/1"][rev_slider_vc alias="xmas"][kleo_snow type="column"][/vc_column][/vc_row][vc_row inner_container="yes" section_type="main" type="color" bg_position="top" bg_position_horizontal="left" bg_repeat="no-repeat" bg_cover="true" bg_attachment="false" parallax_speed="0.1" padding_top="30" padding_bottom="10" min_height="0" border="none" css_animation="right-to-left" text_align="center"][vc_column width="1/1"][kleo_clients animated="yes" animation="fade" number="6"][/vc_column][/vc_row][vc_row inner_container="no" section_type="main" type="color" bg_position="top" bg_position_horizontal="left" bg_repeat="no-repeat" bg_cover="true" bg_attachment="false" parallax_speed="0.1" padding_top="0" padding_bottom="0" min_height="0" border="none" css_animation="right-to-left" text_align="center"][vc_column width="1/1"][kleo_divider type="full" position="center" text="Kleo is trusted by 73,000+ clients and companies worldwide"][/vc_column][/vc_row][vc_row inner_container="yes" section_type="main" bg_position="top" bg_position_horizontal="left" bg_repeat="no-repeat" bg_cover="true" bg_attachment="false" parallax_speed="0.1" padding_top="100" padding_bottom="100" min_height="0" border="none" css_animation="right-to-left" text_align="center" el_class="col dark"][vc_column width="1/1"][vc_column_text css_animation="bottom-to-top" animation="animate-when-almost-visible"]
<h2>A Premium Multi-Purpose WooCommerce Theme</h2>
[/vc_column_text][vc_column_text css_animation="bottom-to-top" animation="animate-when-almost-visible" lead="yes"]KLEO is not just a shop where you come and like all what you see but a true template that you can also use to develop your own business. Empowered with latest technology features and build with a lot of attention to details KLEO is the <strong>perfect Starter Kit you ever need</strong>.[/vc_column_text][kleo_gap size="80px"][kleo_grid type="4" animation="yes" colored_icons="yes" bordered_icons="yes"][kleo_feature_item title="Unique Design" icon="html5-1" icon_size="default" icon_position="center"]Duis aute irure dolor in reprehenderit in voluptate velit esse cillum dolore eu fugiat nulla pariatur.[/kleo_feature_item][kleo_feature_item title="Extremely Flexible" icon="beaker" icon_size="default" icon_position="center"]Ut enim ad minim veniam, quis nostrud exercitation ullamco laboris nisi ut aliquip ex ea commodo consequat.[/kleo_feature_item][kleo_feature_item title="Outstanding Support" icon="umbrella" icon_size="default" icon_position="center"]Excepteur sint occaecat cupidatat non proident, sunt in culpa qui officia deserunt mollit anim id est laborum.[/kleo_feature_item][kleo_feature_item title="FREE Updates" icon="download-cloud" icon_size="default" icon_position="center"]Sed ut perspiciatis unde omnis iste natus error sit voluptatem accusantium doloremque laudantium.[/kleo_feature_item][/kleo_grid][kleo_gap size="40px"][kleo_button title="VIEW ALL FEATURES" target="_self" style="see-through" size="lg" tooltip_position="left" tooltip_action="hover" el_class="kleo-scroll-to" href="#features"][/vc_column][/vc_row][vc_row inner_container="no" section_type="main" bg_position="top" bg_position_horizontal="left" bg_repeat="no-repeat" bg_cover="true" bg_attachment="false" parallax_speed="0.1" padding_top="0" padding_bottom="0" min_height="0" border="none" css_animation="right-to-left" type="color" bg_color="#000000" column_gap="no"][vc_column width="1/2"][vc_images_carousel images="4485" onclick="link_no" custom_links_target="_self" speed="5000" hide_pagination_control="yes" hide_prev_next_buttons="yes" scroll_fx="scroll" animation="animate-when-almost-visible" css_animation="fade" min_items="1" max_items="1" img_size="large"][/vc_column][vc_column width="1/2"][kleo_portfolio display_type="overlay" title_style="normal" columns="2" item_count="4" pagination="no" filter="no" excerpt="yes" image_size="large" category="All"][/vc_column][/vc_row][vc_row inner_container="yes" text_align="center" section_type="main" bg_position="top" bg_position_horizontal="left" bg_repeat="no-repeat" bg_cover="true" bg_attachment="false" parallax_speed="0.1" vertical_align="yes" padding_top="40" padding_bottom="40" min_height="0" border="bottom" css_animation="right-to-left" el_id="features" type="color" bg_color="#f7f7f9"][vc_column width="1/2"][vc_column_text css_animation="right-to-left" animation="animate-when-almost-visible"]
<h2>Highlight title for this section</h2>
[/vc_column_text][kleo_gap size="10px"][vc_column_text lead="yes" css_animation="right-to-left" animation="animate-when-almost-visible"]I am text block. Click edit button to change this text. Lorem ipsum dolor sit amet, consectetur adipiscing elit. Ut elit tellus, luctus nec ullamcorper mattis, pulvinar dapibus leo.[/vc_column_text][kleo_gap size="30px"][/vc_column][vc_column width="1/2"][vc_single_image image="4488" alignment="center" border_color="grey" img_link_target="_self" animation="animate-when-almost-visible" css_animation="el-appear" img_size="full"][kleo_pin type="circle" top="24%" tooltip="popover" tooltip_position="top" tooltip_title="Sofa feature 1" tooltip_text="Lorem ipsum dolor sit amet, consectetur adipiscing elit, sed do eiusmod tempor incididunt ut labore et dolore magna aliqua." tooltip_action="hover" css_animation="pulsate" right="30%" animation="animate-when-visible"][kleo_pin type="circle" tooltip="popover" tooltip_position="right" tooltip_title="Metalic feature 1" tooltip_text="Ut enim ad minim veniam, quis nostrud exercitation ullamco laboris nisi ut aliquip ex ea commodo consequat. Duis aute irure dolor in reprehenderit in voluptate velit esse cillum dolore eu fugiat nulla pariatur." tooltip_action="hover" css_animation="el-appear" animation="animate-when-visible" left="41%" bottom="25%"][kleo_pin type="circle" tooltip="popover" tooltip_position="top" tooltip_title="Sofa feature 2" tooltip_text="Excepteur sint occaecat cupidatat non proident, sunt in culpa qui officia deserunt mollit anim id est laborum., sed do eiusmod tempor incididunt ut labore et dolore magna aliqua." tooltip_action="hover" css_animation="el-appear" animation="animate-when-visible" left="21%" bottom="36%"][/vc_column][/vc_row][vc_row inner_container="yes" text_align="center" section_type="main" bg_position="top" bg_position_horizontal="left" bg_repeat="no-repeat" bg_cover="true" bg_attachment="false" parallax_speed="0.1" vertical_align="yes" padding_top="80" padding_bottom="40" min_height="0" border="bottom" css_animation="right-to-left" el_class="col dark"][vc_column width="1/2"][featured_products per_page="3" columns="3" order_by="date" order="desc"][/vc_column][vc_column width="1/2"][vc_column_text css_animation="left-to-right" animation="animate-when-almost-visible"]
<h2>Highlight title for this section</h2>
[/vc_column_text][kleo_gap size="10px"][vc_column_text lead="yes" css_animation="left-to-right" animation="animate-when-almost-visible"]I am text block. Click edit button to change this text. Lorem ipsum dolor sit amet, consectetur adipiscing elit. Ut elit tellus, luctus nec ullamcorper mattis, pulvinar dapibus leo.[/vc_column_text][kleo_gap size="30px"][kleo_button title="View All Products" target="_self" style="see-through" size="lg" tooltip="popover" tooltip_position="left" tooltip_title="Hi there!" tooltip_text="This is just a demo page to illustrate how easy you can start a Multipurpose Shoping based website" tooltip_action="hover"][/vc_column][/vc_row][vc_row][vc_column width="1/4"][vc_widget_sidebar sidebar_id="footer-1"][/vc_column][vc_column width="1/4"][vc_widget_sidebar sidebar_id="footer-2"][/vc_column][vc_column width="1/4"][vc_widget_sidebar sidebar_id="footer-3"][/vc_column][vc_column width="1/4"][vc_widget_sidebar sidebar_id="footer-4"][/vc_column][/vc_row][vc_row inner_container="no" section_type="main" bg_position="top" bg_position_horizontal="left" bg_repeat="no-repeat" bg_cover="true" bg_attachment="false" parallax_speed="0.1" padding_top="40" padding_bottom="0" min_height="0" border="none" css_animation="right-to-left"][vc_column width="1/1"][kleo_divider type="full" position="center" text="You’ll be informed about updates, special offers and planned changes to KLEO."][/vc_column][/vc_row][vc_row inner_container="yes" section_type="main" type="color" bg_position="top" bg_position_horizontal="left" bg_repeat="no-repeat" bg_cover="true" bg_attachment="false" parallax_speed="0.1" padding_top="30" padding_bottom="50" min_height="0" border="none" css_animation="right-to-left"][vc_column width="1/1"][vc_row_inner][vc_column_inner width="1/2" font_color="#99969c"][vc_column_text css_animation="right-to-left"]
<h3 style="text-align: right;">Subscribe to the weekly featured products</h3>
[/vc_column_text][/vc_column_inner][vc_column_inner width="1/2"][vc_column_text css_animation="right-to-left"][mc4wp_form][/vc_column_text][/vc_column_inner][/vc_row_inner][/vc_column][/vc_row]]]></content:encoded>
		<excerpt:encoded><![CDATA[]]></excerpt:encoded>
		<wp:post_id>4849</wp:post_id>
		<wp:post_date>2014-12-02 16:30:53</wp:post_date>
		<wp:post_date_gmt>2014-12-02 16:30:53</wp:post_date_gmt>
		<wp:comment_status>open</wp:comment_status>
		<wp:ping_status>open</wp:ping_status>
		<wp:post_name>merry-christmas</wp:post_name>
		<wp:status>publish</wp:status>
		<wp:post_parent>0</wp:post_parent>
		<wp:menu_order>0</wp:menu_order>
		<wp:post_type>page</wp:post_type>
		<wp:post_password></wp:post_password>
		<wp:is_sticky>0</wp:is_sticky>
		<wp:postmeta>
			<wp:meta_key>_edit_last</wp:meta_key>
			<wp:meta_value><![CDATA[1]]></wp:meta_value>
		</wp:postmeta>
		<wp:postmeta>
			<wp:meta_key>_wp_page_template</wp:meta_key>
			<wp:meta_value><![CDATA[page-templates/full-width.php]]></wp:meta_value>
		</wp:postmeta>
		<wp:postmeta>
			<wp:meta_key>_wpb_vc_js_status</wp:meta_key>
			<wp:meta_value><![CDATA[true]]></wp:meta_value>
		</wp:postmeta>
		<wp:postmeta>
			<wp:meta_key>_wpb_vc_js_interface_version</wp:meta_key>
			<wp:meta_value><![CDATA[2]]></wp:meta_value>
		</wp:postmeta>
		<wp:postmeta>
			<wp:meta_key>slide_template</wp:meta_key>
			<wp:meta_value><![CDATA[default]]></wp:meta_value>
		</wp:postmeta>
		<wp:postmeta>
			<wp:meta_key>_kleo_transparent_menu_color</wp:meta_key>
			<wp:meta_value><![CDATA[white]]></wp:meta_value>
		</wp:postmeta>
		<wp:postmeta>
			<wp:meta_key>_kleo_title_color</wp:meta_key>
			<wp:meta_value><![CDATA[#]]></wp:meta_value>
		</wp:postmeta>
		<wp:postmeta>
			<wp:meta_key>_kleo_title_bg</wp:meta_key>
			<wp:meta_value><![CDATA[a:5:{s:3:"url";s:0:"";s:6:"repeat";s:6:"repeat";s:4:"size";s:7:"inherit";s:10:"attachment";s:6:"scroll";s:8:"position";s:8:"left top";}]]></wp:meta_value>
		</wp:postmeta>
		<wp:postmeta>
			<wp:meta_key>_kleo_title_bg_color</wp:meta_key>
			<wp:meta_value><![CDATA[#]]></wp:meta_value>
		</wp:postmeta>
		<wp:postmeta>
			<wp:meta_key>_kleo_page_menu</wp:meta_key>
			<wp:meta_value><![CDATA[default]]></wp:meta_value>
		</wp:postmeta>
		<wp:postmeta>
			<wp:meta_key>_kleo_topbar_status</wp:meta_key>
			<wp:meta_value><![CDATA[0]]></wp:meta_value>
		</wp:postmeta>
		<wp:postmeta>
			<wp:meta_key>_kleo_transparent_menu</wp:meta_key>
			<wp:meta_value><![CDATA[1]]></wp:meta_value>
		</wp:postmeta>
		<wp:postmeta>
			<wp:meta_key>_kleo_title_checkbox</wp:meta_key>
			<wp:meta_value><![CDATA[1]]></wp:meta_value>
		</wp:postmeta>
		<wp:postmeta>
			<wp:meta_key>_kleo_hide_breadcrumb</wp:meta_key>
			<wp:meta_value><![CDATA[1]]></wp:meta_value>
		</wp:postmeta>
		<wp:postmeta>
			<wp:meta_key>_kleo_hide_info</wp:meta_key>
			<wp:meta_value><![CDATA[1]]></wp:meta_value>
		</wp:postmeta>
		<wp:postmeta>
			<wp:meta_key>_kleo_hide_footer</wp:meta_key>
			<wp:meta_value><![CDATA[1]]></wp:meta_value>
		</wp:postmeta>
		<wp:postmeta>
			<wp:meta_key>_thumbnail_id</wp:meta_key>
			<wp:meta_value><![CDATA[4897]]></wp:meta_value>
		</wp:postmeta>
		<wp:postmeta>
			<wp:meta_key>_dp_original</wp:meta_key>
			<wp:meta_value><![CDATA[4448]]></wp:meta_value>
		</wp:postmeta>
		<wp:postmeta>
			<wp:meta_key>sbg_selected_sidebar</wp:meta_key>
			<wp:meta_value><![CDATA[a:1:{i:0;s:1:"0";}]]></wp:meta_value>
		</wp:postmeta>
		<wp:postmeta>
			<wp:meta_key>sbg_selected_sidebar_replacement</wp:meta_key>
			<wp:meta_value><![CDATA[a:1:{i:0;s:1:"0";}]]></wp:meta_value>
		</wp:postmeta>
	</item>
	</channel>
</rss>