<?xml version="1.0" encoding="UTF-8" ?>
<!-- This is a WordPress eXtended RSS file generated by WordPress as an export of your site. -->
<!-- It contains information about your site's posts, pages, comments, categories, and other content. -->
<!-- You may use this file to transfer that content from one site to another. -->
<!-- This file is not intended to serve as a complete backup of your site. -->

<!-- To import this information into a WordPress site follow these steps: -->
<!-- 1. Log in to that site as an administrator. -->
<!-- 2. Go to Tools: Import in the WordPress admin panel. -->
<!-- 3. Install the "WordPress" importer from the list. -->
<!-- 4. Activate & Run Importer. -->
<!-- 5. Upload this file using the form provided on that page. -->
<!-- 6. You will first be asked to map the authors in this export file to users -->
<!--    on the site. For each author, you may choose to map to an -->
<!--    existing user on the site or to create a new user. -->
<!-- 7. WordPress will then import each of the posts, pages, comments, categories, etc. -->
<!--    contained in this file into your site. -->

<!-- generator="WordPress/4.7.3" created="2017-03-15 12:51" -->
<rss version="2.0"
	xmlns:excerpt="http://wordpress.org/export/1.2/excerpt/"
	xmlns:content="http://purl.org/rss/1.0/modules/content/"
	xmlns:wfw="http://wellformedweb.org/CommentAPI/"
	xmlns:dc="http://purl.org/dc/elements/1.1/"
	xmlns:wp="http://wordpress.org/export/1.2/"
>

<channel>
	<title>KLEO Template</title>
	<link>https://seventhqueen.com/demo/kleo</link>
	<description>Wordpress Premium Template</description>
	<pubDate>Wed, 15 Mar 2017 12:51:08 +0000</pubDate>
	<language>en-US</language>
	<wp:wxr_version>1.2</wp:wxr_version>
	<wp:base_site_url>https://seventhqueen.com/demo/kleo</wp:base_site_url>
	<wp:base_blog_url>https://seventhqueen.com/demo/kleo</wp:base_blog_url>

	<wp:author><wp:author_id>3</wp:author_id><wp:author_login><![CDATA[exporter]]></wp:author_login><wp:author_email><![CDATA[exporter@7thqueen.com]]></wp:author_email><wp:author_display_name><![CDATA[exporter]]></wp:author_display_name><wp:author_first_name><![CDATA[]]></wp:author_first_name><wp:author_last_name><![CDATA[]]></wp:author_last_name></wp:author>


	<generator>https://wordpress.org/?v=4.7.3</generator>
<item>
		<title>Travel form</title>
		<link>https://seventhqueen.com/themes/kleo/blog/mc4wp-form/travel-form/</link>
		<pubDate>Tue, 17 Jan 2017 20:24:18 +0000</pubDate>
		<dc:creator><![CDATA[kleoadmin]]></dc:creator>
		<guid isPermaLink="false">http://seventhqueen.com/themes/kleo/mc4wp-form/travel-form/</guid>
		<description></description>
		<content:encoded><![CDATA[<div class="form-inline">
<input type="email" id="mc5wp_email" class="input-lg input-special" name="EMAIL" placeholder="Your email address" required />

  <button class="vc_general vc_btn3 vc_btn3-size-md vc_btn3-shape-round vc_btn3-style-flat vc_btn3-color-juicy-pink form-submit">SUBSCRIBE</button>
</div>]]></content:encoded>
		<excerpt:encoded><![CDATA[]]></excerpt:encoded>
		<wp:post_id>8596</wp:post_id>
		<wp:post_date><![CDATA[2017-01-17 22:24:18]]></wp:post_date>
		<wp:post_date_gmt><![CDATA[2017-01-17 20:24:18]]></wp:post_date_gmt>
		<wp:comment_status><![CDATA[closed]]></wp:comment_status>
		<wp:ping_status><![CDATA[closed]]></wp:ping_status>
		<wp:post_name><![CDATA[travel-form]]></wp:post_name>
		<wp:status><![CDATA[publish]]></wp:status>
		<wp:post_parent>0</wp:post_parent>
		<wp:menu_order>0</wp:menu_order>
		<wp:post_type><![CDATA[mc4wp-form]]></wp:post_type>
		<wp:post_password><![CDATA[]]></wp:post_password>
		<wp:is_sticky>0</wp:is_sticky>
		<wp:postmeta>
			<wp:meta_key><![CDATA[_mc4wp_settings]]></wp:meta_key>
			<wp:meta_value><![CDATA[a:8:{s:3:"css";s:1:"0";s:12:"double_optin";s:1:"1";s:8:"redirect";s:0:"";s:18:"hide_after_success";s:1:"0";s:15:"required_fields";s:5:"EMAIL";s:5:"lists";a:1:{i:0;s:10:"83bd2b8370";}s:15:"update_existing";s:1:"0";s:17:"replace_interests";s:1:"1";}]]></wp:meta_value>
		</wp:postmeta>
		<wp:postmeta>
			<wp:meta_key><![CDATA[text_subscribed]]></wp:meta_key>
			<wp:meta_value><![CDATA[Thank you, your sign-up request was successful! Please check your e-mail inbox.]]></wp:meta_value>
		</wp:postmeta>
		<wp:postmeta>
			<wp:meta_key><![CDATA[text_error]]></wp:meta_key>
			<wp:meta_value><![CDATA[Oops. Something went wrong. Please try again later.]]></wp:meta_value>
		</wp:postmeta>
		<wp:postmeta>
			<wp:meta_key><![CDATA[text_invalid_email]]></wp:meta_key>
			<wp:meta_value><![CDATA[Please provide a valid email address.]]></wp:meta_value>
		</wp:postmeta>
		<wp:postmeta>
			<wp:meta_key><![CDATA[text_already_subscribed]]></wp:meta_key>
			<wp:meta_value><![CDATA[Given email address is already subscribed, thank you!]]></wp:meta_value>
		</wp:postmeta>
		<wp:postmeta>
			<wp:meta_key><![CDATA[text_required_field_missing]]></wp:meta_key>
			<wp:meta_value><![CDATA[Please fill in the required fields.]]></wp:meta_value>
		</wp:postmeta>
		<wp:postmeta>
			<wp:meta_key><![CDATA[_vc_post_settings]]></wp:meta_key>
			<wp:meta_value><![CDATA[a:1:{s:10:"vc_grid_id";a:0:{}}]]></wp:meta_value>
		</wp:postmeta>
		<wp:postmeta>
			<wp:meta_key><![CDATA[text_unsubscribed]]></wp:meta_key>
			<wp:meta_value><![CDATA[You were successfully unsubscribed.]]></wp:meta_value>
		</wp:postmeta>
		<wp:postmeta>
			<wp:meta_key><![CDATA[text_not_subscribed]]></wp:meta_key>
			<wp:meta_value><![CDATA[Given email address is not subscribed.]]></wp:meta_value>
		</wp:postmeta>
		<wp:postmeta>
			<wp:meta_key><![CDATA[text_no_lists_selected]]></wp:meta_key>
			<wp:meta_value><![CDATA[Please select at least one list.]]></wp:meta_value>
		</wp:postmeta>
		<wp:postmeta>
			<wp:meta_key><![CDATA[text_updated]]></wp:meta_key>
			<wp:meta_value><![CDATA[Thank you, your records have been updated!]]></wp:meta_value>
		</wp:postmeta>
		<wp:postmeta>
			<wp:meta_key><![CDATA[sq_base]]></wp:meta_key>
			<wp:meta_value><![CDATA[https://seventhqueen.com/themes/kleo/wp-content/uploads]]></wp:meta_value>
		</wp:postmeta>
		<wp:postmeta>
			<wp:meta_key><![CDATA[sq_import]]></wp:meta_key>
			<wp:meta_value><![CDATA[1]]></wp:meta_value>
		</wp:postmeta>
		<wp:postmeta>
			<wp:meta_key><![CDATA[sq_domain]]></wp:meta_key>
			<wp:meta_value><![CDATA[https://seventhqueen.com/themes/kleo]]></wp:meta_value>
		</wp:postmeta>
	</item>
	<item>
		<title>Travel Destination</title>
		<link>https://seventhqueen.com/demo/kleo/travel-destination/</link>
		<pubDate>Tue, 14 Mar 2017 12:40:42 +0000</pubDate>
		<dc:creator><![CDATA[exporter]]></dc:creator>
		<guid isPermaLink="false">https://seventhqueen.com/themes/kleo/?page_id=12939</guid>
		<description></description>
		<content:encoded><![CDATA[[vc_row type="image" bg_color="#fafafa" bg_position_horizontal="center" bg_cover="false" enable_parallax="false" parallax_speed="0.03" padding_top="400" padding_bottom="80" bg_image="12946"][vc_column width="1/6"][/vc_column][vc_column width="2/3"][vc_column_text]
<h1><strong>Bryce Canyon</strong> A Stunning US
Travel <strong>Destination</strong></h1>
[/vc_column_text][vc_facebook][/vc_column][vc_column width="1/6"][/vc_column][/vc_row][vc_row padding_top="80" padding_bottom="80"][vc_column width="1/6"][/vc_column][vc_column width="2/3"][kleo_gap size="20px"][vc_row_inner][vc_column_inner width="1/2"][kleo_magic_container position="relative" z_index="10"][vc_column_text]
<p class="p1">Traveling on a tight budget often limits families and individuals from experiencing their vacation to the fullest. But with a little budgeting and research, you can enjoy a luxury vacation even on a tight budget. After all, you’ve worked hard all year long, and your vacation should be a relaxing, fun experience. Here are some travel tips to help you budget for your global travel and vacations and find great deals on luxury resorts around the world.</p>
[/vc_column_text][/kleo_magic_container][kleo_gap size="80px"][kleo_magic_container position="relative"][vc_column_text el_class="left-rail-text"]<strong>A Life Choise</strong>[/vc_column_text][vc_column_text]
<h2>Create a Vacation Savings Plan</h2>
[/vc_column_text][/kleo_magic_container][/vc_column_inner][vc_column_inner width="1/2"][vc_column_text]
<p class="p1">Instead of trying to gather up enough money for vacation at the last minute, develop a savings plan at the start of each year. Save only $20 per week and you’ll have $1040.00 after 12 months. This can take care of the hotel bill and maybe more if you find a great bargain!</p>
<p class="p1"><span class="s1">The majestic Rocky Mountains are a major tourist location in the western United States. Visitors can participate in a quantity of activities, including hiking, skiing, snowboarding, mountain biking, &amp; plenty of more.</span></p>
<p class="p1"><span class="s1">The Rockies are home to several campgrounds, ghost towns, gold prospecting sites, &amp; national parks. a quantity of the biggest tourist attractions in the Rockies are Pike’s Peak &amp; Royal Gorge. There are several world famous national parks in the Rockies, including Yellowstone, Rocky Mountain, Grand Teton, &amp; Glacier.</span></p>
[/vc_column_text][/vc_column_inner][/vc_row_inner][/vc_column][vc_column width="1/6"][/vc_column][/vc_row][vc_row text_align="center" vertical_align="yes" padding_top="0" padding_bottom="0" fixed_height=""][vc_column][vc_single_image image="12947" img_size="1200 x 600"][/vc_column][/vc_row][vc_row padding_top="80"][vc_column width="1/6"][/vc_column][vc_column width="2/3"][vc_column_text]The legendary Rocky Mountains stretch from old Mexico up through the United States &amp; into Canada. The Rocky Mountains are over 3000 miles long, spanning parts of california, Colorado, Idaho, Montana, &amp; Wyoming before continuing into Canada. Stories of early adventurers like Lewis &amp; Clark exploring the Rocky Mountains are legendary.  about everyone will find something to enjoy on a Rocky Mountain holiday. Aside from all of the great outdoor activities, the Rockies have a quantity of other attractions as well.[/vc_column_text][kleo_gap size="40px"][vc_row_inner][vc_column_inner width="1/2"][/vc_column_inner][vc_column_inner width="1/2"][kleo_magic_container position="relative"][vc_column_text el_class="left-rail-text"]Best Thing[/vc_column_text][vc_column_text font_weight="bold"]
<h2>Save Money on Food</h2>
[/vc_column_text][/kleo_magic_container][/vc_column_inner][/vc_row_inner][vc_row_inner][vc_column_inner width="1/2"][vc_column_text]
<p class="p1">When you arrive at your destination, go shopping for groceries. Note: Be sure the hotel or resort provides a refrigerator and microwave or stove. Save your “dining out” money for a few really special evenings out. This will allow you to enjoy a few delicious meals instead of wasting dollars on fast food every day. One family-of-four meal at a fast food restaurant could cost $30 USD or more.</p>
[/vc_column_text][kleo_gap size="40px"][vc_column_text]
<h2>Reserve in Advance</h2>
[/vc_column_text][vc_column_text]
<p class="p1">If you know far enough in advance where and when you will take your holiday, you can book your hotel and flight in advance and receive savings. Phone the hotel or resort where you would like to stay several months ahead and ask them to mail their latest brochure to you. Often times the brochures will contain rates for certain dates along with coupons. You can take advantage of “early bird” or “off-season” discounts.</p>
[/vc_column_text][/vc_column_inner][vc_column_inner width="1/2"][vc_single_image image="12972" img_size="large"][vc_column_text font_size="13px" line_height="20px"]
<p class="p1"><span style="color: #999999;"><em>If you’re not bound by school holidays, take the opportunity to travel out of season and fly during the week rather than at weekends.</em></span></p>
[/vc_column_text][/vc_column_inner][/vc_row_inner][/vc_column][vc_column width="1/6"][/vc_column][/vc_row][vc_row padding_bottom="80"][vc_column width="1/6"][/vc_column][vc_column width="2/3"][vc_column_text]
<h3 style="text-align: center;">Get to Know Local or Online Travel Agents</h3>
[/vc_column_text][vc_column_text]Contact local travel agents in your area and ask to be notified when special deals arise. They are willing to help because they get paid a commission. Also, ask about brochures to various luxury resorts around the world so you can get an idea of where you would like to go.

You can also join with a travel group online to receive enormous discounts on four and five star luxury resorts in Europe, Asia, Greece, Egypt, Israel, and many other destinations. Whether you’d like to stay at a beach resort, ski resort, golf resort, or take ocean cruises, they will do the research for you using their years of expertise. For even more savings, you can also sell global travel and vacations or memberships to others through a travel group and earn money. This allows you to work at home with your very own travel business or at least pay for your own vacation![/vc_column_text][/vc_column][vc_column width="1/6"][/vc_column][/vc_row][vc_row padding_top="0"][vc_column width="1/3"][vc_single_image image="12973" img_size="397 x 539" alignment="center" full_width="yes"][/vc_column][vc_column width="1/3"][vc_single_image image="12975" img_size="397 x 539" alignment="center" full_width="yes"][/vc_column][vc_column width="1/3"][vc_single_image image="12976" img_size="397 x 539" alignment="center" full_width="yes"][/vc_column][/vc_row][vc_row padding_top="80" padding_bottom="80"][vc_column width="1/6"][/vc_column][vc_column width="2/3"][kleo_testimonials type="carousel" number="7" min_items="1" max_items="1" height="250"][kleo_gap size="80px"][vc_row_inner][vc_column_inner width="1/2"][vc_column_text]
<h3>Plan Activities Online</h3>
[/vc_column_text][vc_column_text]Once you know your destination, you can plan some of the more expensive activities online in advance to enjoy Internet savings. Popular amusement parks, museums, and entertainment venues often give a discount for ordering tickets online in advance.[/vc_column_text][/vc_column_inner][vc_column_inner width="1/2"][vc_column_text]
<h3>Save on Air Fare</h3>
[/vc_column_text][vc_column_text]
<p class="p1">If traveling by plane, try bidding on tickets to get a good price or look for departure times that offer cheaper rates. Many airlines cost less during the off-seasons as well.</p>
<p class="p1">No matter what your travel budget, you can enjoy a great vacation if you do enough advance planning. Make the most of your holiday while spending less!</p>
[/vc_column_text][/vc_column_inner][/vc_row_inner][kleo_gap size="40px"][kleo_magic_container position="relative"][vc_column_text el_class="left-rail-text"]Go Traveling[/vc_column_text][vc_column_text]
<h2>Happy Travelling</h2>
[/vc_column_text][/kleo_magic_container][vc_column_text]Finally and most importantly, the quality hotel directory inspection team should have visited the hotel in question on a regular basis, met the staff, slept in a bedroom and tried the food. They should experience the hotel as only a hotel guest can and it is only then that they are really in a strong position to write about the hotel.[/vc_column_text][/vc_column][vc_column width="1/6"][/vc_column][/vc_row][vc_row text_align="center" type="color" bg_color="#fafafa" padding_top="120" padding_bottom="120"][vc_column width="1/6"][/vc_column][vc_column width="2/3"][vc_column_text]
<h2>Join to Get Updated on Latest Travel Hints and
FREE Sample Guide</h2>
[/vc_column_text][mc4wp_form id="8596"][/vc_column][vc_column width="1/6"][/vc_column][/vc_row][vc_row inner_container="no" type="color" bg_color="#fafafa" padding_top="0" padding_bottom="0"][vc_column][vc_images_carousel images="12955,12957,12961,12963,12953,12952,12948,12947,12946,12972,12973,12975" img_size="200x200" onclick="link_no" autoplay="yes" hide_pagination_control="yes" hide_prev_next_buttons="yes" min_items="4" max_items="10"][/vc_column][/vc_row]]]></content:encoded>
		<excerpt:encoded><![CDATA[]]></excerpt:encoded>
		<wp:post_id>12939</wp:post_id>
		<wp:post_date><![CDATA[2017-03-14 12:40:42]]></wp:post_date>
		<wp:post_date_gmt><![CDATA[2017-03-14 12:40:42]]></wp:post_date_gmt>
		<wp:comment_status><![CDATA[closed]]></wp:comment_status>
		<wp:ping_status><![CDATA[closed]]></wp:ping_status>
		<wp:post_name><![CDATA[travel-destination]]></wp:post_name>
		<wp:status><![CDATA[publish]]></wp:status>
		<wp:post_parent>0</wp:post_parent>
		<wp:menu_order>0</wp:menu_order>
		<wp:post_type><![CDATA[page]]></wp:post_type>
		<wp:post_password><![CDATA[]]></wp:post_password>
		<wp:is_sticky>0</wp:is_sticky>
		<wp:postmeta>
			<wp:meta_key><![CDATA[_wp_page_template]]></wp:meta_key>
			<wp:meta_value><![CDATA[page-templates/full-width.php]]></wp:meta_value>
		</wp:postmeta>
		<wp:postmeta>
			<wp:meta_key><![CDATA[_wpb_vc_js_status]]></wp:meta_key>
			<wp:meta_value><![CDATA[true]]></wp:meta_value>
		</wp:postmeta>
		<wp:postmeta>
			<wp:meta_key><![CDATA[_kleo_transparent_menu_color]]></wp:meta_key>
			<wp:meta_value><![CDATA[black]]></wp:meta_value>
		</wp:postmeta>
		<wp:postmeta>
			<wp:meta_key><![CDATA[_kleo_transparent_menu]]></wp:meta_key>
			<wp:meta_value><![CDATA[1]]></wp:meta_value>
		</wp:postmeta>
		<wp:postmeta>
			<wp:meta_key><![CDATA[_kleo_title_checkbox]]></wp:meta_key>
			<wp:meta_value><![CDATA[1]]></wp:meta_value>
		</wp:postmeta>
		<wp:postmeta>
			<wp:meta_key><![CDATA[_kleo_hide_breadcrumb]]></wp:meta_key>
			<wp:meta_value><![CDATA[1]]></wp:meta_value>
		</wp:postmeta>
		<wp:postmeta>
			<wp:meta_key><![CDATA[_kleo_hide_info]]></wp:meta_key>
			<wp:meta_value><![CDATA[1]]></wp:meta_value>
		</wp:postmeta>
		<wp:postmeta>
			<wp:meta_key><![CDATA[_kleo_topbar_status]]></wp:meta_key>
			<wp:meta_value><![CDATA[0]]></wp:meta_value>
		</wp:postmeta>
		<wp:postmeta>
			<wp:meta_key><![CDATA[_edit_last]]></wp:meta_key>
			<wp:meta_value><![CDATA[1]]></wp:meta_value>
		</wp:postmeta>
		<wp:postmeta>
			<wp:meta_key><![CDATA[sq_base]]></wp:meta_key>
			<wp:meta_value><![CDATA[https://seventhqueen.com/demo/kleo/wp-content/uploads]]></wp:meta_value>
		</wp:postmeta>
		<wp:postmeta>
			<wp:meta_key><![CDATA[sq_import]]></wp:meta_key>
			<wp:meta_value><![CDATA[1]]></wp:meta_value>
		</wp:postmeta>
		<wp:postmeta>
			<wp:meta_key><![CDATA[sq_domain]]></wp:meta_key>
			<wp:meta_value><![CDATA[https://seventhqueen.com/demo/kleo]]></wp:meta_value>
		</wp:postmeta>
		<wp:postmeta>
			<wp:meta_key><![CDATA[sq_img_data]]></wp:meta_key>
			<wp:meta_value><![CDATA[a:7:{i:12946;s:78:"https://seventhqueen.com/demo/kleo/wp-content/uploads/2017/03/download-18.jpeg";i:12947;s:78:"https://seventhqueen.com/demo/kleo/wp-content/uploads/2017/03/download-21.jpeg";i:12972;s:79:"https://seventhqueen.com/demo/kleo/wp-content/uploads/2017/03/house-flowers.jpg";i:12973;s:75:"https://seventhqueen.com/demo/kleo/wp-content/uploads/2017/03/blue-door.jpg";i:12975;s:97:"https://seventhqueen.com/demo/kleo/wp-content/uploads/2017/03/tumblr_nu7vo087x61s1rkq3o4_1280.jpg";i:12976;s:97:"https://seventhqueen.com/demo/kleo/wp-content/uploads/2017/03/tumblr_nu7vo087x61s1rkq3o2_1280.jpg";s:71:"12955,12957,12961,12963,12953,12952,12948,12947,12946,12972,12973,12975";s:1106:"https://seventhqueen.com/demo/kleo/wp-content/uploads/2017/03/tumblr_nu7vo087x61s1rkq3o1_1280.jpg,https://seventhqueen.com/demo/kleo/wp-content/uploads/2017/03/tumblr_nu7vo087x61s1rkq3o3_1280.jpg,https://seventhqueen.com/demo/kleo/wp-content/uploads/2017/03/tumblr_nu7vo087x61s1rkq3o8_r1_1280.jpg,https://seventhqueen.com/demo/kleo/wp-content/uploads/2017/03/tumblr_nzgih2P27l1s1rkq3o7_1280.jpg,https://seventhqueen.com/demo/kleo/wp-content/uploads/2017/03/tumblr_nr8xq6D6kZ1s1rkq3o1_r1_1280.jpg,https://seventhqueen.com/demo/kleo/wp-content/uploads/2017/03/tumblr_nr0xoy662a1s1rkq3o4_1280.jpg,https://seventhqueen.com/demo/kleo/wp-content/uploads/2017/03/tumblr_n6n6p4mBF61s1rkq3o1_r3_1280.jpg,https://seventhqueen.com/demo/kleo/wp-content/uploads/2017/03/download-21.jpeg,https://seventhqueen.com/demo/kleo/wp-content/uploads/2017/03/download-18.jpeg,https://seventhqueen.com/demo/kleo/wp-content/uploads/2017/03/house-flowers.jpg,https://seventhqueen.com/demo/kleo/wp-content/uploads/2017/03/blue-door.jpg,https://seventhqueen.com/demo/kleo/wp-content/uploads/2017/03/tumblr_nu7vo087x61s1rkq3o4_1280.jpg";}]]></wp:meta_value>
		</wp:postmeta>
		<wp:postmeta>
			<wp:meta_key><![CDATA[sq_attach]]></wp:meta_key>
			<wp:meta_value><![CDATA[a:13:{i:12946;s:78:"https://seventhqueen.com/demo/kleo/wp-content/uploads/2017/03/download-18.jpeg";i:12947;s:78:"https://seventhqueen.com/demo/kleo/wp-content/uploads/2017/03/download-21.jpeg";i:12948;s:100:"https://seventhqueen.com/demo/kleo/wp-content/uploads/2017/03/tumblr_n6n6p4mBF61s1rkq3o1_r3_1280.jpg";i:12952;s:97:"https://seventhqueen.com/demo/kleo/wp-content/uploads/2017/03/tumblr_nr0xoy662a1s1rkq3o4_1280.jpg";i:12953;s:100:"https://seventhqueen.com/demo/kleo/wp-content/uploads/2017/03/tumblr_nr8xq6D6kZ1s1rkq3o1_r1_1280.jpg";i:12955;s:97:"https://seventhqueen.com/demo/kleo/wp-content/uploads/2017/03/tumblr_nu7vo087x61s1rkq3o1_1280.jpg";i:12957;s:97:"https://seventhqueen.com/demo/kleo/wp-content/uploads/2017/03/tumblr_nu7vo087x61s1rkq3o3_1280.jpg";i:12961;s:100:"https://seventhqueen.com/demo/kleo/wp-content/uploads/2017/03/tumblr_nu7vo087x61s1rkq3o8_r1_1280.jpg";i:12963;s:97:"https://seventhqueen.com/demo/kleo/wp-content/uploads/2017/03/tumblr_nzgih2P27l1s1rkq3o7_1280.jpg";i:12972;s:79:"https://seventhqueen.com/demo/kleo/wp-content/uploads/2017/03/house-flowers.jpg";i:12973;s:75:"https://seventhqueen.com/demo/kleo/wp-content/uploads/2017/03/blue-door.jpg";i:12975;s:97:"https://seventhqueen.com/demo/kleo/wp-content/uploads/2017/03/tumblr_nu7vo087x61s1rkq3o4_1280.jpg";i:12976;s:97:"https://seventhqueen.com/demo/kleo/wp-content/uploads/2017/03/tumblr_nu7vo087x61s1rkq3o2_1280.jpg";}]]></wp:meta_value>
		</wp:postmeta>
	</item>
</channel>
</rss>
