<?xml version="1.0" encoding="UTF-8" ?>
<!-- This is a WordPress eXtended RSS file generated by WordPress as an export of your site. -->
<!-- It contains information about your site's posts, pages, comments, categories, and other content. -->
<!-- You may use this file to transfer that content from one site to another. -->
<!-- This file is not intended to serve as a complete backup of your site. -->

<!-- To import this information into a WordPress site follow these steps: -->
<!-- 1. Log in to that site as an administrator. -->
<!-- 2. Go to Tools: Import in the WordPress admin panel. -->
<!-- 3. Install the "WordPress" importer from the list. -->
<!-- 4. Activate & Run Importer. -->
<!-- 5. Upload this file using the form provided on that page. -->
<!-- 6. You will first be asked to map the authors in this export file to users -->
<!--    on the site. For each author, you may choose to map to an -->
<!--    existing user on the site or to create a new user. -->
<!-- 7. WordPress will then import each of the posts, pages, comments, categories, etc. -->
<!--    contained in this file into your site. -->

<!-- generator="WordPress/4.7.3" created="2017-03-13 20:29" -->
<rss version="2.0"
	xmlns:excerpt="http://wordpress.org/export/1.2/excerpt/"
	xmlns:content="http://purl.org/rss/1.0/modules/content/"
	xmlns:wfw="http://wellformedweb.org/CommentAPI/"
	xmlns:dc="http://purl.org/dc/elements/1.1/"
	xmlns:wp="http://wordpress.org/export/1.2/"
>

<channel>
	<title>KLEO Template</title>
	<link>https://seventhqueen.com/demo/kleo</link>
	<description>Wordpress Premium Template</description>
	<pubDate>Mon, 13 Mar 2017 20:29:32 +0000</pubDate>
	<language>en-US</language>
	<wp:wxr_version>1.2</wp:wxr_version>
	<wp:base_site_url>https://seventhqueen.com/demo/kleo</wp:base_site_url>
	<wp:base_blog_url>https://seventhqueen.com/demo/kleo</wp:base_blog_url>

	<wp:author><wp:author_id>3</wp:author_id><wp:author_login><![CDATA[exporter]]></wp:author_login><wp:author_email><![CDATA[exporter@7thqueen.com]]></wp:author_email><wp:author_display_name><![CDATA[exporter]]></wp:author_display_name><wp:author_first_name><![CDATA[]]></wp:author_first_name><wp:author_last_name><![CDATA[]]></wp:author_last_name></wp:author>


	<generator>https://wordpress.org/?v=4.7.3</generator>

	<item>
		<title>Home Simple</title>
		<link>https://seventhqueen.com/demo/kleo/home/</link>
		<pubDate>Sun, 02 Feb 2014 10:01:06 +0000</pubDate>
		<dc:creator><![CDATA[exporter]]></dc:creator>
		<guid isPermaLink="false">http://seventhqueen.com/themes/kleo/?page_id=8</guid>
		<description></description>
		<content:encoded><![CDATA[[vc_row inner_container="yes" section_type="alternate" bg_position="top" bg_repeat="no-repeat" bg_cover="true" bg_attachment="false" parallax_speed="0.1" padding_top="60" padding_bottom="0" min_height="0" border="none" css_animation="right-to-left" text_align="center" bg_color="#000000"][vc_column width="1/1"][vc_column_text css_animation="bottom-to-top" animation="animate-when-visible"]
<h1>The easy way to build a <strong>beautiful community </strong>website</h1>
[/vc_column_text][vc_column_text lead="yes" css_animation="right-to-left"]Beyond the simplicity there are lots of new things that are just waiting to be explored. We hand picked the best things from our extensive design and development toolkit to create an amazing theme.[/vc_column_text][kleo_gap size="30px"][kleo_divider type="long" position="center" icon="star-half-alt" icon_size="large"][/vc_column][/vc_row][vc_row inner_container="yes" section_type="alternate" bg_position="top" bg_repeat="no-repeat" bg_cover="true" bg_attachment="false" parallax_speed="0.1" padding_top="0" padding_bottom="0" min_height="0" border="none" css_animation="right-to-left"][vc_column width="1/1"][rev_slider_vc alias="home-simple"][/vc_column][/vc_row][vc_row inner_container="yes" section_type="alternate" bg_position="top" bg_repeat="no-repeat" bg_cover="true" bg_attachment="false" parallax_speed="0.1" padding_top="20" min_height="0" border="none" css_animation="right-to-left" text_align="center" padding_bottom="0" bg_color="#367bb7"][vc_column width="1/1"][kleo_divider type="long" position="center" text="Join us today and share the same experience with the most happiest users worldwide." style="display:inline-block;"][/vc_column][/vc_row][vc_row inner_container="yes" section_type="alternate" bg_position="top" bg_repeat="no-repeat" bg_cover="true" bg_attachment="false" parallax_speed="0.1" padding_top="30" padding_bottom="40" min_height="0" border="bottom" css_animation="right-to-left" bg_color="#367bb7" text_align="center"][vc_column width="1/3"][/vc_column][vc_column width="1/3" el_class="text-center"][kleo_pin type="circle" top="-10px" right="-20px" tooltip="popover" tooltip_position="top" tooltip_title="Feature Highlight" tooltip_text="You can place pins everywhere on your page to heighlight a section or an object" tooltip_action="hover" animation="animate-when-almost-visible" css_animation="right-to-left"][kleo_bp_members_grid type="newest" number="6" perline="six" animation="appear" class="rounded"][/vc_column][vc_column width="1/3"][/vc_column][/vc_row][vc_row inner_container="yes" section_type="main" bg_position="top" bg_repeat="no-repeat" bg_cover="true" bg_attachment="false" parallax_speed="0.1" padding_top="80" min_height="0" border="none" css_animation="right-to-left"][vc_column width="1/1"][kleo_grid type="3" animation="yes"][kleo_feature_item title="EXTREMELY FLEXIBLE" icon="popup" icon_size="default"]You no longer need to be a professional developer or designer to create an awesome website. Let your imagination run wild and create the site of your dreams. KLEO has all the tools to get you started.[/kleo_feature_item][kleo_feature_item title="DRAG &amp; DROP PAGE BUILDER" icon="equalizer" icon_size="default"]No coding required in building a professional website. Included as a plugin, K Elements provide unique elements to create awesome pages.[/kleo_feature_item][kleo_feature_item title="OUTSTANDING SUPPORT" icon="umbrella" icon_size="default"]Join our happy community, get help and start learning new things. Also we’re constantly improving and adding new features. You get all the new versions for FREE life-time.[/kleo_feature_item][/kleo_grid][/vc_column][/vc_row][vc_row inner_container="yes" text_align="center" section_type="main" bg_position="top" bg_repeat="no-repeat" bg_cover="true" bg_attachment="false" parallax_speed="0.1" padding_top="40" padding_bottom="80" min_height="0" border="none" css_animation="right-to-left"][vc_column width="1/1"][kleo_button title="View all features" style="default" size="lg" tooltip_position="left" tooltip_action="hover"][/vc_column][/vc_row][vc_row inner_container="yes" section_type="main" bg_position="top" bg_repeat="no-repeat" bg_cover="true" bg_attachment="false" parallax_speed="0.1" padding_top="0" padding_bottom="80" min_height="0" border="none" css_animation="right-to-left" text_align="center"][vc_column width="1/1"][kleo_divider type="full" position="center" text="Kleo is trusted by 73,000+ clients and companies worldwide"][kleo_gap size="30px"][kleo_clients animated="yes" animation="fade" number="5"][/vc_column][/vc_row]]]></content:encoded>
		<excerpt:encoded><![CDATA[]]></excerpt:encoded>
		<wp:post_id>8</wp:post_id>
		<wp:post_date><![CDATA[2014-02-02 10:01:06]]></wp:post_date>
		<wp:post_date_gmt><![CDATA[2014-02-02 10:01:06]]></wp:post_date_gmt>
		<wp:comment_status><![CDATA[open]]></wp:comment_status>
		<wp:ping_status><![CDATA[closed]]></wp:ping_status>
		<wp:post_name><![CDATA[home-simple]]></wp:post_name>
		<wp:status><![CDATA[publish]]></wp:status>
		<wp:post_parent>0</wp:post_parent>
		<wp:menu_order>0</wp:menu_order>
		<wp:post_type><![CDATA[page]]></wp:post_type>
		<wp:post_password><![CDATA[]]></wp:post_password>
		<wp:is_sticky>0</wp:is_sticky>
		<wp:postmeta>
			<wp:meta_key><![CDATA[_edit_last]]></wp:meta_key>
			<wp:meta_value><![CDATA[1]]></wp:meta_value>
		</wp:postmeta>
		<wp:postmeta>
			<wp:meta_key><![CDATA[_wp_page_template]]></wp:meta_key>
			<wp:meta_value><![CDATA[page-templates/full-width.php]]></wp:meta_value>
		</wp:postmeta>
		<wp:postmeta>
			<wp:meta_key><![CDATA[_wpb_vc_js_status]]></wp:meta_key>
			<wp:meta_value><![CDATA[false]]></wp:meta_value>
		</wp:postmeta>
		<wp:postmeta>
			<wp:meta_key><![CDATA[_wpb_vc_js_interface_version]]></wp:meta_key>
			<wp:meta_value><![CDATA[2]]></wp:meta_value>
		</wp:postmeta>
		<wp:postmeta>
			<wp:meta_key><![CDATA[_kleo_topbar_status]]></wp:meta_key>
			<wp:meta_value><![CDATA[0]]></wp:meta_value>
		</wp:postmeta>
		<wp:postmeta>
			<wp:meta_key><![CDATA[_kleo_title_checkbox]]></wp:meta_key>
			<wp:meta_value><![CDATA[1]]></wp:meta_value>
		</wp:postmeta>
		<wp:postmeta>
			<wp:meta_key><![CDATA[_kleo_hide_breadcrumb]]></wp:meta_key>
			<wp:meta_value><![CDATA[1]]></wp:meta_value>
		</wp:postmeta>
		<wp:postmeta>
			<wp:meta_key><![CDATA[_kleo_hide_info]]></wp:meta_key>
			<wp:meta_value><![CDATA[1]]></wp:meta_value>
		</wp:postmeta>
		<wp:postmeta>
			<wp:meta_key><![CDATA[_vc_post_settings]]></wp:meta_key>
			<wp:meta_value><![CDATA[a:1:{s:10:"vc_grid_id";a:0:{}}]]></wp:meta_value>
		</wp:postmeta>
		<wp:postmeta>
			<wp:meta_key><![CDATA[_kleo_transparent_menu_color]]></wp:meta_key>
			<wp:meta_value><![CDATA[white]]></wp:meta_value>
		</wp:postmeta>
		<wp:postmeta>
			<wp:meta_key><![CDATA[sq_base]]></wp:meta_key>
			<wp:meta_value><![CDATA[https://seventhqueen.com/demo/kleo/wp-content/uploads]]></wp:meta_value>
		</wp:postmeta>
		<wp:postmeta>
			<wp:meta_key><![CDATA[sq_import]]></wp:meta_key>
			<wp:meta_value><![CDATA[1]]></wp:meta_value>
		</wp:postmeta>
		<wp:postmeta>
			<wp:meta_key><![CDATA[sq_domain]]></wp:meta_key>
			<wp:meta_value><![CDATA[https://seventhqueen.com/demo/kleo]]></wp:meta_value>
		</wp:postmeta>
		<wp:postmeta>
			<wp:meta_key><![CDATA[sq_attach]]></wp:meta_key>
			<wp:meta_value><![CDATA[a:1:{i:452;s:79:"https://seventhqueen.com/demo/kleo/wp-content/uploads/2014/02/responsive_01.png";}]]></wp:meta_value>
		</wp:postmeta>
	</item>
</channel>
</rss>
