<?xml version="1.0" encoding="UTF-8" ?>
    <!-- This is a WordPress eXtended RSS file generated by WordPress as an export of your site. -->
    <!-- It contains information about your site's posts, pages, comments, categories, and other content. -->
    <!-- You may use this file to transfer that content from one site to another. -->
    <!-- This file is not intended to serve as a complete backup of your site. -->

    <!-- To import this information into a WordPress site follow these steps: -->
    <!-- 1. Log in to that site as an administrator. -->
    <!-- 2. Go to Tools: Import in the WordPress admin panel. -->
    <!-- 3. Install the "WordPress" importer from the list. -->
    <!-- 4. Activate & Run Importer. -->
    <!-- 5. Upload this file using the form provided on that page. -->
    <!-- 6. You will first be asked to map the authors in this export file to users -->
    <!--    on the site. For each author, you may choose to map to an -->
    <!--    existing user on the site or to create a new user. -->
    <!-- 7. WordPress will then import each of the posts, pages, comments, categories, etc. -->
    <!--    contained in this file into your site. -->

    <!-- generator="WordPress/4.4.2" created="2016-02-20 14:59" -->
    <rss version="2.0"
         xmlns:excerpt="http://wordpress.org/export/1.2/excerpt/"
         xmlns:content="http://purl.org/rss/1.0/modules/content/"
         xmlns:wfw="http://wellformedweb.org/CommentAPI/"
         xmlns:dc="http://purl.org/dc/elements/1.1/"
         xmlns:wp="http://wordpress.org/export/1.2/"
         >

        <channel>
            <title>Kleo Template</title>
            <link>http://seventhqueen.com/themes/kleo</link>
            <description>Wordpress Premium Theme</description>
            <pubDate>Sat, 20 Feb 2016 14:59:30 +0000</pubDate>
            <language>en-US</language>
            <wp:wxr_version>1.2</wp:wxr_version>
            <wp:base_site_url>http://seventhqueen.com/themes/kleo/</wp:base_site_url>
            <wp:base_blog_url>http://seventhqueen.com/themes/kleo</wp:base_blog_url>

            	<wp:author><wp:author_id>1</wp:author_id><wp:author_login>kleoadmin</wp:author_login><wp:author_email>themesupport@seventhqueen.com</wp:author_email><wp:author_display_name><![CDATA[Jonathan Doe]]></wp:author_display_name><wp:author_first_name><![CDATA[Jonathan]]></wp:author_first_name><wp:author_last_name><![CDATA[Doe]]></wp:author_last_name></wp:author>                               
            <generator>https://wordpress.org/?v=4.4.2</generator>
    <item>
        <title>Home Register</title>
        <link>https://seventhqueen.com/themes/kleo/home-register/</link>
        <pubDate>Tue, 02 Feb 2016 13:32:45 +0000</pubDate>
        <dc:creator><![CDATA[exporter]]></dc:creator>
        <guid isPermaLink="false">http://seventhqueen.com/themes/kleo/?page_id=9468</guid>
        <description></description>
        <content:encoded><![CDATA[[vc_row full_height="yes" type="image" bg_position_horizontal="right" bg_image="9469"][vc_column][vc_row_inner][vc_column_inner][vc_custom_heading text="BECOME OUR FRIEND" font_container="tag:h1|text_align:center|color:%23000000" use_theme_fonts="yes" letter_spacing="" css=".vc_custom_1454414058125{padding-bottom: 10px !important;}"][vc_column_text lead="yes" text_color="#000000" letter_spacing=""]
<p style="text-align: center;">These are the most important aspects of joining our network, always free and absolutely secure.</p>
[/vc_column_text][kleo_gap size="40px"][/vc_column_inner][/vc_row_inner][vc_row_inner equal_height="yes" content_placement="middle" css=".vc_custom_1454435895956{padding-top: 40px !important;padding-right: 30px !important;padding-bottom: 40px !important;padding-left: 30px !important;background-color: rgba(255,255,255,0.2) !important;background-position: center !important;background-repeat: no-repeat !important;background-size: cover !important;*background-color: rgb(255,255,255) !important;}"][vc_column_inner width="1/2" css=".vc_custom_1454435948248{border-right-width: 2px !important;padding-right: 30px !important;padding-left: 30px !important;border-right-color: rgba(255,255,255,0.4) !important;border-right-style: solid !important;}"][kleo_gap size="40px"][kleo_grid animation="yes"][kleo_feature_item icon="users-1" icon_color="rgba(255,255,255,0.75)"]<span style="color: #555555;">Connect with awesome new people in the newest playground of musicians and various other type of artists. Find new talents or meet your favourites.</span>[/kleo_feature_item][kleo_feature_item icon="megaphone-1" icon_color="rgba(255,255,255,0.75)"]<span style="color: #555555;">Keep track of all events near you and see what events your friends are attending. You can easily buy tickets online and reserve your spot at your favourite events.</span>[/kleo_feature_item][kleo_feature_item icon="lock" icon_color="rgba(255,255,255,0.75)"]<span style="color: #555555;">Extremely secure, you are always the one who decides what you do with your data, you can completely delete your account at any point, without any restrictions.</span>[/kleo_feature_item][/kleo_grid][/vc_column_inner][vc_column_inner width="1/2" css=".vc_custom_1454435981862{padding-right: 30px !important;padding-left: 40px !important;}"][kleo_gap size="40px"][kleo_magic_container text_center="yes"][kleo_button title="Already a member? Please LOGIN here." style="link" icon="lock" uppercase="yes" letter_spacing="" el_class="kleo-show-login"][/kleo_magic_container][kleo_gap][kleo_register register_title="Register now" input_size="large" show_for_users="yes" bp_plugins_hook="no"][vc_column_text text_color="#ffffff" font_size="90%" letter_spacing="" css=".vc_custom_1455977304178{padding-top: 30px !important;}"]By registering you are agreeing with the <a href="#">Terms</a> and the <a href="#">Privacy Statement</a>.[/vc_column_text][/vc_column_inner][/vc_row_inner][vc_row_inner][vc_column_inner][kleo_gap size="40px"][vc_column_text text_color="#ffffff" letter_spacing=""]
<p style="text-align: center;">Faced a problem? No worries – our premium class customer support service
is always ready to help you.</p>
[/vc_column_text][/vc_column_inner][/vc_row_inner][/vc_column][/vc_row][vc_row front_status="draft"][vc_column][kleo_magic_container float="left"][kleo_gap size="5px"][vc_custom_heading text="REGISTER NOW" font_container="tag:h3|text_align:left|color:%23000000" use_theme_fonts="yes" letter_spacing=""][/kleo_magic_container][vc_column_text lead="yes" text_color="#000000" letter_spacing=""]Connect with friends and people from around the world. Our service is free of charge and we promise we'll never sell your data, your privacy is extremely important for us.[/vc_column_text][/vc_column][/vc_row]]]></content:encoded>
        <excerpt:encoded><![CDATA[]]></excerpt:encoded>
        <wp:post_id>9468</wp:post_id>
        <wp:post_date><![CDATA[2016-02-02 15:32:45]]></wp:post_date>
        <wp:post_date_gmt><![CDATA[2016-02-02 13:32:45]]></wp:post_date_gmt>
        <wp:comment_status><![CDATA[closed]]></wp:comment_status>
        <wp:ping_status><![CDATA[closed]]></wp:ping_status>
        <wp:post_name><![CDATA[home-register]]></wp:post_name>
        <wp:status><![CDATA[publish]]></wp:status>
        <wp:post_parent>0</wp:post_parent>
        <wp:menu_order>0</wp:menu_order>
        <wp:post_type><![CDATA[page]]></wp:post_type>
        <wp:post_password><![CDATA[]]></wp:post_password>
        <wp:is_sticky>0</wp:is_sticky>
        <wp:postmeta>
            <wp:meta_key><![CDATA[_vc_post_settings]]></wp:meta_key>
            <wp:meta_value><![CDATA[a:1:{s:10:"vc_grid_id";a:0:{}}]]></wp:meta_value>
        </wp:postmeta>
        <wp:postmeta>
            <wp:meta_key><![CDATA[_edit_last]]></wp:meta_key>
            <wp:meta_value><![CDATA[1]]></wp:meta_value>
        </wp:postmeta>
        <wp:postmeta>
            <wp:meta_key><![CDATA[_wp_page_template]]></wp:meta_key>
            <wp:meta_value><![CDATA[page-templates/full-width.php]]></wp:meta_value>
        </wp:postmeta>
        <wp:postmeta>
            <wp:meta_key><![CDATA[slide_template]]></wp:meta_key>
            <wp:meta_value><![CDATA[default]]></wp:meta_value>
        </wp:postmeta>
        <wp:postmeta>
            <wp:meta_key><![CDATA[_wpb_vc_js_status]]></wp:meta_key>
            <wp:meta_value><![CDATA[false]]></wp:meta_value>
        </wp:postmeta>
        <wp:postmeta>
            <wp:meta_key><![CDATA[_wpb_shortcodes_custom_css]]></wp:meta_key>
            <wp:meta_value><![CDATA[.vc_custom_1454435895956{padding-top: 40px !important;padding-right: 30px !important;padding-bottom: 40px !important;padding-left: 30px !important;background-color: rgba(255,255,255,0.2) !important;background-position: center !important;background-repeat: no-repeat !important;background-size: cover !important;*background-color: rgb(255,255,255) !important;}.vc_custom_1454414058125{padding-bottom: 10px !important;}.vc_custom_1454435948248{border-right-width: 2px !important;padding-right: 30px !important;padding-left: 30px !important;border-right-color: rgba(255,255,255,0.4) !important;border-right-style: solid !important;}.vc_custom_1454435981862{padding-right: 30px !important;padding-left: 40px !important;}.vc_custom_1455977304178{padding-top: 30px !important;}]]></wp:meta_value>
        </wp:postmeta>
        <wp:postmeta>
            <wp:meta_key><![CDATA[_kleo_hide_footer]]></wp:meta_key>
            <wp:meta_value><![CDATA[1]]></wp:meta_value>
        </wp:postmeta>
        <wp:postmeta>
            <wp:meta_key><![CDATA[_kleo_hide_socket]]></wp:meta_key>
            <wp:meta_value><![CDATA[1]]></wp:meta_value>
        </wp:postmeta>
        <wp:postmeta>
            <wp:meta_key><![CDATA[_kleo_transparent_menu]]></wp:meta_key>
            <wp:meta_value><![CDATA[1]]></wp:meta_value>
        </wp:postmeta>
        <wp:postmeta>
            <wp:meta_key><![CDATA[_kleo_title_checkbox]]></wp:meta_key>
            <wp:meta_value><![CDATA[1]]></wp:meta_value>
        </wp:postmeta>
        <wp:postmeta>
            <wp:meta_key><![CDATA[_kleo_hide_breadcrumb]]></wp:meta_key>
            <wp:meta_value><![CDATA[1]]></wp:meta_value>
        </wp:postmeta>
        <wp:postmeta>
            <wp:meta_key><![CDATA[_kleo_hide_info]]></wp:meta_key>
            <wp:meta_value><![CDATA[1]]></wp:meta_value>
        </wp:postmeta>
        <wp:postmeta>
            <wp:meta_key><![CDATA[_kleo_transparent_menu_color]]></wp:meta_key>
            <wp:meta_value><![CDATA[white]]></wp:meta_value>
        </wp:postmeta>
        <wp:postmeta>
            <wp:meta_key><![CDATA[_kleo_blog_social_share]]></wp:meta_key>
            <wp:meta_value><![CDATA[0]]></wp:meta_value>
        </wp:postmeta>
        <wp:postmeta>
            <wp:meta_key><![CDATA[_kleo_topbar_status]]></wp:meta_key>
            <wp:meta_value><![CDATA[0]]></wp:meta_value>
        </wp:postmeta>
        <wp:postmeta>
            <wp:meta_key><![CDATA[_item_likes]]></wp:meta_key>
            <wp:meta_value><![CDATA[1]]></wp:meta_value>
        </wp:postmeta>
        <wp:postmeta>
            <wp:meta_key><![CDATA[_kleo_hide_shop_icon]]></wp:meta_key>
            <wp:meta_value><![CDATA[1]]></wp:meta_value>
        </wp:postmeta>
        <wp:postmeta>
            <wp:meta_key><![CDATA[_kleo_hide_search_icon]]></wp:meta_key>
            <wp:meta_value><![CDATA[1]]></wp:meta_value>
        </wp:postmeta>
        <wp:postmeta>
            <wp:meta_key><![CDATA[sq_base]]></wp:meta_key>
            <wp:meta_value><![CDATA[https://seventhqueen.com/themes/kleo/wp-content/uploads]]></wp:meta_value>
        </wp:postmeta>
        <wp:postmeta>
            <wp:meta_key><![CDATA[sq_import]]></wp:meta_key>
            <wp:meta_value><![CDATA[1]]></wp:meta_value>
        </wp:postmeta>
        <wp:postmeta>
            <wp:meta_key><![CDATA[sq_domain]]></wp:meta_key>
            <wp:meta_value><![CDATA[https://seventhqueen.com/themes/kleo]]></wp:meta_value>
        </wp:postmeta>
        <wp:postmeta>
            <wp:meta_key><![CDATA[sq_img_data]]></wp:meta_key>
            <wp:meta_value><![CDATA[a:1:{i:9469;s:84:"http://seventhqueen.com/themes/kleo/wp-content/uploads/2016/02/free_of_the_month.jpg";}]]></wp:meta_value>
        </wp:postmeta>
        <wp:postmeta>
            <wp:meta_key><![CDATA[sq_attach]]></wp:meta_key>
            <wp:meta_value><![CDATA[a:1:{i:9469;s:84:"http://seventhqueen.com/themes/kleo/wp-content/uploads/2016/02/free_of_the_month.jpg";}]]></wp:meta_value>
        </wp:postmeta>
    </item>
        </channel>
    </rss>
    