<?xml version="1.0" encoding="UTF-8" ?>
<!-- This is a WordPress eXtended RSS file generated by WordPress as an export of your site. -->
<!-- It contains information about your site's posts, pages, comments, categories, and other content. -->
<!-- You may use this file to transfer that content from one site to another. -->
<!-- This file is not intended to serve as a complete backup of your site. -->

<!-- To import this information into a WordPress site follow these steps: -->
<!-- 1. Log in to that site as an administrator. -->
<!-- 2. Go to Tools: Import in the WordPress admin panel. -->
<!-- 3. Install the "WordPress" importer from the list. -->
<!-- 4. Activate & Run Importer. -->
<!-- 5. Upload this file using the form provided on that page. -->
<!-- 6. You will first be asked to map the authors in this export file to users -->
<!--    on the site. For each author, you may choose to map to an -->
<!--    existing user on the site or to create a new user. -->
<!-- 7. WordPress will then import each of the posts, pages, comments, categories, etc. -->
<!--    contained in this file into your site. -->

<!-- generator="WordPress/4.7.3" created="2017-03-09 16:49" -->
<rss version="2.0"
    xmlns:excerpt="http://wordpress.org/export/1.2/excerpt/"
    xmlns:content="http://purl.org/rss/1.0/modules/content/"
    xmlns:wfw="http://wellformedweb.org/CommentAPI/"
    xmlns:dc="http://purl.org/dc/elements/1.1/"
    xmlns:wp="http://wordpress.org/export/1.2/"
>

<channel>
    <title>KLEO Template</title>
    <link>https://seventhqueen.com/demo/kleo</link>
    <description>Wordpress Premium Template</description>
    <pubDate>Thu, 09 Mar 2017 16:49:10 +0000</pubDate>
    <language>en-US</language>
    <wp:wxr_version>1.2</wp:wxr_version>
    <wp:base_site_url>https://seventhqueen.com/demo/kleo</wp:base_site_url>
    <wp:base_blog_url>https://seventhqueen.com/demo/kleo</wp:base_blog_url>

    <wp:author><wp:author_id>3</wp:author_id><wp:author_login><![CDATA[exporter]]></wp:author_login><wp:author_email><![CDATA[exporter@7thqueen.com]]></wp:author_email><wp:author_display_name><![CDATA[exporter]]></wp:author_display_name><wp:author_first_name><![CDATA[]]></wp:author_first_name><wp:author_last_name><![CDATA[]]></wp:author_last_name></wp:author>


    <generator>https://wordpress.org/?v=4.7.3</generator>

    <item>
        <title>Home Resume</title>
        <link>https://seventhqueen.com/demo/kleo/home-resume/</link>
        <pubDate>Thu, 14 May 2015 09:10:09 +0000</pubDate>
        <dc:creator><![CDATA[exporter]]></dc:creator>
        <guid isPermaLink="false">http://seventhqueen.com/themes/kleo/?page_id=6349</guid>
        <description></description>
        <content:encoded><![CDATA[[vc_row type="color" bg_color="#ffc107" vertical_align="yes" padding_top="100px" padding_bottom="0" parallax_image="32464"][vc_column][vc_row_inner][vc_column_inner width="1/2"][vc_custom_heading text="I CRAFT DIGITAL
DESIGNS AND
WEBSITES." font_container="tag:h2|font_size:92px|text_align:left|color:%23ffffff|line_height:94px" google_fonts="font_family:Oswald%3A300%2Cregular%2C700|font_style:700%20bold%20regular%3A700%3Anormal"][kleo_gap size="20px"][kleo_button title="View my profile" href="#hello" style="see-through" size="lg" el_class="kleo-scroll-to"][/vc_column_inner][vc_column_inner width="1/2"][vc_single_image image="6351" img_size="500x630" alignment="right" animation="animate-when-almost-visible" css_animation="bottom-to-top"][/vc_column_inner][/vc_row_inner][/vc_column][/vc_row][vc_row padding_top="120px" padding_bottom="120px" el_class="dark col"][vc_column][vc_row_inner][vc_column_inner width="1/2"][vc_custom_heading text="HELLO.
NICE TO
MEET YOU." font_container="tag:h2|font_size:92px|text_align:left|line_height:94px" google_fonts="font_family:Oswald%3A300%2Cregular%2C700|font_style:700%20bold%20regular%3A700%3Anormal"][kleo_gap size="40px"][/vc_column_inner][vc_column_inner width="1/2"][vc_custom_heading text="My name is John Doe. I am a Spanish Digital Designer &amp; Developer, focusing on Graphic Design and Web Design." font_container="tag:h3|font_size:34px|text_align:left|line_height:44px" google_fonts="font_family:Roboto%3A100%2C100italic%2C300%2C300italic%2Cregular%2Citalic%2C500%2C500italic%2C700%2C700italic%2C900%2C900italic|font_style:300%20light%20regular%3A300%3Anormal"][kleo_gap size="20px"][vc_column_text lead="yes"]I am currently working as a full time Graphic and Web
Designer at Lorem Ipsum - Perspiciatis, a small but
successful design agency in Spain.

Contrary to popular belief, Lorem Ipsum is not simply
random text. It has roots in a piece of classical Latin
literature from 45 BC, making it over 2000 years old.

You can follow me on <a href="#">Twitter</a>, stalk me on <a href="#">Dribbble</a>, listen to
me on <a href="#">SoundCloud</a> or just send me an Email.[/vc_column_text][kleo_button title="View selected work" style="see-through" size="lg"][/vc_column_inner][/vc_row_inner][/vc_column][/vc_row][vc_row section_type="alternate" type="color" padding_top="120px" padding_bottom="0" parallax_image="32464"][vc_column][vc_row_inner][vc_column_inner width="1/2"][vc_custom_heading text="DIGITAL
DESIGN SERIES." font_container="tag:h2|font_size:92px|text_align:left|color:%23000000|line_height:94px" google_fonts="font_family:Oswald%3A300%2Cregular%2C700|font_style:700%20bold%20regular%3A700%3Anormal"][kleo_gap size="40px"][vc_column_text lead="yes"]To go along with my design skills, my toolbox is filled with acronyms you might be afraid of such as HTML5, CSS3, jQuery and LESS. I love to see new standards appear and mature allowing the creation of new websites, each one more advanced and amazing than the previous.

Page loading speed, display performance, responsive layout and SEO optimizations are part of my job, I take these issues at heart from the very beginning.[/vc_column_text][kleo_gap size="40px"][/vc_column_inner][vc_column_inner width="1/2"][/vc_column_inner][/vc_row_inner][/vc_column][/vc_row][vc_row inner_container="no" section_type="alternate" padding_top="0" padding_bottom="0"][vc_column][vc_media_grid style="pagination" items_per_page="4" element_width="3" gap="0" arrows_design="vc_arrow-icon-arrow_05_left" arrows_color="white" paging_design="none" loop="yes" autoplay="10" item="mediaGrid_ScaleWithRotation" filter_size="md" include="6369,6366,6365,6363,6362,6361,6360,6359" paging_animation_in="none" grid_id="vc_gid:1489077850057-cab8de87-671c-1"][/vc_column][/vc_row][vc_row section_type="alternate" padding_top="120px" padding_bottom="0" parallax_image="32464"][vc_column][vc_row_inner][vc_column_inner width="1/2"][vc_custom_heading text="PIXEL PERFECT
WEBSITES." font_container="tag:h2|font_size:92px|text_align:left|line_height:94px" google_fonts="font_family:Oswald%3A300%2Cregular%2C700|font_style:700%20bold%20regular%3A700%3Anormal"][kleo_gap size="40px"][vc_column_text lead="yes"]To go along with my design skills, my toolbox is filled with acronyms you might be afraid of such as HTML5, CSS3, jQuery and LESS. I love to see new standards appear and mature allowing the creation of new websites, each one more advanced and amazing than the previous.

Page loading speed, display performance, responsive layout and SEO optimizations are part of my job, I take these issues at heart from the very beginning.[/vc_column_text][kleo_gap size="40px"][/vc_column_inner][vc_column_inner width="1/2"][/vc_column_inner][/vc_row_inner][/vc_column][/vc_row][vc_row section_type="alternate" padding_bottom="0"][vc_column][vc_single_image image="6390" img_size="large" alignment="center" el_class="img-full-width"][/vc_column][/vc_row][vc_row section_type="alternate" padding_top="0" padding_bottom="0"][vc_column][vc_images_carousel images="6399,7028" img_size="1024x400" onclick="link_no" autoplay="yes" hide_pagination_control="yes" scroll_fx="crossfade" animation="animate-when-almost-visible" min_items="1" max_items="1"][/vc_column][/vc_row][vc_row section_type="alternate" type="color" bg_color="#000000" padding_top="0"][vc_column][vc_single_image image="6391" img_size="large" alignment="center" el_class="img-full-width"][/vc_column][/vc_row][vc_row el_id="hello" type="color" bg_color="#000000" padding_top="120px" padding_bottom="120px"][vc_column width="1/2"][vc_custom_heading text="LET'S GET
TOGETHER." font_container="tag:h2|font_size:92px|text_align:left|color:%23ffffff|line_height:94px" google_fonts="font_family:Oswald%3A300%2Cregular%2C700|font_style:700%20bold%20regular%3A700%3Anormal"][kleo_gap size="40px"][vc_custom_heading text="Hit me up if you want to talk about your next project or if you just want to chat." font_container="tag:h3|font_size:34px|text_align:left|color:%23ffffff|line_height:44px" google_fonts="font_family:Roboto%3A100%2C100italic%2C300%2C300italic%2Cregular%2Citalic%2C500%2C500italic%2C700%2C700italic%2C900%2C900italic|font_style:400%20regular%3A400%3Anormal"][vc_column_text lead="yes"]If you like to learn more about my thoughts and motivations, you can add me on one or all of the following sites.[/vc_column_text][kleo_gap size="20px"][kleo_button title="Follow me on Twitter" href="#" style="see-through" size="lg" icon="twitter"][kleo_button title="Follow me on Facebook" href="#" style="see-through" size="lg" icon="facebook"][/vc_column][vc_column width="1/2"][/vc_column][/vc_row]]]></content:encoded>
        <excerpt:encoded><![CDATA[]]></excerpt:encoded>
        <wp:post_id>6349</wp:post_id>
        <wp:post_date><![CDATA[2015-05-14 09:10:09]]></wp:post_date>
        <wp:post_date_gmt><![CDATA[2015-05-14 09:10:09]]></wp:post_date_gmt>
        <wp:comment_status><![CDATA[open]]></wp:comment_status>
        <wp:ping_status><![CDATA[closed]]></wp:ping_status>
        <wp:post_name><![CDATA[home-resume]]></wp:post_name>
        <wp:status><![CDATA[publish]]></wp:status>
        <wp:post_parent>0</wp:post_parent>
        <wp:menu_order>0</wp:menu_order>
        <wp:post_type><![CDATA[page]]></wp:post_type>
        <wp:post_password><![CDATA[]]></wp:post_password>
        <wp:is_sticky>0</wp:is_sticky>
        <wp:postmeta>
            <wp:meta_key><![CDATA[_edit_last]]></wp:meta_key>
            <wp:meta_value><![CDATA[1]]></wp:meta_value>
        </wp:postmeta>
        <wp:postmeta>
            <wp:meta_key><![CDATA[_wp_page_template]]></wp:meta_key>
            <wp:meta_value><![CDATA[page-templates/full-width.php]]></wp:meta_value>
        </wp:postmeta>
        <wp:postmeta>
            <wp:meta_key><![CDATA[_wpb_vc_js_status]]></wp:meta_key>
            <wp:meta_value><![CDATA[true]]></wp:meta_value>
        </wp:postmeta>
        <wp:postmeta>
            <wp:meta_key><![CDATA[slide_template]]></wp:meta_key>
            <wp:meta_value><![CDATA[]]></wp:meta_value>
        </wp:postmeta>
        <wp:postmeta>
            <wp:meta_key><![CDATA[_kleo_transparent_menu_color]]></wp:meta_key>
            <wp:meta_value><![CDATA[white]]></wp:meta_value>
        </wp:postmeta>
        <wp:postmeta>
            <wp:meta_key><![CDATA[_kleo_hide_shop_icon]]></wp:meta_key>
            <wp:meta_value><![CDATA[1]]></wp:meta_value>
        </wp:postmeta>
        <wp:postmeta>
            <wp:meta_key><![CDATA[_kleo_hide_search_icon]]></wp:meta_key>
            <wp:meta_value><![CDATA[1]]></wp:meta_value>
        </wp:postmeta>
        <wp:postmeta>
            <wp:meta_key><![CDATA[_kleo_topbar_status]]></wp:meta_key>
            <wp:meta_value><![CDATA[0]]></wp:meta_value>
        </wp:postmeta>
        <wp:postmeta>
            <wp:meta_key><![CDATA[_kleo_transparent_menu]]></wp:meta_key>
            <wp:meta_value><![CDATA[1]]></wp:meta_value>
        </wp:postmeta>
        <wp:postmeta>
            <wp:meta_key><![CDATA[_kleo_title_checkbox]]></wp:meta_key>
            <wp:meta_value><![CDATA[1]]></wp:meta_value>
        </wp:postmeta>
        <wp:postmeta>
            <wp:meta_key><![CDATA[_kleo_hide_breadcrumb]]></wp:meta_key>
            <wp:meta_value><![CDATA[1]]></wp:meta_value>
        </wp:postmeta>
        <wp:postmeta>
            <wp:meta_key><![CDATA[_kleo_hide_info]]></wp:meta_key>
            <wp:meta_value><![CDATA[1]]></wp:meta_value>
        </wp:postmeta>
        <wp:postmeta>
            <wp:meta_key><![CDATA[_kleo_hide_footer]]></wp:meta_key>
            <wp:meta_value><![CDATA[1]]></wp:meta_value>
        </wp:postmeta>
        <wp:postmeta>
            <wp:meta_key><![CDATA[_thumbnail_id]]></wp:meta_key>
            <wp:meta_value><![CDATA[6351]]></wp:meta_value>
        </wp:postmeta>
        <wp:postmeta>
            <wp:meta_key><![CDATA[sq_import]]></wp:meta_key>
            <wp:meta_value><![CDATA[1]]></wp:meta_value>
        </wp:postmeta>
        <wp:postmeta>
            <wp:meta_key><![CDATA[sq_domain]]></wp:meta_key>
            <wp:meta_value><![CDATA[https://seventhqueen.com/demo/kleo]]></wp:meta_value>
        </wp:postmeta>
        <wp:postmeta>
            <wp:meta_key><![CDATA[sq_img_data]]></wp:meta_key>
            <wp:meta_value><![CDATA[a:5:{i:6351;s:70:"https://seventhqueen.com/demo/kleo/wp-content/uploads/2015/05/man1.jpg";s:39:"6369,6366,6365,6363,6362,6361,6360,6359";s:615:"https://seventhqueen.com/demo/kleo/wp-content/uploads/2015/05/cartoon_14.jpg,https://seventhqueen.com/demo/kleo/wp-content/uploads/2015/05/cartoon_11.jpg,https://seventhqueen.com/demo/kleo/wp-content/uploads/2015/05/cartoon_10.jpg,https://seventhqueen.com/demo/kleo/wp-content/uploads/2015/05/cartoon_08.jpg,https://seventhqueen.com/demo/kleo/wp-content/uploads/2015/05/cartoon_07.jpg,https://seventhqueen.com/demo/kleo/wp-content/uploads/2015/05/cartoon_06.jpg,https://seventhqueen.com/demo/kleo/wp-content/uploads/2015/05/cartoon_05.jpg,https://seventhqueen.com/demo/kleo/wp-content/uploads/2015/05/cartoon_04.jpg";i:6390;s:80:"https://seventhqueen.com/demo/kleo/wp-content/uploads/2015/05/imac_frame_top.png";s:9:"6399,7028";s:155:"https://seventhqueen.com/demo/kleo/wp-content/uploads/2015/05/web_slide_1.png,https://seventhqueen.com/demo/kleo/wp-content/uploads/2015/05/web_slide_2.png";i:6391;s:83:"https://seventhqueen.com/demo/kleo/wp-content/uploads/2015/05/imac_frame_bottom.png";}]]></wp:meta_value>
        </wp:postmeta>
        <wp:postmeta>
            <wp:meta_key><![CDATA[sq_attach]]></wp:meta_key>
            <wp:meta_value><![CDATA[a:17:{i:7028;s:77:"https://seventhqueen.com/demo/kleo/wp-content/uploads/2015/05/web_slide_2.png";i:6351;s:70:"https://seventhqueen.com/demo/kleo/wp-content/uploads/2015/05/man1.jpg";i:6357;s:76:"https://seventhqueen.com/demo/kleo/wp-content/uploads/2015/05/cartoon_17.jpg";i:6358;s:76:"https://seventhqueen.com/demo/kleo/wp-content/uploads/2015/05/cartoon_03.jpg";i:6359;s:76:"https://seventhqueen.com/demo/kleo/wp-content/uploads/2015/05/cartoon_04.jpg";i:6360;s:76:"https://seventhqueen.com/demo/kleo/wp-content/uploads/2015/05/cartoon_05.jpg";i:6361;s:76:"https://seventhqueen.com/demo/kleo/wp-content/uploads/2015/05/cartoon_06.jpg";i:6362;s:76:"https://seventhqueen.com/demo/kleo/wp-content/uploads/2015/05/cartoon_07.jpg";i:6363;s:76:"https://seventhqueen.com/demo/kleo/wp-content/uploads/2015/05/cartoon_08.jpg";i:6364;s:76:"https://seventhqueen.com/demo/kleo/wp-content/uploads/2015/05/cartoon_09.jpg";i:6365;s:76:"https://seventhqueen.com/demo/kleo/wp-content/uploads/2015/05/cartoon_10.jpg";i:6366;s:76:"https://seventhqueen.com/demo/kleo/wp-content/uploads/2015/05/cartoon_11.jpg";i:6369;s:76:"https://seventhqueen.com/demo/kleo/wp-content/uploads/2015/05/cartoon_14.jpg";i:6389;s:83:"https://seventhqueen.com/demo/kleo/wp-content/uploads/2015/05/imac_frame_middle.png";i:6390;s:80:"https://seventhqueen.com/demo/kleo/wp-content/uploads/2015/05/imac_frame_top.png";i:6391;s:83:"https://seventhqueen.com/demo/kleo/wp-content/uploads/2015/05/imac_frame_bottom.png";i:6399;s:77:"https://seventhqueen.com/demo/kleo/wp-content/uploads/2015/05/web_slide_1.png";}]]></wp:meta_value>
        </wp:postmeta>
        <wp:postmeta>
            <wp:meta_key><![CDATA[sq_base]]></wp:meta_key>
            <wp:meta_value><![CDATA[https://seventhqueen.com/demo/kleo/wp-content/uploads]]></wp:meta_value>
        </wp:postmeta>
    </item>
</channel>
</rss>
