<?xml version="1.0" encoding="UTF-8" ?>
    <!-- This is a WordPress eXtended RSS file generated by WordPress as an export of your site. -->
    <!-- It contains information about your site's posts, pages, comments, categories, and other content. -->
    <!-- You may use this file to transfer that content from one site to another. -->
    <!-- This file is not intended to serve as a complete backup of your site. -->

    <!-- To import this information into a WordPress site follow these steps: -->
    <!-- 1. Log in to that site as an administrator. -->
    <!-- 2. Go to Tools: Import in the WordPress admin panel. -->
    <!-- 3. Install the "WordPress" importer from the list. -->
    <!-- 4. Activate & Run Importer. -->
    <!-- 5. Upload this file using the form provided on that page. -->
    <!-- 6. You will first be asked to map the authors in this export file to users -->
    <!--    on the site. For each author, you may choose to map to an -->
    <!--    existing user on the site or to create a new user. -->
    <!-- 7. WordPress will then import each of the posts, pages, comments, categories, etc. -->
    <!--    contained in this file into your site. -->

    <!-- generator="WordPress/4.2.2" created="2015-06-16 13:57" -->
    <rss version="2.0"
         xmlns:excerpt="http://wordpress.org/export/1.2/excerpt/"
         xmlns:content="http://purl.org/rss/1.0/modules/content/"
         xmlns:wfw="http://wellformedweb.org/CommentAPI/"
         xmlns:dc="http://purl.org/dc/elements/1.1/"
         xmlns:wp="http://wordpress.org/export/1.2/"
         >

        <channel>
            <title>Business Directory</title>
            <link>http://seventhqueen.com/themes/kleo/business-directory</link>
            <description>WordPress Business directory theme</description>
            <pubDate>Tue, 16 Jun 2015 13:57:52 +0000</pubDate>
            <language>en-US</language>
            <wp:wxr_version>1.2</wp:wxr_version>
            <wp:base_site_url>http://seventhqueen.com/themes/kleo/</wp:base_site_url>
            <wp:base_blog_url>http://seventhqueen.com/themes/kleo/business-directory</wp:base_blog_url>

        	<wp:author><wp:author_id>1</wp:author_id><wp:author_login>kleoadmin</wp:author_login><wp:author_email>themesupport@seventhqueen.com</wp:author_email><wp:author_display_name><![CDATA[Jonathan Doe]]></wp:author_display_name><wp:author_first_name><![CDATA[Jonathan]]></wp:author_first_name><wp:author_last_name><![CDATA[Doe]]></wp:author_last_name></wp:author>
                     
            <generator>http://wordpress.org/?v=4.2.2</generator>
        <item>
        <title>Home Business Directory</title>
        <link>http://seventhqueen.com/themes/kleo/business-directory/</link>
        <pubDate>Fri, 22 May 2015 17:14:29 +0000</pubDate>
        <dc:creator><![CDATA[kleoadmin]]></dc:creator>
        <guid isPermaLink="false">http://seventhqueen.com/themes/kleo/business-directory/location/</guid>
        <description></description>
        <content:encoded><![CDATA[]]></content:encoded>
        <excerpt:encoded><![CDATA[]]></excerpt:encoded>
        <wp:post_id>7</wp:post_id>
        <wp:post_date><![CDATA[2015-05-22 17:14:29]]></wp:post_date>
        <wp:post_date_gmt><![CDATA[2015-05-22 17:14:29]]></wp:post_date_gmt>
        <wp:comment_status><![CDATA[closed]]></wp:comment_status>
        <wp:ping_status><![CDATA[closed]]></wp:ping_status>
        <wp:post_name><![CDATA[directory]]></wp:post_name>
        <wp:status><![CDATA[publish]]></wp:status>
        <wp:post_parent>0</wp:post_parent>
        <wp:menu_order>0</wp:menu_order>
        <wp:post_type><![CDATA[page]]></wp:post_type>
        <wp:post_password><![CDATA[]]></wp:post_password>
        <wp:is_sticky>0</wp:is_sticky>
        <wp:postmeta>
            <wp:meta_key><![CDATA[_edit_last]]></wp:meta_key>
            <wp:meta_value><![CDATA[1]]></wp:meta_value>
        </wp:postmeta>
        <wp:postmeta>
            <wp:meta_key><![CDATA[_wpb_vc_js_status]]></wp:meta_key>
            <wp:meta_value><![CDATA[false]]></wp:meta_value>
        </wp:postmeta>
        <wp:postmeta>
            <wp:meta_key><![CDATA[_kleo_title_checkbox]]></wp:meta_key>
            <wp:meta_value><![CDATA[1]]></wp:meta_value>
        </wp:postmeta>
        <wp:postmeta>
            <wp:meta_key><![CDATA[_kleo_hide_breadcrumb]]></wp:meta_key>
            <wp:meta_value><![CDATA[1]]></wp:meta_value>
        </wp:postmeta>
        <wp:postmeta>
            <wp:meta_key><![CDATA[_kleo_hide_info]]></wp:meta_key>
            <wp:meta_value><![CDATA[1]]></wp:meta_value>
        </wp:postmeta>
        <wp:postmeta>
            <wp:meta_key><![CDATA[_kleo_transparent_menu_color]]></wp:meta_key>
            <wp:meta_value><![CDATA[white]]></wp:meta_value>
        </wp:postmeta>
        <wp:postmeta>
            <wp:meta_key><![CDATA[_kleo_title_bg]]></wp:meta_key>
            <wp:meta_value><![CDATA[a:5:{s:3:"url";s:0:"";s:6:"repeat";s:6:"repeat";s:4:"size";s:7:"inherit";s:10:"attachment";s:6:"scroll";s:8:"position";s:8:"left top";}]]></wp:meta_value>
        </wp:postmeta>
        <wp:postmeta>
            <wp:meta_key><![CDATA[_kleo_header_content]]></wp:meta_key>
            <wp:meta_value><![CDATA[[gd_homepage_map width=100% height=600px maptype=roadmap zoom=1 autozoom=true  child_collapse=true scrollwheel=false marker_cluster=1 ]]]></wp:meta_value>
        </wp:postmeta>
        <wp:postmeta>
            <wp:meta_key><![CDATA[sq_base]]></wp:meta_key>
            <wp:meta_value><![CDATA[https://seventhqueen.com/themes/kleo/business-directory/wp-content/uploads/sites/4]]></wp:meta_value>
        </wp:postmeta>
        <wp:postmeta>
            <wp:meta_key><![CDATA[sq_import]]></wp:meta_key>
            <wp:meta_value><![CDATA[1]]></wp:meta_value>
        </wp:postmeta>
        <wp:postmeta>
            <wp:meta_key><![CDATA[sq_domain]]></wp:meta_key>
            <wp:meta_value><![CDATA[https://seventhqueen.com/themes/kleo/business-directory]]></wp:meta_value>
        </wp:postmeta>
    </item>
                                </channel>
    </rss>
    