<?xml version="1.0" encoding="UTF-8" ?>
<!-- This is a WordPress eXtended RSS file generated by WordPress as an export of your site. -->
<!-- It contains information about your site's posts, pages, comments, categories, and other content. -->
<!-- You may use this file to transfer that content from one site to another. -->
<!-- This file is not intended to serve as a complete backup of your site. -->

<!-- To import this information into a WordPress site follow these steps: -->
<!-- 1. Log in to that site as an administrator. -->
<!-- 2. Go to Tools: Import in the WordPress admin panel. -->
<!-- 3. Install the "WordPress" importer from the list. -->
<!-- 4. Activate & Run Importer. -->
<!-- 5. Upload this file using the form provided on that page. -->
<!-- 6. You will first be asked to map the authors in this export file to users -->
<!--    on the site. For each author, you may choose to map to an -->
<!--    existing user on the site or to create a new user. -->
<!-- 7. WordPress will then import each of the posts, pages, comments, categories, etc. -->
<!--    contained in this file into your site. -->

<!-- generator="WordPress/4.0" created="2014-11-13 14:53" -->
<rss version="2.0"
	xmlns:excerpt="http://wordpress.org/export/1.2/excerpt/"
	xmlns:content="http://purl.org/rss/1.0/modules/content/"
	xmlns:wfw="http://wellformedweb.org/CommentAPI/"
	xmlns:dc="http://purl.org/dc/elements/1.1/"
	xmlns:wp="http://wordpress.org/export/1.2/"
>

<channel>
	<title>KLEO Template</title>
	<link>http://seventhqueen.com/demo/kleo</link>
	<description>Wordpress Premium Template</description>
	<pubDate>Thu, 13 Nov 2014 14:53:25 +0000</pubDate>
	<language>en-US</language>
	<wp:wxr_version>1.2</wp:wxr_version>
	<wp:base_site_url>http://seventhqueen.com/demo/kleo</wp:base_site_url>
	<wp:base_blog_url>http://seventhqueen.com/demo/kleo</wp:base_blog_url>

	<wp:author><wp:author_id>1</wp:author_id><wp:author_login>admin</wp:author_login><wp:author_email>demo@seventhqueen.com</wp:author_email><wp:author_display_name><![CDATA[admin]]></wp:author_display_name><wp:author_first_name><![CDATA[]]></wp:author_first_name><wp:author_last_name><![CDATA[]]></wp:author_last_name></wp:author>


	<generator>http://wordpress.org/?v=4.0</generator>

	<item>
				<title>No Breadcrumb Page</title>
		<link>http://seventhqueen.com/demo/kleo/no-breadcrumb-page/</link>
		<pubDate>Sat, 08 Feb 2014 18:21:41 +0000</pubDate>
		<dc:creator><![CDATA[admin]]></dc:creator>
		<guid isPermaLink="false">http://seventhqueen.com/themes/kleo/?page_id=516</guid>
		<description></description>
		<content:encoded><![CDATA[<div id="lipsum">

Lorem ipsum dolor sit amet, consectetur adipiscing elit. Curabitur dictum auctor ligula sed aliquet. Sed malesuada gravida nunc luctus lobortis. Morbi a auctor lectus, sed suscipit nibh. Duis dictum et ipsum nec porttitor. Nam tincidunt interdum ante id vehicula. In feugiat, metus et posuere rutrum, ligula nunc mattis sem, adipiscing suscipit dolor dui eget ipsum. Morbi dolor turpis, convallis non rutrum sed, tempus ut lorem. Fusce eleifend in justo ut pellentesque. Phasellus tincidunt urna in tellus lacinia elementum.

Vestibulum dignissim velit tellus, vel eleifend felis venenatis et. Vivamus ac lacus pretium, lacinia neque non, suscipit massa. Morbi ullamcorper, nulla id bibendum condimentum, nibh libero commodo elit, nec sodales nibh sem nec erat. Morbi odio tellus, euismod eget tortor vitae, convallis porttitor lacus. Praesent imperdiet et sapien vulputate egestas. Proin at viverra purus. Nunc eleifend quam a mi consequat luctus. Nullam commodo et arcu ut dictum.
<blockquote>Vestibulum consectetur euismod dui, a porta augue pulvinar non. Ut ut purus eros. Aenean vel mauris quis lectus congue varius. Aliquam vitae libero vel nunc accumsan lobortis mollis et ligula. Aenean facilisis lobortis ornare. Aliquam consequat molestie nisl nec accumsan. Praesent orci dolor, ullamcorper at placerat vel, ultricies ut ante. Donec lacinia felis a felis interdum, a ultrices augue tincidunt. Integer posuere augue neque, id euismod mauris dictum a. Curabitur nec ante erat. Cras eleifend hendrerit bibendum. Quisque nec posuere neque, sed eleifend risus. Proin tincidunt sed tellus eu dapibus. Fusce molestie tellus sed pellentesque hendrerit. Nam eu rutrum lorem.</blockquote>
Nunc lobortis, nisl ut tristique rhoncus, urna diam commodo leo, non rhoncus urna eros nec ipsum. Morbi iaculis tortor a augue pulvinar, et congue elit porttitor. Sed aliquet rutrum augue, sit amet rhoncus ligula consequat at. Pellentesque at dui porttitor, dictum mi gravida, facilisis felis. Sed consequat urna vitae elit dapibus, in aliquet dolor luctus. Vivamus ultrices risus nec purus feugiat, a blandit est sollicitudin. Praesent ullamcorper ornare urna at imperdiet.

Nullam aliquet pulvinar hendrerit. Praesent aliquam erat eu felis adipiscing congue. Maecenas quis enim eleifend, varius dui vel, auctor augue. Suspendisse sed fermentum nisi. Mauris sit amet lectus eget felis pellentesque vehicula. Nam porttitor auctor lorem at vulputate. Ut congue sagittis nulla eu pharetra.

</div>]]></content:encoded>
		<excerpt:encoded><![CDATA[]]></excerpt:encoded>
		<wp:post_id>516</wp:post_id>
		<wp:post_date>2014-02-08 18:21:41</wp:post_date>
		<wp:post_date_gmt>2014-02-08 18:21:41</wp:post_date_gmt>
		<wp:comment_status>open</wp:comment_status>
		<wp:ping_status>open</wp:ping_status>
		<wp:post_name>no-breadcrumb-page</wp:post_name>
		<wp:status>publish</wp:status>
		<wp:post_parent>0</wp:post_parent>
		<wp:menu_order>0</wp:menu_order>
		<wp:post_type>page</wp:post_type>
		<wp:post_password></wp:post_password>
		<wp:is_sticky>0</wp:is_sticky>
		<wp:postmeta>
			<wp:meta_key>_edit_last</wp:meta_key>
			<wp:meta_value><![CDATA[1]]></wp:meta_value>
		</wp:postmeta>
		<wp:postmeta>
			<wp:meta_key>_wp_page_template</wp:meta_key>
			<wp:meta_value><![CDATA[default]]></wp:meta_value>
		</wp:postmeta>
		<wp:postmeta>
			<wp:meta_key>_wpb_vc_js_status</wp:meta_key>
			<wp:meta_value><![CDATA[false]]></wp:meta_value>
		</wp:postmeta>
		<wp:postmeta>
			<wp:meta_key>_wpb_vc_js_interface_version</wp:meta_key>
			<wp:meta_value><![CDATA[2]]></wp:meta_value>
		</wp:postmeta>
		<wp:postmeta>
			<wp:meta_key>slide_template</wp:meta_key>
			<wp:meta_value><![CDATA[]]></wp:meta_value>
		</wp:postmeta>
		<wp:postmeta>
			<wp:meta_key>_kleo_title_checkbox</wp:meta_key>
			<wp:meta_value><![CDATA[1]]></wp:meta_value>
		</wp:postmeta>
		<wp:postmeta>
			<wp:meta_key>_kleo_hide_breadcrumb</wp:meta_key>
			<wp:meta_value><![CDATA[1]]></wp:meta_value>
		</wp:postmeta>
		<wp:postmeta>
			<wp:meta_key>_kleo_hide_info</wp:meta_key>
			<wp:meta_value><![CDATA[1]]></wp:meta_value>
		</wp:postmeta>
		<wp:postmeta>
			<wp:meta_key>sbg_selected_sidebar</wp:meta_key>
			<wp:meta_value><![CDATA[a:1:{i:0;s:1:"0";}]]></wp:meta_value>
		</wp:postmeta>
		<wp:postmeta>
			<wp:meta_key>sbg_selected_sidebar_replacement</wp:meta_key>
			<wp:meta_value><![CDATA[a:1:{i:0;s:1:"0";}]]></wp:meta_value>
		</wp:postmeta>
	</item>
	</channel>
</rss>