<?xml version="1.0" encoding="UTF-8" ?>
<!-- This is a WordPress eXtended RSS file generated by WordPress as an export of your site. -->
<!-- It contains information about your site's posts, pages, comments, categories, and other content. -->
<!-- You may use this file to transfer that content from one site to another. -->
<!-- This file is not intended to serve as a complete backup of your site. -->

<!-- To import this information into a WordPress site follow these steps: -->
<!-- 1. Log in to that site as an administrator. -->
<!-- 2. Go to Tools: Import in the WordPress admin panel. -->
<!-- 3. Install the "WordPress" importer from the list. -->
<!-- 4. Activate & Run Importer. -->
<!-- 5. Upload this file using the form provided on that page. -->
<!-- 6. You will first be asked to map the authors in this export file to users -->
<!--    on the site. For each author, you may choose to map to an -->
<!--    existing user on the site or to create a new user. -->
<!-- 7. WordPress will then import each of the posts, pages, comments, categories, etc. -->
<!--    contained in this file into your site. -->

<!-- generator="WordPress/4.0" created="2014-11-13 14:53" -->
<rss version="2.0"
	xmlns:excerpt="http://wordpress.org/export/1.2/excerpt/"
	xmlns:content="http://purl.org/rss/1.0/modules/content/"
	xmlns:wfw="http://wellformedweb.org/CommentAPI/"
	xmlns:dc="http://purl.org/dc/elements/1.1/"
	xmlns:wp="http://wordpress.org/export/1.2/"
>

<channel>
	<title>KLEO Template</title>
	<link>http://seventhqueen.com/demo/kleo</link>
	<description>Wordpress Premium Template</description>
	<pubDate>Thu, 13 Nov 2014 14:53:25 +0000</pubDate>
	<language>en-US</language>
	<wp:wxr_version>1.2</wp:wxr_version>
	<wp:base_site_url>http://seventhqueen.com/demo/kleo</wp:base_site_url>
	<wp:base_blog_url>http://seventhqueen.com/demo/kleo</wp:base_blog_url>

	<wp:author><wp:author_id>1</wp:author_id><wp:author_login>admin</wp:author_login><wp:author_email>demo@seventhqueen.com</wp:author_email><wp:author_display_name><![CDATA[admin]]></wp:author_display_name><wp:author_first_name><![CDATA[]]></wp:author_first_name><wp:author_last_name><![CDATA[]]></wp:author_last_name></wp:author>


	<generator>http://wordpress.org/?v=4.0</generator>

	<item>
				<title>Poi &amp; Pins</title>
		<link>http://seventhqueen.com/demo/kleo/poi-pins/</link>
		<pubDate>Wed, 26 Feb 2014 15:08:55 +0000</pubDate>
		<dc:creator><![CDATA[admin]]></dc:creator>
		<guid isPermaLink="false">http://seventhqueen.com/themes/kleo/?page_id=683</guid>
		<description></description>
		<content:encoded><![CDATA[[vc_row inner_container="yes" text_align="center" section_type="main" bg_position="top" bg_repeat="no-repeat" bg_cover="true" bg_attachment="false" parallax_speed="0.1" padding_top="40" padding_bottom="0" min_height="0" border="none" css_animation="right-to-left"][vc_column width="1/1"][vc_column_text css_animation="right-to-left"]
<h1>ICON PINS, CIRCLES AND POIS</h1>
[/vc_column_text][vc_column_text lead="yes" css_animation="right-to-left"]We hand pick the best services from our extensive design and development toolkit to create amazing dividers with options to edit icons, text and width size to separate your contents.[/vc_column_text][/vc_column][/vc_row][vc_row inner_container="yes" text_align="center" section_type="main" bg_position="top" bg_repeat="no-repeat" bg_cover="true" bg_attachment="false" parallax_speed="0.1" padding_top="80" padding_bottom="0" min_height="0" border="bottom" css_animation="right-to-left"][vc_column width="1/1"][vc_tabs type="pills" style="line" align="centered"][vc_tab title="Icon pin" tab_id="1392075013-1-35" icon="menu"][vc_row_inner][vc_column_inner width="1/1"][kleo_gap size="80px"][kleo_divider type="long" position="center" text="Some info about App Development"][kleo_gap size="60px"][/vc_column_inner][/vc_row_inner][vc_row_inner][vc_column_inner width="1/2"][vc_single_image image="685" alignment="center" img_link_target="_self" animation="animate-when-almost-visible" css_animation="right-to-left" img_size="full"][kleo_pin type="icon" icon="menu" tooltip_position="left" tooltip_action="hover" animation="animate-when-almost-visible" css_animation="el-appear" top="32%" right="9.5%" tooltip="tooltip" tooltip_title="I'm a helpful tooltip attached to an object"][kleo_pin type="icon" icon="users-1" tooltip_position="left" tooltip_action="hover" animation="animate-when-almost-visible" css_animation="el-appear" top="42%" right="9.5%" tooltip="tooltip" tooltip_title="I'm a helpful tooltip attached to an object"][kleo_pin type="icon" icon="plus-1" tooltip_position="left" tooltip_action="hover" animation="animate-when-almost-visible" css_animation="el-appear" top="52%" right="9.5%" tooltip="tooltip" tooltip_title="I'm a helpful tooltip attached to an object"][kleo_pin type="icon" icon="ok" tooltip_position="left" tooltip_action="hover" animation="animate-when-almost-visible" css_animation="el-appear" top="62%" right="9.5%" tooltip="tooltip" tooltip_title="I'm a helpful tooltip attached to an object"][/vc_column_inner][vc_column_inner width="1/2"][kleo_gap size="20px"][vc_column_text css_animation="right-to-left"]
<h3>FEATURE HIGHLIGHTS FOR <strong>YOUR AMAZING APP</strong></h3>
[/vc_column_text][kleo_gap size="1px"][kleo_divider type="long" position="center" icon="star-half-alt"][vc_column_text css_animation="right-to-left"]
<ul>
	<li>Lorem ipsum dolor sit amet, consectetur adipiscing elit.</li>
	<li>Proin eget quam id mi ornare scelerisque vitae pretium turpis.</li>
	<li>Quisque imperdiet diam a magna ullamcorper dignissim sed sit amet metus.</li>
	<li>Suspendisse ac dolor sagittis, convallis ligula vel, aliquet neque.</li>
</ul>
[/vc_column_text][kleo_gap size="10px"][kleo_divider type="long" position="center" icon="star-half-alt"][kleo_gap size="10px"][kleo_button title="More about this feature" style="default" tooltip_position="left" tooltip_action="hover"][/vc_column_inner][/vc_row_inner][kleo_gap size="60px"][/vc_tab][vc_tab title="Circle pin" tab_id="1392075013-2-52" icon="dot-circled"][vc_row_inner][vc_column_inner width="1/1"][kleo_gap size="80px"][kleo_divider type="long" position="center" text="Some info about Interface Design"][kleo_gap size="40px"][/vc_column_inner][/vc_row_inner][vc_row_inner][vc_column_inner width="1/1" el_class="vc-relative"][vc_single_image image="688" alignment="center" img_link_target="_self" animation="animate-when-almost-visible" css_animation="bottom-to-top" img_size="full"][kleo_pin type="circle" top="60%" left="20%" tooltip_position="top" tooltip_action="hover" animation="animate-when-almost-visible" css_animation="el-appear" tooltip="tooltip" tooltip_title="I'm a helpful tooltip attached to a pin"][kleo_pin type="circle" top="50%" right="40%" tooltip="tooltip" tooltip_position="top" tooltip_title="I'm a helpful tooltip attached to a pin" tooltip_action="hover" animation="animate-when-almost-visible" css_animation="el-appear"][kleo_pin type="circle" top="70%" right="20%" tooltip="tooltip" tooltip_position="top" tooltip_title="I'm a helpful tooltip attached to a pin" tooltip_action="hover" animation="animate-when-almost-visible" css_animation="pulsate"][/vc_column_inner][/vc_row_inner][/vc_tab][vc_tab title="Location pin" tab_id="1392128034991-2-0" icon="location"][vc_row_inner][vc_column_inner width="1/1"][kleo_gap size="80px"][kleo_divider type="long" position="center" text="Some info about Products"][kleo_gap size="40px"][/vc_column_inner][/vc_row_inner][vc_row_inner][vc_column_inner width="1/1"][vc_single_image image="690" alignment="center" img_link_target="_self" animation="animate-when-almost-visible" css_animation="bottom-to-top" img_size="full"][kleo_pin type="poi" left="40%" tooltip="popover" tooltip_position="top" tooltip_title="Popover title" tooltip_text="Lorem ipsum dolor sit amet, consectetur adipisicing elit, sed do eiusmod tempor incididunt ut labore et dolore magna aliqua. Ut enim ad minim veniam, quis nostrud." tooltip_action="hover" animation="animate-when-visible" css_animation="bottom-to-top" bottom="14%"][kleo_pin type="poi" right="40%" tooltip="popover" tooltip_position="left" tooltip_title="Popover title" tooltip_text="Lorem ipsum dolor sit amet, consectetur adipisicing elit, sed do eiusmod tempor incididunt ut labore et dolore magna aliqua. Ut enim ad minim veniam, quis nostrud." tooltip_action="hover" animation="animate-when-visible" css_animation="bottom-to-top" bottom="45%"][/vc_column_inner][/vc_row_inner][/vc_tab][/vc_tabs][/vc_column][/vc_row]]]></content:encoded>
		<excerpt:encoded><![CDATA[]]></excerpt:encoded>
		<wp:post_id>683</wp:post_id>
		<wp:post_date>2014-02-26 15:08:55</wp:post_date>
		<wp:post_date_gmt>2014-02-26 15:08:55</wp:post_date_gmt>
		<wp:comment_status>open</wp:comment_status>
		<wp:ping_status>open</wp:ping_status>
		<wp:post_name>poi-pins</wp:post_name>
		<wp:status>publish</wp:status>
		<wp:post_parent>0</wp:post_parent>
		<wp:menu_order>0</wp:menu_order>
		<wp:post_type>page</wp:post_type>
		<wp:post_password></wp:post_password>
		<wp:is_sticky>0</wp:is_sticky>
		<wp:postmeta>
			<wp:meta_key>_edit_last</wp:meta_key>
			<wp:meta_value><![CDATA[1]]></wp:meta_value>
		</wp:postmeta>
		<wp:postmeta>
			<wp:meta_key>_wp_page_template</wp:meta_key>
			<wp:meta_value><![CDATA[default]]></wp:meta_value>
		</wp:postmeta>
		<wp:postmeta>
			<wp:meta_key>_wpb_vc_js_status</wp:meta_key>
			<wp:meta_value><![CDATA[true]]></wp:meta_value>
		</wp:postmeta>
		<wp:postmeta>
			<wp:meta_key>_wpb_vc_js_interface_version</wp:meta_key>
			<wp:meta_value><![CDATA[2]]></wp:meta_value>
		</wp:postmeta>
		<wp:postmeta>
			<wp:meta_key>slide_template</wp:meta_key>
			<wp:meta_value><![CDATA[]]></wp:meta_value>
		</wp:postmeta>
		<wp:postmeta>
			<wp:meta_key>sbg_selected_sidebar</wp:meta_key>
			<wp:meta_value><![CDATA[a:1:{i:0;s:1:"0";}]]></wp:meta_value>
		</wp:postmeta>
		<wp:postmeta>
			<wp:meta_key>sbg_selected_sidebar_replacement</wp:meta_key>
			<wp:meta_value><![CDATA[a:1:{i:0;s:10:"Shortcodes";}]]></wp:meta_value>
		</wp:postmeta>
	</item>
	</channel>
</rss>