<?xml version="1.0" encoding="UTF-8" ?>
<!-- This is a WordPress eXtended RSS file generated by WordPress as an export of your site. -->
<!-- It contains information about your site's posts, pages, comments, categories, and other content. -->
<!-- You may use this file to transfer that content from one site to another. -->
<!-- This file is not intended to serve as a complete backup of your site. -->

<!-- To import this information into a WordPress site follow these steps: -->
<!-- 1. Log in to that site as an administrator. -->
<!-- 2. Go to Tools: Import in the WordPress admin panel. -->
<!-- 3. Install the "WordPress" importer from the list. -->
<!-- 4. Activate & Run Importer. -->
<!-- 5. Upload this file using the form provided on that page. -->
<!-- 6. You will first be asked to map the authors in this export file to users -->
<!--    on the site. For each author, you may choose to map to an -->
<!--    existing user on the site or to create a new user. -->
<!-- 7. WordPress will then import each of the posts, pages, comments, categories, etc. -->
<!--    contained in this file into your site. -->

<!-- generator="WordPress/4.7.3" created="2017-03-13 16:32" -->
<rss version="2.0"
    xmlns:excerpt="http://wordpress.org/export/1.2/excerpt/"
    xmlns:content="http://purl.org/rss/1.0/modules/content/"
    xmlns:wfw="http://wellformedweb.org/CommentAPI/"
    xmlns:dc="http://purl.org/dc/elements/1.1/"
    xmlns:wp="http://wordpress.org/export/1.2/"
>

<channel>
    <title>KLEO Agency Demo</title>
    <link>http://seventhqueen.com/themes/kleo/demo-agency</link>
    <description>Premium Wordpress Theme</description>
    <pubDate>Mon, 13 Mar 2017 16:32:40 +0000</pubDate>
    <language>en-US</language>
    <wp:wxr_version>1.2</wp:wxr_version>
    <wp:base_site_url>http://seventhqueen.com/themes/kleo/</wp:base_site_url>
    <wp:base_blog_url>http://seventhqueen.com/themes/kleo/demo-agency</wp:base_blog_url>

    <wp:author><wp:author_id>1</wp:author_id><wp:author_login><![CDATA[kleoadmin]]></wp:author_login><wp:author_email><![CDATA[themesupport@seventhqueen.com]]></wp:author_email><wp:author_display_name><![CDATA[Jonathan Doe]]></wp:author_display_name><wp:author_first_name><![CDATA[Jonathan]]></wp:author_first_name><wp:author_last_name><![CDATA[Doe]]></wp:author_last_name></wp:author>


    <generator>https://wordpress.org/?v=4.7.3</generator>

    <item>
        <title>Home Agency</title>
        <link>http://seventhqueen.com/themes/kleo/demo-agency/</link>
        <pubDate>Mon, 18 Aug 2014 10:25:24 +0000</pubDate>
        <dc:creator><![CDATA[kleoadmin]]></dc:creator>
        <guid isPermaLink="false">http://seventhqueen.com/themes/kleo/demo-portfolio/?page_id=5</guid>
        <description></description>
        <content:encoded><![CDATA[[vc_row inner_container="no" padding_top="0" padding_bottom="0" border="none"][vc_column][rev_slider_vc alias="agency-home"][/vc_column][/vc_row][vc_row text_color="#ffffff" type="image" bg_color="#34495e" bg_position_horizontal="center" padding_top="100px" padding_bottom="100px" border="none" el_class="ov-hidden" bg_image="932"][vc_column width="1/3"][vc_column_text animation="animate-when-visible" css_animation="bottom-to-top"]
<h1><span style="color: #ffffff;">I'm a headline about this section</span></h1>
[/vc_column_text][/vc_column][vc_column width="1/3"][kleo_gap][vc_column_text]We are a fairly small, flexible design studio that designs for print and web. We work flexibly with clients to fulfill their design needs.

Whether you need to create a brand completely from scratch or are looking for a design refresh, we are confident that you and your team will be satisfied with the results.[/vc_column_text][/vc_column][vc_column width="1/3"][vc_column_text lead="yes"]We are a fairly small, flexible design studio that designs for print and web.[/vc_column_text][/vc_column][/vc_row][vc_row text_align="center" padding_top="100" padding_bottom="100"][vc_column][vc_column_text]
<h1>Get more features. Get more done.</h1>
[/vc_column_text][vc_column_text lead="yes"]KLEO offers more useful features than any other wordpress theme. So you can do more to customize the experience.[/vc_column_text][kleo_gap size="40px"][kleo_divider type="long" text="Some of KLEO Feature Highlights"][kleo_gap size="40px"][kleo_grid type="4" animation="yes" colored_icons="yes"][kleo_feature_item title="Membership Ready" icon="shield"]Create Membership Levels and easily restrict content based on member access[/kleo_feature_item][kleo_feature_item title="Facebook Login/Register integration" icon="facebook"]Easily register or login with you Facebook account. Everything you need is included, just enable the feature from Admin panel[/kleo_feature_item][kleo_feature_item title="Live Notifications" icon="megaphone-1"]Easily add live notofications to your menu and set the auto-refresh time from admin panel.[/kleo_feature_item][kleo_feature_item title="Unique Design" icon="html5"]Buddypress &amp; bbPress have never enjoyed such great attention to detail. Modern and clean design.[/kleo_feature_item][kleo_feature_item title="Extremely Flexible" icon="popup"]You no longer need to be a professional developer or designer to create an awesome website. Let your imagination run wild and create the site of your dreams. KLEO has all the tools to get you started.[/kleo_feature_item][kleo_feature_item title="Drag &amp; Drop Page Builder" icon="equalizer"]No coding required in building a professional website. Included as a plugin, K Elements provide unique elements to create awesome pages.[/kleo_feature_item][kleo_feature_item title="Free Updates" icon="dropbox"]Many great features are yet to come to this theme so be the first to know about.[/kleo_feature_item][kleo_feature_item title="Outstanding Support" icon="umbrella"]Join our happy community, get help and start learning new things. Also we’re constantly improving and adding new features. You get all the new versions for FREE life-time.[/kleo_feature_item][/kleo_grid][kleo_testimonials type="carousel" number="6"][kleo_gap size="30px"][/vc_column][/vc_row][vc_row text_align="center" type="color" padding_top="80" border="none"][vc_column][vc_column_text]
<h1>Some of our work</h1>
[/vc_column_text][vc_column_text]We are a fairly small, flexible design studio that designs for print and web. We work flexibly with clients to fulfill their design needs. Whether you need to create a brand completely from scratch or are looking for a design refresh, we are confident that you and your team will be satisfied with the results.[/vc_column_text][/vc_column][/vc_row][vc_row inner_container="no" padding_top="0" padding_bottom="0" border="none"][vc_column][vc_images_carousel images="869,870,871,872,873,874,101,832,93,878,877,876" img_size="300x300" hide_pagination_control="yes" animation="animate-when-visible" min_items="2" max_items="5"][/vc_column][/vc_row][vc_row front_status="draft" text_align="center" text_color="#ffffff" type="color" bg_color="#ffcd3b"][vc_column][vc_column_text]
<h2>Fun Facts</h2>
[/vc_column_text][vc_row_inner][vc_column_inner width="1/4"][/vc_column_inner][vc_column_inner width="1/6"][vc_column_text]
<h1 style="margin-bottom: 0;">[kleo_animate_numbers animation="animate-when-almost-visible" timer="3000"]2[/kleo_animate_numbers].[kleo_animate_numbers animation="animate-when-almost-visible" timer="3000"]247[/kleo_animate_numbers]</h1>
<h4>MEMBERS ONLINE</h4>
[/vc_column_text][/vc_column_inner][vc_column_inner width="1/6"][vc_column_text]
<h1 style="margin-bottom: 0;">[kleo_animate_numbers animation="animate-when-almost-visible" timer="3000"]362[/kleo_animate_numbers]</h1>
<h4>GROUPS OF INTERESTS</h4>
[/vc_column_text][/vc_column_inner][vc_column_inner width="1/6"][vc_column_text]
<h1 style="margin-bottom: 0;">[kleo_animate_numbers animation="animate-when-almost-visible" timer="3000"]43[/kleo_animate_numbers].[kleo_animate_numbers animation="animate-when-almost-visible" timer="3000"]815[/kleo_animate_numbers]</h1>
<h4>TOPICS CREATED</h4>
[/vc_column_text][/vc_column_inner][vc_column_inner width="1/4"][/vc_column_inner][/vc_row_inner][kleo_gap size="20px"][kleo_divider text="Join us today and share the same experience with the most happiest users worldwide"][kleo_gap size="20px"][vc_row_inner][vc_column_inner width="1/4"][/vc_column_inner][vc_column_inner width="1/2"][/vc_column_inner][vc_column_inner width="1/4"][/vc_column_inner][/vc_row_inner][kleo_gap size="20px"][/vc_column][/vc_row][vc_row text_align="center" section_type="alternate" padding_top="80" border="none"][vc_column][vc_column_text]
<h1 style="text-align: center;">We are continually working on improving KLEO</h1>
[/vc_column_text][kleo_gap size="32px"][vc_column_text]We are a fairly small, flexible design studio that designs for print and web. We work flexibly with clients to fulfill their design needs. Whether you need to create a brand completely from scratch or are looking for a design refresh, we are confident that you and your team will be satisfied with the results.[/vc_column_text][vc_empty_space][vc_posts_grid][kleo_gap size="30px"][kleo_button title="View archive" href="#" size="lg" icon="0"][/vc_column][/vc_row][vc_row front_status="draft"][vc_column][kleo_grid type="4" animation="yes" bordered_icons="yes"][kleo_feature_item title="IOS" icon="apple" icon_size="big" icon_position="center"][/kleo_feature_item][kleo_feature_item title="IOS" icon="apple" icon_size="big" icon_position="center"][/kleo_feature_item][kleo_feature_item title="IOS" icon="apple" icon_size="big" icon_position="center"][/kleo_feature_item][kleo_feature_item title="IOS" icon="apple" icon_size="big" icon_position="center"][/kleo_feature_item][/kleo_grid][/vc_column][/vc_row][vc_row front_status="draft" text_align="center" padding_top="100" padding_bottom="100"][vc_column][vc_column_text]
<h2>About us</h2>
[/vc_column_text][vc_column_text lead="yes"]It is our mission to be the most trusted and influential leader in the industry. We will provide our customers unparalleled "no-excuses" services anywhere in the world where they may operate. Our core values:[/vc_column_text][kleo_gap size="30px"][vc_tabs type="pills" align="centered"][vc_tab title="The Team" tab_id="1408539342-1-86"][/vc_tab][vc_tab title="Our History" tab_id="1408539342-2-0"][/vc_tab][/vc_tabs][/vc_column][/vc_row][vc_row type="image" bg_position="center" bg_position_horizontal="center" bg_cover="false" padding_top="100" padding_bottom="100" border="none" bg_image="75"][vc_column][vc_row_inner][vc_column_inner width="1/2"][vc_column_text]
<h2>About us</h2>
[/vc_column_text][vc_column_text]It is our mission to be the most trusted and influential leader in the industry. We will provide our customers unparalleled "no-excuses" services anywhere in the world where they may operate.[/vc_column_text][kleo_gap size="40px"][vc_column_text]
<h3>Our core values:</h3>
[/vc_column_text][kleo_gap size="20px"][kleo_list align="center"][kleo_list_item icon="ok"]Take on Challenges[/kleo_list_item][kleo_list_item icon="ok"]Be Honorable[/kleo_list_item][kleo_list_item icon="ok"]Have Fun[/kleo_list_item][kleo_list_item icon="ok"]Our People[/kleo_list_item][kleo_list_item icon="ok"]Do Whatever it Takes[/kleo_list_item][/kleo_list][kleo_grid type="2"][/kleo_grid][/vc_column_inner][vc_column_inner width="1/2"][vc_column_text]
<h2>Latest news</h2>
[/vc_column_text][vc_column_text]Nullam dictum felis eu pede mollis pretium. Integer tincidunt. Cras dapibus. Vivamus elementum semper nisi. Aenean vulputate eleifend tellutts. Nullam dictum felis.[/vc_column_text][kleo_gap size="30px"][vc_wp_posts title="// 2014" number="4" show_date="1"][/vc_column_inner][/vc_row_inner][kleo_gap size="100px"][kleo_divider text="You’ll be informed about updates, special offers and planned changes to KLEO."][kleo_gap size="30px"][vc_column_text][mc4wp_form id="1149"][/vc_column_text][/vc_column][/vc_row][vc_row front_status="draft" text_align="center" padding_top="100" padding_bottom="100" border="none"][vc_column][vc_column_text]
<h3>IN CASE YOU NEED HELP</h3>
[/vc_column_text][kleo_grid type="3" animation="yes" style="box"][kleo_feature_item title="Presales Question?" icon="help" icon_position="center"]This theme comes with an extensive help file that explains how to set up every aspect of the theme, however, we’ll be happy to help you if you need technical support or have any question. Dont hesitate to contact us via our support forum.[/kleo_feature_item][kleo_feature_item title="Need Support?" icon="graduation-cap" icon_position="center"]This theme comes with an extensive help file that explains how to set up every aspect of the theme, however, we’ll be happy to help you if you need technical support or have any question. Dont hesitate to contact us via our support forum.[/kleo_feature_item][kleo_feature_item title="Check Forum" icon="chat" icon_position="center"]This theme comes with an extensive help file that explains how to set up every aspect of the theme, however, we’ll be happy to help you if you need technical support or have any question. Dont hesitate to contact us via our support forum.[/kleo_feature_item][/kleo_grid][/vc_column][/vc_row][vc_row text_align="center" text_color="#b2b8c0" type="color" bg_color="#263242" padding_top="100" border="none"][vc_column][vc_column_text]
<h1><strong>KLEO</strong> // Next level WordPress Theme</h1>
[/vc_column_text][kleo_gap][kleo_icon icon="twitter" icon_size="2x" href="#" el_class="link-icon"][kleo_icon icon="facebook" icon_size="2x" href="#" el_class="link-icon"][kleo_icon icon="gplus" icon_size="2x" href="#" el_class="link-icon"][kleo_icon icon="youtube" icon_size="2x" href="#" el_class="link-icon"][/vc_column][/vc_row]]]></content:encoded>
        <excerpt:encoded><![CDATA[]]></excerpt:encoded>
        <wp:post_id>5</wp:post_id>
        <wp:post_date><![CDATA[2014-08-18 10:25:24]]></wp:post_date>
        <wp:post_date_gmt><![CDATA[2014-08-18 10:25:24]]></wp:post_date_gmt>
        <wp:comment_status><![CDATA[open]]></wp:comment_status>
        <wp:ping_status><![CDATA[open]]></wp:ping_status>
        <wp:post_name><![CDATA[home-agency]]></wp:post_name>
        <wp:status><![CDATA[publish]]></wp:status>
        <wp:post_parent>0</wp:post_parent>
        <wp:menu_order>0</wp:menu_order>
        <wp:post_type><![CDATA[page]]></wp:post_type>
        <wp:post_password><![CDATA[]]></wp:post_password>
        <wp:is_sticky>0</wp:is_sticky>
        <wp:postmeta>
            <wp:meta_key><![CDATA[_edit_last]]></wp:meta_key>
            <wp:meta_value><![CDATA[1]]></wp:meta_value>
        </wp:postmeta>
        <wp:postmeta>
            <wp:meta_key><![CDATA[_wp_page_template]]></wp:meta_key>
            <wp:meta_value><![CDATA[page-templates/full-width.php]]></wp:meta_value>
        </wp:postmeta>
        <wp:postmeta>
            <wp:meta_key><![CDATA[_wpb_vc_js_status]]></wp:meta_key>
            <wp:meta_value><![CDATA[true]]></wp:meta_value>
        </wp:postmeta>
        <wp:postmeta>
            <wp:meta_key><![CDATA[_wpb_vc_js_interface_version]]></wp:meta_key>
            <wp:meta_value><![CDATA[2]]></wp:meta_value>
        </wp:postmeta>
        <wp:postmeta>
            <wp:meta_key><![CDATA[_kleo_title_checkbox]]></wp:meta_key>
            <wp:meta_value><![CDATA[1]]></wp:meta_value>
        </wp:postmeta>
        <wp:postmeta>
            <wp:meta_key><![CDATA[_kleo_hide_breadcrumb]]></wp:meta_key>
            <wp:meta_value><![CDATA[1]]></wp:meta_value>
        </wp:postmeta>
        <wp:postmeta>
            <wp:meta_key><![CDATA[_kleo_hide_info]]></wp:meta_key>
            <wp:meta_value><![CDATA[1]]></wp:meta_value>
        </wp:postmeta>
        <wp:postmeta>
            <wp:meta_key><![CDATA[_kleo_page_menu]]></wp:meta_key>
            <wp:meta_value><![CDATA[default]]></wp:meta_value>
        </wp:postmeta>
        <wp:postmeta>
            <wp:meta_key><![CDATA[_vc_post_settings]]></wp:meta_key>
            <wp:meta_value><![CDATA[a:1:{s:10:"vc_grid_id";a:0:{}}]]></wp:meta_value>
        </wp:postmeta>
        <wp:postmeta>
            <wp:meta_key><![CDATA[_kleo_transparent_menu_color]]></wp:meta_key>
            <wp:meta_value><![CDATA[white]]></wp:meta_value>
        </wp:postmeta>
        <wp:postmeta>
            <wp:meta_key><![CDATA[sq_import]]></wp:meta_key>
            <wp:meta_value><![CDATA[1]]></wp:meta_value>
        </wp:postmeta>
        <wp:postmeta>
            <wp:meta_key><![CDATA[sq_domain]]></wp:meta_key>
            <wp:meta_value><![CDATA[https://seventhqueen.com/themes/kleo/demo-agency]]></wp:meta_value>
        </wp:postmeta>
        <wp:postmeta>
            <wp:meta_key><![CDATA[sq_img_data]]></wp:meta_key>
            <wp:meta_value><![CDATA[a:3:{i:932;s:97:"http://seventhqueen.com/themes/kleo/demo-agency/wp-content/uploads/sites/2/2014/08/bg-pricing.png";s:46:"869,870,871,872,873,874,101,832,93,878,877,876";s:1137:"http://seventhqueen.com/themes/kleo/demo-agency/wp-content/uploads/sites/2/2014/08/1.jpg,http://seventhqueen.com/themes/kleo/demo-agency/wp-content/uploads/sites/2/2014/08/airstream.jpg,http://seventhqueen.com/themes/kleo/demo-agency/wp-content/uploads/sites/2/2014/08/home-copy.jpg,http://seventhqueen.com/themes/kleo/demo-agency/wp-content/uploads/sites/2/2014/08/icon_mugs.jpg,http://seventhqueen.com/themes/kleo/demo-agency/wp-content/uploads/sites/2/2014/08/logos-2012.jpg,http://seventhqueen.com/themes/kleo/demo-agency/wp-content/uploads/sites/2/2014/08/identity.png,http://seventhqueen.com/themes/kleo/demo-agency/wp-content/uploads/sites/2/2014/08/xylo.png,http://seventhqueen.com/themes/kleo/demo-agency/wp-content/uploads/sites/2/2014/08/careers-00.jpg,http://seventhqueen.com/themes/kleo/demo-agency/wp-content/uploads/sites/2/2014/08/carte-00.jpg,http://seventhqueen.com/themes/kleo/demo-agency/wp-content/uploads/sites/2/2014/08/shot.png,http://seventhqueen.com/themes/kleo/demo-agency/wp-content/uploads/sites/2/2014/08/shot1.png,http://seventhqueen.com/themes/kleo/demo-agency/wp-content/uploads/sites/2/2014/08/shots.png";i:75;s:104:"http://seventhqueen.com/themes/kleo/demo-agency/wp-content/uploads/sites/2/2014/08/map_grid-1024x489.png";}]]></wp:meta_value>
        </wp:postmeta>
        <wp:postmeta>
            <wp:meta_key><![CDATA[sq_attach]]></wp:meta_key>
            <wp:meta_value><![CDATA[a:23:{i:24;s:102:"http://seventhqueen.com/themes/kleo/demo-agency/wp-content/uploads/sites/2/2014/08/logo_white_teal.png";i:853;s:94:"http://seventhqueen.com/themes/kleo/demo-agency/wp-content/uploads/sites/2/2014/08/top-bar.png";i:91;s:98:"http://seventhqueen.com/themes/kleo/demo-agency/wp-content/uploads/sites/2/2014/08/acmde-small.jpg";i:92;s:93:"http://seventhqueen.com/themes/kleo/demo-agency/wp-content/uploads/sites/2/2014/08/archus.jpg";i:93;s:95:"http://seventhqueen.com/themes/kleo/demo-agency/wp-content/uploads/sites/2/2014/08/carte-00.jpg";i:94;s:103:"http://seventhqueen.com/themes/kleo/demo-agency/wp-content/uploads/sites/2/2014/08/lego_portrait-01.jpg";i:95;s:96:"http://seventhqueen.com/themes/kleo/demo-agency/wp-content/uploads/sites/2/2014/08/mojo-jojo.jpg";i:96;s:95:"http://seventhqueen.com/themes/kleo/demo-agency/wp-content/uploads/sites/2/2014/08/pws-logo.jpg";i:97;s:109:"http://seventhqueen.com/themes/kleo/demo-agency/wp-content/uploads/sites/2/2014/08/coffeebagfront_003_003.png";i:98;s:105:"http://seventhqueen.com/themes/kleo/demo-agency/wp-content/uploads/sites/2/2014/08/createone_branding.png";i:99;s:115:"http://seventhqueen.com/themes/kleo/demo-agency/wp-content/uploads/sites/2/2014/08/todos-hasta-el-hocho-portada.png";i:100;s:94:"http://seventhqueen.com/themes/kleo/demo-agency/wp-content/uploads/sites/2/2014/08/warrior.png";i:101;s:91:"http://seventhqueen.com/themes/kleo/demo-agency/wp-content/uploads/sites/2/2014/08/xylo.png";i:869;s:88:"http://seventhqueen.com/themes/kleo/demo-agency/wp-content/uploads/sites/2/2014/08/1.jpg";i:870;s:96:"http://seventhqueen.com/themes/kleo/demo-agency/wp-content/uploads/sites/2/2014/08/airstream.jpg";i:871;s:96:"http://seventhqueen.com/themes/kleo/demo-agency/wp-content/uploads/sites/2/2014/08/home-copy.jpg";i:872;s:96:"http://seventhqueen.com/themes/kleo/demo-agency/wp-content/uploads/sites/2/2014/08/icon_mugs.jpg";i:873;s:97:"http://seventhqueen.com/themes/kleo/demo-agency/wp-content/uploads/sites/2/2014/08/logos-2012.jpg";i:874;s:95:"http://seventhqueen.com/themes/kleo/demo-agency/wp-content/uploads/sites/2/2014/08/identity.png";i:876;s:92:"http://seventhqueen.com/themes/kleo/demo-agency/wp-content/uploads/sites/2/2014/08/shots.png";i:877;s:92:"http://seventhqueen.com/themes/kleo/demo-agency/wp-content/uploads/sites/2/2014/08/shot1.png";i:878;s:91:"http://seventhqueen.com/themes/kleo/demo-agency/wp-content/uploads/sites/2/2014/08/shot.png";i:888;s:93:"http://seventhqueen.com/themes/kleo/demo-agency/wp-content/uploads/sites/2/2014/08/ban-bg.png";}]]></wp:meta_value>
        </wp:postmeta>
        <wp:postmeta>
            <wp:meta_key><![CDATA[sq_base]]></wp:meta_key>
            <wp:meta_value><![CDATA[https://seventhqueen.com/themes/kleo/demo-agency/wp-content/uploads/sites/2]]></wp:meta_value>
        </wp:postmeta>
    </item>
    <item>
        <title>About the Company - Agency</title>
        <link>http://seventhqueen.com/themes/kleo/demo-agency/about-the-company/</link>
        <pubDate>Wed, 20 Aug 2014 13:52:36 +0000</pubDate>
        <dc:creator><![CDATA[kleoadmin]]></dc:creator>
        <guid isPermaLink="false">http://seventhqueen.com/themes/kleo/demo-portfolio/?page_id=924</guid>
        <description></description>
        <content:encoded><![CDATA[[vc_row inner_container="yes" section_type="main" bg_position="top" bg_position_horizontal="left" bg_repeat="no-repeat" bg_cover="true" bg_attachment="false" parallax_speed="0.1" padding_top="0" padding_bottom="0" min_height="0" border="none" css_animation="right-to-left" type="color" bg_color="#f8f8f8"][vc_column width="1/1"][vc_single_image image="993" border_color="grey" img_link_target="_self" css_animation="right-to-left" img_size="full"][/vc_column][/vc_row][vc_row inner_container="yes" text_color="#ffffff" section_type="main" type="color" bg_color="#2c3e50" bg_position="top" bg_position_horizontal="left" bg_repeat="no-repeat" bg_cover="true" bg_attachment="false" parallax_speed="0.1" padding_top="60" padding_bottom="60" min_height="0" border="none" css_animation="right-to-left"][vc_column width="1/1"][vc_column_text css_animation="right-to-left"]
<h1>Our Story</h1>
[/vc_column_text][vc_row_inner][vc_column_inner width="1/3"][vc_column_text css_animation="right-to-left"]
<p style="text-align: left;"><span style="color: #ffffff;">Sed ut perspiciatis unde omnis iste natus error sit voluptatem accusantium doloremque laudantium, totam rem aperiam, eaque ipsa quae ab illo inventore veritatis et quasi architecto beatae vitae dicta sunt explicabo.</span></p>
<p style="text-align: left;"><span style="color: #ffffff;">Nemo enim ipsam voluptatem quia voluptas sit aspernatur aut odit aut fugit, sed quia consequuntur magni dolores eos qui ratione voluptatem sequi nesciunt.</span></p>
[/vc_column_text][/vc_column_inner][vc_column_inner width="1/3"][vc_column_text css_animation="right-to-left"]
<p style="text-align: left;"><span style="color: #ffffff;">Neque porro quisquam est, qui dolorem ipsum quia dolor sit amet, consectetur, adipisci velit, sed quia non numquam eius modi tempora incidunt ut labore et dolore magnam aliquam quaerat voluptatem.</span></p>
<p style="text-align: left;"><span style="color: #ffffff;">Ut enim ad minima veniam, quis nostrum exercitationem ullam corporis suscipit laboriosam, nisi ut aliquid ex ea commodi consequatur?</span></p>
[/vc_column_text][/vc_column_inner][vc_column_inner width="1/3"][vc_column_text css_animation="right-to-left"]
<p style="text-align: left;"><span style="color: #ffffff;">Quis autem vel eum iure reprehenderit qui in ea voluptate velit esse quam nihil molestiae consequatur, vel illum qui dolorem eum fugiat quo voluptas nulla pariatur?</span></p>
[/vc_column_text][/vc_column_inner][/vc_row_inner][/vc_column][/vc_row][vc_row inner_container="yes" text_align="center" section_type="main" bg_position="top" bg_position_horizontal="left" bg_repeat="no-repeat" bg_cover="true" bg_attachment="false" parallax_speed="0.1" padding_top="100" padding_bottom="0" min_height="0" border="none" overflow="false" css_animation="right-to-left"][vc_column width="1/1"][vc_column_text css_animation="right-to-left"]
<h2>Let's create your company's growth strategy together!</h2>
[/vc_column_text][vc_column_text lead="yes" css_animation="right-to-left"]We are a team of dedicated professionals, ready to do what ever it takes to make your business grow.[/vc_column_text][kleo_gap size="30px"][vc_row_inner][vc_column_inner width="1/4"][vc_single_image image="985" alignment="center" border_color="grey" img_link_target="_self" animation="animate-when-visible" css_animation="bottom-to-top" img_size="224x245"][vc_column_text css_animation="right-to-left"]
<h4>Michael Smith</h4>
[/vc_column_text][vc_column_text css_animation="right-to-left"]Lead Designer[/vc_column_text][/vc_column_inner][vc_column_inner width="1/4"][vc_single_image image="984" alignment="center" border_color="grey" img_link_target="_self" animation="animate-when-visible" css_animation="bottom-to-top" img_size="224x245"][vc_column_text css_animation="right-to-left"]
<h4>Lara Stanford</h4>
[/vc_column_text][vc_column_text css_animation="right-to-left"]HR Manager[/vc_column_text][/vc_column_inner][vc_column_inner width="1/4"][vc_single_image image="982" alignment="center" border_color="grey" img_link_target="_self" animation="animate-when-visible" css_animation="bottom-to-top" img_size="230x245"][vc_column_text css_animation="right-to-left"]
<h4>Miranda Thomas</h4>
[/vc_column_text][vc_column_text css_animation="right-to-left"]Web Designer[/vc_column_text][/vc_column_inner][vc_column_inner width="1/4"][vc_single_image image="983" alignment="center" border_color="grey" img_link_target="_self" animation="animate-when-visible" css_animation="bottom-to-top" img_size="227x245"][vc_column_text css_animation="right-to-left"]
<h4>Nico Albarado</h4>
[/vc_column_text][vc_column_text css_animation="right-to-left"]Web Designer[/vc_column_text][/vc_column_inner][/vc_row_inner][kleo_gap size="60px"][vc_row_inner][vc_column_inner width="1/2"][vc_column_text css_animation="right-to-left"]
<h3>Mission</h3>
[/vc_column_text][vc_column_text css_animation="right-to-left"]
<p style="text-align: left;">Sed ut perspiciatis unde omnis iste natus error sit voluptatem accusantium doloremque laudantium, totam rem aperiam, eaque ipsa quae ab illo inventore veritatis et quasi architecto beatae vitae dicta sunt explicabo.</p>
<p style="text-align: left;">Nemo enim ipsam voluptatem quia voluptas sit aspernatur aut odit aut fugit, sed quia consequuntur magni dolores eos qui ratione voluptatem sequi nesciunt.</p>
[/vc_column_text][/vc_column_inner][vc_column_inner width="1/2"][vc_column_text css_animation="right-to-left"]
<h3>Passion</h3>
[/vc_column_text][vc_column_text css_animation="right-to-left"]
<p style="text-align: left;">Neque porro quisquam est, qui dolorem ipsum quia dolor sit amet, consectetur, adipisci velit, sed quia non numquam eius modi tempora incidunt ut labore et dolore magnam aliquam quaerat voluptatem.</p>
<p style="text-align: left;">Ut enim ad minima veniam, quis nostrum exercitationem ullam corporis suscipit laboriosam, nisi ut aliquid ex ea commodi consequatur?</p>
[/vc_column_text][vc_column_text css_animation="right-to-left"]
<p style="text-align: left;">Quis autem vel eum iure reprehenderit qui in ea voluptate velit esse quam nihil molestiae consequatur, vel illum qui dolorem eum fugiat quo voluptas nulla pariatur?</p>
[/vc_column_text][/vc_column_inner][/vc_row_inner][/vc_column][/vc_row][vc_row inner_container="yes" text_align="center" section_type="main" bg_position="top" bg_position_horizontal="left" bg_repeat="no-repeat" bg_cover="true" bg_attachment="false" parallax_speed="0.1" padding_top="100" padding_bottom="100" min_height="0" border="bottom" css_animation="right-to-left"][vc_column width="1/1"][kleo_divider type="full" position="center" text="Kleo is trusted by 73,000+ clients and companies worldwide"][kleo_gap size="30px"][kleo_clients animated="yes" animation="fade" number="5"][/vc_column][/vc_row]]]></content:encoded>
        <excerpt:encoded><![CDATA[]]></excerpt:encoded>
        <wp:post_id>924</wp:post_id>
        <wp:post_date><![CDATA[2014-08-20 13:52:36]]></wp:post_date>
        <wp:post_date_gmt><![CDATA[2014-08-20 13:52:36]]></wp:post_date_gmt>
        <wp:comment_status><![CDATA[open]]></wp:comment_status>
        <wp:ping_status><![CDATA[open]]></wp:ping_status>
        <wp:post_name><![CDATA[about-the-company-agency]]></wp:post_name>
        <wp:status><![CDATA[publish]]></wp:status>
        <wp:post_parent>0</wp:post_parent>
        <wp:menu_order>0</wp:menu_order>
        <wp:post_type><![CDATA[page]]></wp:post_type>
        <wp:post_password><![CDATA[]]></wp:post_password>
        <wp:is_sticky>0</wp:is_sticky>
        <wp:postmeta>
            <wp:meta_key><![CDATA[_edit_last]]></wp:meta_key>
            <wp:meta_value><![CDATA[1]]></wp:meta_value>
        </wp:postmeta>
        <wp:postmeta>
            <wp:meta_key><![CDATA[_wp_page_template]]></wp:meta_key>
            <wp:meta_value><![CDATA[page-templates/full-width.php]]></wp:meta_value>
        </wp:postmeta>
        <wp:postmeta>
            <wp:meta_key><![CDATA[_wpb_vc_js_status]]></wp:meta_key>
            <wp:meta_value><![CDATA[true]]></wp:meta_value>
        </wp:postmeta>
        <wp:postmeta>
            <wp:meta_key><![CDATA[_wpb_vc_js_interface_version]]></wp:meta_key>
            <wp:meta_value><![CDATA[2]]></wp:meta_value>
        </wp:postmeta>
        <wp:postmeta>
            <wp:meta_key><![CDATA[slide_template]]></wp:meta_key>
            <wp:meta_value><![CDATA[default]]></wp:meta_value>
        </wp:postmeta>
        <wp:postmeta>
            <wp:meta_key><![CDATA[_kleo_title_checkbox]]></wp:meta_key>
            <wp:meta_value><![CDATA[1]]></wp:meta_value>
        </wp:postmeta>
        <wp:postmeta>
            <wp:meta_key><![CDATA[_kleo_hide_breadcrumb]]></wp:meta_key>
            <wp:meta_value><![CDATA[1]]></wp:meta_value>
        </wp:postmeta>
        <wp:postmeta>
            <wp:meta_key><![CDATA[_kleo_hide_info]]></wp:meta_key>
            <wp:meta_value><![CDATA[1]]></wp:meta_value>
        </wp:postmeta>
        <wp:postmeta>
            <wp:meta_key><![CDATA[sq_import]]></wp:meta_key>
            <wp:meta_value><![CDATA[1]]></wp:meta_value>
        </wp:postmeta>
        <wp:postmeta>
            <wp:meta_key><![CDATA[sq_domain]]></wp:meta_key>
            <wp:meta_value><![CDATA[https://seventhqueen.com/themes/kleo/demo-agency]]></wp:meta_value>
        </wp:postmeta>
        <wp:postmeta>
            <wp:meta_key><![CDATA[sq_img_data]]></wp:meta_key>
            <wp:meta_value><![CDATA[a:5:{i:993;s:103:"http://seventhqueen.com/themes/kleo/demo-agency/wp-content/uploads/sites/2/2014/08/kleo_team_leader.jpg";i:985;s:94:"http://seventhqueen.com/themes/kleo/demo-agency/wp-content/uploads/sites/2/2014/08/team_01.jpg";i:984;s:94:"http://seventhqueen.com/themes/kleo/demo-agency/wp-content/uploads/sites/2/2014/08/team_02.jpg";i:982;s:94:"http://seventhqueen.com/themes/kleo/demo-agency/wp-content/uploads/sites/2/2014/08/team_03.jpg";i:983;s:94:"http://seventhqueen.com/themes/kleo/demo-agency/wp-content/uploads/sites/2/2014/08/team_04.jpg";}]]></wp:meta_value>
        </wp:postmeta>
        <wp:postmeta>
            <wp:meta_key><![CDATA[sq_attach]]></wp:meta_key>
            <wp:meta_value><![CDATA[a:6:{i:932;s:97:"http://seventhqueen.com/themes/kleo/demo-agency/wp-content/uploads/sites/2/2014/08/bg-pricing.png";i:982;s:94:"http://seventhqueen.com/themes/kleo/demo-agency/wp-content/uploads/sites/2/2014/08/team_03.jpg";i:983;s:94:"http://seventhqueen.com/themes/kleo/demo-agency/wp-content/uploads/sites/2/2014/08/team_04.jpg";i:984;s:94:"http://seventhqueen.com/themes/kleo/demo-agency/wp-content/uploads/sites/2/2014/08/team_02.jpg";i:985;s:94:"http://seventhqueen.com/themes/kleo/demo-agency/wp-content/uploads/sites/2/2014/08/team_01.jpg";i:993;s:103:"http://seventhqueen.com/themes/kleo/demo-agency/wp-content/uploads/sites/2/2014/08/kleo_team_leader.jpg";}]]></wp:meta_value>
        </wp:postmeta>
        <wp:postmeta>
            <wp:meta_key><![CDATA[sq_base]]></wp:meta_key>
            <wp:meta_value><![CDATA[https://seventhqueen.com/themes/kleo/demo-agency/wp-content/uploads/sites/2]]></wp:meta_value>
        </wp:postmeta>
    </item>
    <item>
        <title>Careers - Agency</title>
        <link>http://seventhqueen.com/themes/kleo/demo-agency/careers/</link>
        <pubDate>Thu, 21 Aug 2014 10:08:07 +0000</pubDate>
        <dc:creator><![CDATA[kleoadmin]]></dc:creator>
        <guid isPermaLink="false">http://seventhqueen.com/themes/kleo/demo-portfolio/?page_id=1024</guid>
        <description></description>
        <content:encoded><![CDATA[[vc_row inner_container="no" section_type="main" bg_position="top" bg_position_horizontal="left" bg_repeat="no-repeat" bg_cover="true" bg_attachment="false" parallax_speed="0.2" padding_top="0" padding_bottom="0" min_height="0" border="none" css_animation="right-to-left" bg_color="#f8f8f8" enable_parallax="false"][vc_column width="1/1"][rev_slider_vc alias="agency-careers"][/vc_column][/vc_row][vc_row inner_container="yes" text_align="center" section_type="main" bg_position="top" bg_position_horizontal="left" bg_repeat="no-repeat" bg_cover="true" bg_attachment="false" parallax_speed="0.1" padding_top="60" padding_bottom="60" min_height="0" border="none" css_animation="right-to-left" text_color="#ffffff" type="color" bg_color="#1abc9c"][vc_column width="1/1"][vc_column_text css_animation="right-to-left"]
<h2 class="blue">Be part of something cool</h2>
[/vc_column_text][vc_column_text css_animation="right-to-left" lead="yes"]KLEO develops fully customizable Wordpress Multi-Purpose themes to fit any demanding needs. We’re building a global platform that already powers thousands of businesses around the world. If you want to contribute, come and join us![/vc_column_text][/vc_column][/vc_row][vc_row inner_container="yes" section_type="main" bg_position="top" bg_position_horizontal="left" bg_repeat="no-repeat" bg_cover="true" bg_attachment="false" parallax_speed="0.1" padding_top="100" padding_bottom="0" min_height="0" border="none" css_animation="right-to-left"][vc_column width="1/1"][vc_tabs type="pills" style="square" active_tab="3" align="centered"][vc_tab title="Our Values" tab_id="1392158619-2-76"][/vc_tab][vc_tab title="What We Offer" tab_id="1392158729389-2-10"][/vc_tab][vc_tab title="Job Oportunities" tab_id="1392158730638-3-10" icon="star-empty"][kleo_gap size="30px"][vc_accordion icons_position="to-left"][vc_accordion_tab title="01. Media Relations Specialist - <b>Position OPEN</b>" icon="minus-1" icon_closed="plus-1" tooltip_position="left" tooltip_action="hover"][vc_column_text lead="yes" css_animation="right-to-left"]Our company is looking for an energic, detail-oriented person to be a media relations specialist at its KLEO office.[/vc_column_text][vc_column_text css_animation="right-to-left"]

<dl class="dl-horizontal text-overflow"><dt>Responsibilities</dt><dd>Lorem ipsum dolor sit amet, consectetur adipisicing elit, sed do eiusmod tempor incididunt ut labore et
dolore magna aliqua. Ut enim ad minim veniam, quis nostrud exercitation ullamco laboris nisi ut
aliquip ex ea commodo consequat.</dd><dt>Experience Required</dt><dd>
<ul class="standard-list icon-colored">
    <li>1 to 2 years experience in public relations.</li>
    <li>Completed undergraduate coursework in journalism, marketing communications or business.</li>
    <li>Superb writing skills.</li>
    <li>Ability to communicate effectively and work in a team environment.</li>
    <li>Strong ability to prioritize and multi-task.</li>
    <li>Positive attitude in a deadline-oriented environment.</li>
</ul>
</dd><dt>How to Apply</dt><dd>Please send a cover letter and resume to <a href="#">hr@your-domain.com</a>. Please put 2013 Media Relations
Specialist in the subject line.</dd></dl>[/vc_column_text][/vc_accordion_tab][vc_accordion_tab title="02. Web Designer - <b>Position OPEN</b>" icon="minus-1" icon_closed="plus-1" tooltip_position="left" tooltip_action="hover"][/vc_accordion_tab][vc_accordion_tab title="03. Web Marketing Internship - <b>Position OPEN</b>" icon="minus-1" icon_closed="plus-1" tooltip_position="left" tooltip_action="hover"][/vc_accordion_tab][vc_accordion_tab title="04. SEO Internship - Position CLOSED" icon="minus-1" icon_closed="plus-1" tooltip_position="left" tooltip_action="hover"][/vc_accordion_tab][/vc_accordion][/vc_tab][/vc_tabs][/vc_column][/vc_row][vc_row inner_container="yes" text_align="center" section_type="main" bg_position="top" bg_position_horizontal="left" bg_repeat="no-repeat" bg_cover="true" bg_attachment="false" parallax_speed="0.1" padding_top="100" padding_bottom="100" min_height="0" border="bottom" css_animation="right-to-left"][vc_column width="1/1"][vc_column_text css_animation="right-to-left"]
<h3>Whant to join us?</h3>
[/vc_column_text][vc_column_text lead="yes" css_animation="right-to-left"]If you're a successful professional who's looking for a more sensible commute.[/vc_column_text][kleo_button title="CONTACT US" target="_self" style="highlight" size="lg" tooltip_position="left" tooltip_action="hover"][/vc_column][/vc_row]]]></content:encoded>
        <excerpt:encoded><![CDATA[]]></excerpt:encoded>
        <wp:post_id>1024</wp:post_id>
        <wp:post_date><![CDATA[2014-08-21 10:08:07]]></wp:post_date>
        <wp:post_date_gmt><![CDATA[2014-08-21 10:08:07]]></wp:post_date_gmt>
        <wp:comment_status><![CDATA[open]]></wp:comment_status>
        <wp:ping_status><![CDATA[open]]></wp:ping_status>
        <wp:post_name><![CDATA[careers-agency]]></wp:post_name>
        <wp:status><![CDATA[publish]]></wp:status>
        <wp:post_parent>0</wp:post_parent>
        <wp:menu_order>0</wp:menu_order>
        <wp:post_type><![CDATA[page]]></wp:post_type>
        <wp:post_password><![CDATA[]]></wp:post_password>
        <wp:is_sticky>0</wp:is_sticky>
        <wp:postmeta>
            <wp:meta_key><![CDATA[_edit_last]]></wp:meta_key>
            <wp:meta_value><![CDATA[1]]></wp:meta_value>
        </wp:postmeta>
        <wp:postmeta>
            <wp:meta_key><![CDATA[_wp_page_template]]></wp:meta_key>
            <wp:meta_value><![CDATA[page-templates/full-width.php]]></wp:meta_value>
        </wp:postmeta>
        <wp:postmeta>
            <wp:meta_key><![CDATA[_wpb_vc_js_status]]></wp:meta_key>
            <wp:meta_value><![CDATA[true]]></wp:meta_value>
        </wp:postmeta>
        <wp:postmeta>
            <wp:meta_key><![CDATA[_wpb_vc_js_interface_version]]></wp:meta_key>
            <wp:meta_value><![CDATA[2]]></wp:meta_value>
        </wp:postmeta>
        <wp:postmeta>
            <wp:meta_key><![CDATA[slide_template]]></wp:meta_key>
            <wp:meta_value><![CDATA[default]]></wp:meta_value>
        </wp:postmeta>
        <wp:postmeta>
            <wp:meta_key><![CDATA[_kleo_title_checkbox]]></wp:meta_key>
            <wp:meta_value><![CDATA[1]]></wp:meta_value>
        </wp:postmeta>
        <wp:postmeta>
            <wp:meta_key><![CDATA[_kleo_hide_breadcrumb]]></wp:meta_key>
            <wp:meta_value><![CDATA[1]]></wp:meta_value>
        </wp:postmeta>
        <wp:postmeta>
            <wp:meta_key><![CDATA[_kleo_hide_info]]></wp:meta_key>
            <wp:meta_value><![CDATA[1]]></wp:meta_value>
        </wp:postmeta>
        <wp:postmeta>
            <wp:meta_key><![CDATA[sq_attach]]></wp:meta_key>
            <wp:meta_value><![CDATA[a:1:{i:1029;s:95:"http://seventhqueen.com/themes/kleo/demo-agency/wp-content/uploads/sites/2/2014/08/sales-i1.jpg";}]]></wp:meta_value>
        </wp:postmeta>
        <wp:postmeta>
            <wp:meta_key><![CDATA[sq_base]]></wp:meta_key>
            <wp:meta_value><![CDATA[https://seventhqueen.com/themes/kleo/demo-agency/wp-content/uploads/sites/2]]></wp:meta_value>
        </wp:postmeta>
        <wp:postmeta>
            <wp:meta_key><![CDATA[sq_import]]></wp:meta_key>
            <wp:meta_value><![CDATA[1]]></wp:meta_value>
        </wp:postmeta>
        <wp:postmeta>
            <wp:meta_key><![CDATA[sq_domain]]></wp:meta_key>
            <wp:meta_value><![CDATA[https://seventhqueen.com/themes/kleo/demo-agency]]></wp:meta_value>
        </wp:postmeta>
    </item>
    <item>
        <title>Services - Agency</title>
        <link>http://seventhqueen.com/themes/kleo/demo-agency/services/</link>
        <pubDate>Thu, 21 Aug 2014 11:05:53 +0000</pubDate>
        <dc:creator><![CDATA[kleoadmin]]></dc:creator>
        <guid isPermaLink="false">http://seventhqueen.com/themes/kleo/demo-portfolio/?page_id=1043</guid>
        <description></description>
        <content:encoded><![CDATA[[vc_row inner_container="no" section_type="main" bg_position="top" bg_position_horizontal="left" bg_repeat="no-repeat" bg_cover="true" bg_attachment="false" parallax_speed="0.2" padding_top="0" padding_bottom="0" min_height="0" border="none" css_animation="right-to-left" bg_color="#f8f8f8" enable_parallax="false"][vc_column width="1/1"][rev_slider_vc alias="agency-services"][/vc_column][/vc_row][vc_row inner_container="yes" text_align="center" section_type="main" bg_position="top" bg_position_horizontal="left" bg_repeat="no-repeat" bg_cover="true" bg_attachment="false" parallax_speed="0.1" padding_top="60" padding_bottom="60" min_height="0" border="bottom" css_animation="right-to-left" text_color="#ffffff" type="color" bg_color="#ee5972"][vc_column width="1/1"][vc_column_text css_animation="right-to-left"]
<h2>A large part of our work solves our clients’ challenges
through our professional services.</h2>
[/vc_column_text][/vc_column][/vc_row][vc_row front_status="draft" inner_container="yes" section_type="main" bg_position="top" bg_position_horizontal="left" bg_repeat="no-repeat" bg_cover="true" bg_attachment="false" parallax_speed="0.1" padding_top="40" padding_bottom="40" min_height="0" border="bottom" css_animation="right-to-left"][vc_column width="1/1"][vc_column_text css_animation="right-to-left" lead="yes"]KLEO develops fully customizable Wordpress Multi-Purpose themes to fit any demanding needs. We’re building a global platform that already powers thousands of businesses around the world. If you want to contribute, come and join us![/vc_column_text][vc_column_text css_animation="right-to-left"]SQ are granted the 'Elite Author' badge for their established reputation, overall quality, commitment to the market and the milestones they've hit in Envato Marketplaces where their products are currently being sold. Looking at the way we have come so far, we spotted some interesting numbers which might be worth a mention:[/vc_column_text][/vc_column][/vc_row][vc_row inner_container="yes" section_type="main" bg_position="top" bg_position_horizontal="left" bg_repeat="no-repeat" bg_cover="true" bg_attachment="false" parallax_speed="0.1" padding_top="40" padding_bottom="40" min_height="0" border="bottom" css_animation="right-to-left" text_align="center"][vc_column width="1/3"][vc_single_image image="1118" alignment="center" border_color="grey" img_link_target="_self" animation="animate-when-almost-visible" css_animation="el-appear" img_size="large"][vc_column_text css_animation="right-to-left"]
<h3>Strategy Solutions</h3>
[/vc_column_text][vc_column_text css_animation="right-to-left"]Lorem ipsum dolor sit amet, consectetur adipiscing elit, sed do eiusmod tempor incididunt ut labore et dolore magna aliqua.[/vc_column_text][/vc_column][vc_column width="1/3"][vc_single_image image="1117" alignment="center" border_color="grey" img_link_target="_self" animation="animate-when-almost-visible" css_animation="el-appear" img_size="large"][vc_column_text css_animation="right-to-left"]
<h3>Marketing &amp; Research</h3>
[/vc_column_text][vc_column_text css_animation="right-to-left"]Nemo enim ipsam voluptatem quia voluptas sit aspernatur aut dolorem ipsum[/vc_column_text][/vc_column][vc_column width="1/3"][vc_single_image image="1116" alignment="center" border_color="grey" img_link_target="_self" animation="animate-when-almost-visible" css_animation="el-appear" img_size="large"][vc_column_text css_animation="right-to-left"]
<h3>Web Development</h3>
[/vc_column_text][vc_column_text css_animation="right-to-left"]Ut enim ad minim veniam, quis nostrud exercitation ullamco laboris nisi ut aliquip ex ea commodo consequat.[/vc_column_text][/vc_column][/vc_row][vc_row inner_container="yes" section_type="main" bg_position="top" bg_position_horizontal="left" bg_repeat="no-repeat" bg_cover="true" bg_attachment="false" parallax_speed="0.1" padding_top="40" padding_bottom="40" min_height="0" border="bottom" css_animation="right-to-left" vertical_align="yes"][vc_column width="1/2"][vc_single_image image="1109" alignment="center" border_color="grey" img_link_target="_self" animation="animate-when-almost-visible" css_animation="el-appear" img_size="large"][/vc_column][vc_column width="1/2"][vc_column_text css_animation="right-to-left"]
<h2>Advertise product features simply and elegantly with Kleo</h2>
[/vc_column_text][vc_column_text css_animation="right-to-left"]<strong>Clean, Simple &amp; Impactful</strong>[/vc_column_text][kleo_gap size="30px"][vc_column_text css_animation="right-to-left"]At vero eos et accusamus et iusto odio dignissimos ducimus qui blanditiis praesentium voluptatum deleniti atque corrupti quos dolores et quas molestias excepturi sint occaecati cupiditate non provident, similique sunt in culpa qui officia deserunt mollitia animi.[/vc_column_text][/vc_column][/vc_row]]]></content:encoded>
        <excerpt:encoded><![CDATA[]]></excerpt:encoded>
        <wp:post_id>1043</wp:post_id>
        <wp:post_date><![CDATA[2014-08-21 11:05:53]]></wp:post_date>
        <wp:post_date_gmt><![CDATA[2014-08-21 11:05:53]]></wp:post_date_gmt>
        <wp:comment_status><![CDATA[open]]></wp:comment_status>
        <wp:ping_status><![CDATA[open]]></wp:ping_status>
        <wp:post_name><![CDATA[services-agency]]></wp:post_name>
        <wp:status><![CDATA[publish]]></wp:status>
        <wp:post_parent>0</wp:post_parent>
        <wp:menu_order>0</wp:menu_order>
        <wp:post_type><![CDATA[page]]></wp:post_type>
        <wp:post_password><![CDATA[]]></wp:post_password>
        <wp:is_sticky>0</wp:is_sticky>
        <wp:postmeta>
            <wp:meta_key><![CDATA[_edit_last]]></wp:meta_key>
            <wp:meta_value><![CDATA[1]]></wp:meta_value>
        </wp:postmeta>
        <wp:postmeta>
            <wp:meta_key><![CDATA[_wp_page_template]]></wp:meta_key>
            <wp:meta_value><![CDATA[page-templates/full-width.php]]></wp:meta_value>
        </wp:postmeta>
        <wp:postmeta>
            <wp:meta_key><![CDATA[_wpb_vc_js_status]]></wp:meta_key>
            <wp:meta_value><![CDATA[true]]></wp:meta_value>
        </wp:postmeta>
        <wp:postmeta>
            <wp:meta_key><![CDATA[_wpb_vc_js_interface_version]]></wp:meta_key>
            <wp:meta_value><![CDATA[2]]></wp:meta_value>
        </wp:postmeta>
        <wp:postmeta>
            <wp:meta_key><![CDATA[slide_template]]></wp:meta_key>
            <wp:meta_value><![CDATA[default]]></wp:meta_value>
        </wp:postmeta>
        <wp:postmeta>
            <wp:meta_key><![CDATA[_kleo_title_checkbox]]></wp:meta_key>
            <wp:meta_value><![CDATA[1]]></wp:meta_value>
        </wp:postmeta>
        <wp:postmeta>
            <wp:meta_key><![CDATA[_kleo_hide_breadcrumb]]></wp:meta_key>
            <wp:meta_value><![CDATA[1]]></wp:meta_value>
        </wp:postmeta>
        <wp:postmeta>
            <wp:meta_key><![CDATA[_kleo_hide_info]]></wp:meta_key>
            <wp:meta_value><![CDATA[1]]></wp:meta_value>
        </wp:postmeta>
        <wp:postmeta>
            <wp:meta_key><![CDATA[sq_import]]></wp:meta_key>
            <wp:meta_value><![CDATA[1]]></wp:meta_value>
        </wp:postmeta>
        <wp:postmeta>
            <wp:meta_key><![CDATA[sq_domain]]></wp:meta_key>
            <wp:meta_value><![CDATA[https://seventhqueen.com/themes/kleo/demo-agency]]></wp:meta_value>
        </wp:postmeta>
        <wp:postmeta>
            <wp:meta_key><![CDATA[sq_img_data]]></wp:meta_key>
            <wp:meta_value><![CDATA[a:4:{i:1118;s:96:"http://seventhqueen.com/themes/kleo/demo-agency/wp-content/uploads/sites/2/2014/09/webdesign.png";i:1117;s:99:"http://seventhqueen.com/themes/kleo/demo-agency/wp-content/uploads/sites/2/2014/09/sitebuilding.png";i:1116;s:104:"http://seventhqueen.com/themes/kleo/demo-agency/wp-content/uploads/sites/2/2014/09/cms-configuration.png";i:1109;s:98:"http://seventhqueen.com/themes/kleo/demo-agency/wp-content/uploads/sites/2/2014/08/services-ui.png";}]]></wp:meta_value>
        </wp:postmeta>
        <wp:postmeta>
            <wp:meta_key><![CDATA[sq_attach]]></wp:meta_key>
            <wp:meta_value><![CDATA[a:3:{i:1108;s:98:"http://seventhqueen.com/themes/kleo/demo-agency/wp-content/uploads/sites/2/2014/08/services-gd.png";i:1109;s:98:"http://seventhqueen.com/themes/kleo/demo-agency/wp-content/uploads/sites/2/2014/08/services-ui.png";i:1110;s:98:"http://seventhqueen.com/themes/kleo/demo-agency/wp-content/uploads/sites/2/2014/08/services-ux.png";}]]></wp:meta_value>
        </wp:postmeta>
        <wp:postmeta>
            <wp:meta_key><![CDATA[sq_base]]></wp:meta_key>
            <wp:meta_value><![CDATA[https://seventhqueen.com/themes/kleo/demo-agency/wp-content/uploads/sites/2]]></wp:meta_value>
        </wp:postmeta>
    </item>
    <item>
        <title>Contact us - Agency</title>
        <link>http://seventhqueen.com/themes/kleo/demo-agency/contact-us/</link>
        <pubDate>Mon, 22 Sep 2014 17:27:09 +0000</pubDate>
        <dc:creator><![CDATA[kleoadmin]]></dc:creator>
        <guid isPermaLink="false">http://seventhqueen.com/themes/kleo/demo-business/?page_id=1081</guid>
        <description></description>
        <content:encoded><![CDATA[[vc_row inner_container="no" section_type="main" bg_position="top" bg_repeat="no-repeat" bg_cover="true" bg_attachment="false" parallax_speed="0.1" padding_top="0" padding_bottom="0" border="bottom" css_animation="right-to-left" min_height="0"][vc_column width="1/1"][vc_gmaps type="m" zoom="14" link="https://www.google.com/maps/embed?pb=!1m14!1m12!1m3!1d13250.216292683543!2d151.23235643049514!3d-33.87538140441755!2m3!1f0!2f0!3f0!3m2!1i1024!2i768!4f13.1!5e0!3m2!1sro!2s!4v1391343442092" size="450"][/vc_column][/vc_row][vc_row inner_container="yes" section_type="main" bg_position="top" bg_repeat="no-repeat" bg_cover="true" bg_attachment="false" parallax_speed="0.1" padding_top="40" padding_bottom="40" min_height="0" border="bottom" css_animation="right-to-left"][vc_column width="1/2"][vc_column_text css_animation="right-to-left"]
<h4>Main Office</h4>
<strong>Address:</strong>
Lorem ipsum dolor sit amet, has an nullam sadipscing ullamcorper, nisl graeci minimum usu no, ne est erat deseruisse vituperata.

Lorem ipsum dolor sit amet, has an nullam sadipscing ullamcorper, nisl graeci minimum usu no, ne est erat deseruisse vituperata.

<strong>Email: </strong>
<a href="mailto:support@seventhqueen.com">support@seventhqueen.com</a>

<strong>Phone: </strong>
(+1) 07123456789[/vc_column_text][/vc_column][vc_column width="1/2"][vc_column_text css_animation="right-to-left"]
<h4>Send us a message</h4>
[/vc_column_text][contact-form-7 id="73" title="Drop us a line"][/vc_column][/vc_row]]]></content:encoded>
        <excerpt:encoded><![CDATA[]]></excerpt:encoded>
        <wp:post_id>1081</wp:post_id>
        <wp:post_date><![CDATA[2014-09-22 17:27:09]]></wp:post_date>
        <wp:post_date_gmt><![CDATA[2014-09-22 17:27:09]]></wp:post_date_gmt>
        <wp:comment_status><![CDATA[open]]></wp:comment_status>
        <wp:ping_status><![CDATA[open]]></wp:ping_status>
        <wp:post_name><![CDATA[contact-us-agency]]></wp:post_name>
        <wp:status><![CDATA[publish]]></wp:status>
        <wp:post_parent>0</wp:post_parent>
        <wp:menu_order>0</wp:menu_order>
        <wp:post_type><![CDATA[page]]></wp:post_type>
        <wp:post_password><![CDATA[]]></wp:post_password>
        <wp:is_sticky>0</wp:is_sticky>
        <wp:postmeta>
            <wp:meta_key><![CDATA[_edit_last]]></wp:meta_key>
            <wp:meta_value><![CDATA[1]]></wp:meta_value>
        </wp:postmeta>
        <wp:postmeta>
            <wp:meta_key><![CDATA[_wp_page_template]]></wp:meta_key>
            <wp:meta_value><![CDATA[page-templates/full-width.php]]></wp:meta_value>
        </wp:postmeta>
        <wp:postmeta>
            <wp:meta_key><![CDATA[_wpb_vc_js_status]]></wp:meta_key>
            <wp:meta_value><![CDATA[true]]></wp:meta_value>
        </wp:postmeta>
        <wp:postmeta>
            <wp:meta_key><![CDATA[_wpb_vc_js_interface_version]]></wp:meta_key>
            <wp:meta_value><![CDATA[2]]></wp:meta_value>
        </wp:postmeta>
        <wp:postmeta>
            <wp:meta_key><![CDATA[_kleo_title_checkbox]]></wp:meta_key>
            <wp:meta_value><![CDATA[1]]></wp:meta_value>
        </wp:postmeta>
        <wp:postmeta>
            <wp:meta_key><![CDATA[_kleo_hide_breadcrumb]]></wp:meta_key>
            <wp:meta_value><![CDATA[1]]></wp:meta_value>
        </wp:postmeta>
        <wp:postmeta>
            <wp:meta_key><![CDATA[_kleo_hide_info]]></wp:meta_key>
            <wp:meta_value><![CDATA[1]]></wp:meta_value>
        </wp:postmeta>
        <wp:postmeta>
            <wp:meta_key><![CDATA[sq_base]]></wp:meta_key>
            <wp:meta_value><![CDATA[https://seventhqueen.com/themes/kleo/demo-agency/wp-content/uploads/sites/2]]></wp:meta_value>
        </wp:postmeta>
        <wp:postmeta>
            <wp:meta_key><![CDATA[sq_import]]></wp:meta_key>
            <wp:meta_value><![CDATA[1]]></wp:meta_value>
        </wp:postmeta>
        <wp:postmeta>
            <wp:meta_key><![CDATA[sq_domain]]></wp:meta_key>
            <wp:meta_value><![CDATA[https://seventhqueen.com/themes/kleo/demo-agency]]></wp:meta_value>
        </wp:postmeta>
    </item>
    <item>
        <title>Default sign-up form</title>
        <link>https://seventhqueen.com/themes/kleo/blog/mc4wp-form/default-sign-up-form/</link>
        <pubDate>Tue, 17 Jan 2017 20:24:18 +0000</pubDate>
        <dc:creator><![CDATA[kleoadmin]]></dc:creator>
        <guid isPermaLink="false">http://seventhqueen.com/themes/kleo/mc4wp-form/default-sign-up-form/</guid>
        <description></description>
        <content:encoded><![CDATA[<div class="form-inline">
<input type="email" id="mc4wp_email" class="input-lg" name="EMAIL" placeholder="Your email address" required />
<a class="btn btn-highlight btn-lg form-submit">SUBSCRIBE</a>
</div>]]></content:encoded>
        <excerpt:encoded><![CDATA[]]></excerpt:encoded>
        <wp:post_id>8595</wp:post_id>
        <wp:post_date><![CDATA[2017-01-17 22:24:18]]></wp:post_date>
        <wp:post_date_gmt><![CDATA[2017-01-17 20:24:18]]></wp:post_date_gmt>
        <wp:comment_status><![CDATA[closed]]></wp:comment_status>
        <wp:ping_status><![CDATA[closed]]></wp:ping_status>
        <wp:post_name><![CDATA[default-sign-up-form]]></wp:post_name>
        <wp:status><![CDATA[publish]]></wp:status>
        <wp:post_parent>0</wp:post_parent>
        <wp:menu_order>0</wp:menu_order>
        <wp:post_type><![CDATA[mc4wp-form]]></wp:post_type>
        <wp:post_password><![CDATA[]]></wp:post_password>
        <wp:is_sticky>0</wp:is_sticky>
        <wp:postmeta>
            <wp:meta_key><![CDATA[_mc4wp_settings]]></wp:meta_key>
            <wp:meta_value><![CDATA[a:8:{s:3:"css";s:1:"0";s:12:"double_optin";s:1:"1";s:8:"redirect";s:0:"";s:18:"hide_after_success";s:1:"0";s:15:"required_fields";s:5:"EMAIL";s:5:"lists";a:1:{i:0;s:10:"83bd2b8370";}s:15:"update_existing";s:1:"0";s:17:"replace_interests";s:1:"1";}]]></wp:meta_value>
        </wp:postmeta>
        <wp:postmeta>
            <wp:meta_key><![CDATA[text_subscribed]]></wp:meta_key>
            <wp:meta_value><![CDATA[Thank you, your sign-up request was successful! Please check your e-mail inbox.]]></wp:meta_value>
        </wp:postmeta>
        <wp:postmeta>
            <wp:meta_key><![CDATA[text_error]]></wp:meta_key>
            <wp:meta_value><![CDATA[Oops. Something went wrong. Please try again later.]]></wp:meta_value>
        </wp:postmeta>
        <wp:postmeta>
            <wp:meta_key><![CDATA[text_invalid_email]]></wp:meta_key>
            <wp:meta_value><![CDATA[Please provide a valid email address.]]></wp:meta_value>
        </wp:postmeta>
        <wp:postmeta>
            <wp:meta_key><![CDATA[text_already_subscribed]]></wp:meta_key>
            <wp:meta_value><![CDATA[Given email address is already subscribed, thank you!]]></wp:meta_value>
        </wp:postmeta>
        <wp:postmeta>
            <wp:meta_key><![CDATA[text_required_field_missing]]></wp:meta_key>
            <wp:meta_value><![CDATA[Please fill in the required fields.]]></wp:meta_value>
        </wp:postmeta>
        <wp:postmeta>
            <wp:meta_key><![CDATA[_vc_post_settings]]></wp:meta_key>
            <wp:meta_value><![CDATA[a:1:{s:10:"vc_grid_id";a:0:{}}]]></wp:meta_value>
        </wp:postmeta>
        <wp:postmeta>
            <wp:meta_key><![CDATA[text_unsubscribed]]></wp:meta_key>
            <wp:meta_value><![CDATA[You were successfully unsubscribed.]]></wp:meta_value>
        </wp:postmeta>
        <wp:postmeta>
            <wp:meta_key><![CDATA[text_not_subscribed]]></wp:meta_key>
            <wp:meta_value><![CDATA[Given email address is not subscribed.]]></wp:meta_value>
        </wp:postmeta>
        <wp:postmeta>
            <wp:meta_key><![CDATA[text_no_lists_selected]]></wp:meta_key>
            <wp:meta_value><![CDATA[Please select at least one list.]]></wp:meta_value>
        </wp:postmeta>
        <wp:postmeta>
            <wp:meta_key><![CDATA[text_updated]]></wp:meta_key>
            <wp:meta_value><![CDATA[Thank you, your records have been updated!]]></wp:meta_value>
        </wp:postmeta>
        <wp:postmeta>
            <wp:meta_key><![CDATA[sq_base]]></wp:meta_key>
            <wp:meta_value><![CDATA[https://seventhqueen.com/themes/kleo/wp-content/uploads]]></wp:meta_value>
        </wp:postmeta>
        <wp:postmeta>
            <wp:meta_key><![CDATA[sq_import]]></wp:meta_key>
            <wp:meta_value><![CDATA[1]]></wp:meta_value>
        </wp:postmeta>
        <wp:postmeta>
            <wp:meta_key><![CDATA[sq_domain]]></wp:meta_key>
            <wp:meta_value><![CDATA[https://seventhqueen.com/themes/kleo]]></wp:meta_value>
        </wp:postmeta>
    </item>
    <item>
        <title>Contact form 1</title>
        <link>https://seventhqueen.com/themes/kleo/?post_type=wpcf7_contact_form&#038;p=29</link>
        <pubDate>Sun, 02 Feb 2014 12:11:13 +0000</pubDate>
        <dc:creator><![CDATA[kleoadmin]]></dc:creator>
        <guid isPermaLink="false">http://seventhqueen.com/themes/kleo/?post_type=wpcf7_contact_form&#038;p=29</guid>
        <description></description>
        <content:encoded><![CDATA[<p>Your Name (required)<br />
    [text* your-name akismet:author] </p>

<p>Your Email (required)<br />
    [email* your-email akismet:author_email] </p>

<p>Subject<br />
    [text your-subject] </p>

<p>Your Message<br />
    [textarea your-message] </p>


<p>This contact form is for demo purposes only. </p>

[recaptcha]

<p>[submit "Send"]</p>
1
Mail subject: [your-subject]
no-reply@test.com
test@test.com
From: [your-name] <[your-email]>
Subject: [your-subject]

Message Body:
[your-message]

--
This e-mail was sent from a contact form on Kleo Wordpress Themes (http://seventhqueen.com/themes/kleo)





[your-subject]
[your-name] <[your-email]>
[your-email]
Message Body:
[your-message]

--
This e-mail was sent from a contact form on Kleo Wordpress Themes (http://seventhqueen.com/themes/kleo)




Your message was sent successfully. Thanks.
Failed to send your message. Please try later or contact the administrator by another method.
Validation errors occurred. Please confirm the fields and submit it again.
Failed to send your message. Please try later or contact the administrator by another method.
Please accept the terms to proceed.
Please fill the required field.
This input is too long.
This input is too short.
Date format seems invalid.
This date is too early.
This date is too late.
Failed to upload file.
This file type is not allowed.
This file is too large.
Failed to upload file. Error occurred.
Number format seems invalid.
This number is too small.
This number is too large.
Your answer is not correct.
Your entered code is incorrect.
Email address seems invalid.
URL seems invalid.
Telephone number seems invalid.
demo_mode: on]]></content:encoded>
        <excerpt:encoded><![CDATA[]]></excerpt:encoded>
        <wp:post_id>29</wp:post_id>
        <wp:post_date><![CDATA[2014-02-02 12:11:13]]></wp:post_date>
        <wp:post_date_gmt><![CDATA[2014-02-02 12:11:13]]></wp:post_date_gmt>
        <wp:comment_status><![CDATA[open]]></wp:comment_status>
        <wp:ping_status><![CDATA[open]]></wp:ping_status>
        <wp:post_name><![CDATA[contact-form-1]]></wp:post_name>
        <wp:status><![CDATA[publish]]></wp:status>
        <wp:post_parent>0</wp:post_parent>
        <wp:menu_order>0</wp:menu_order>
        <wp:post_type><![CDATA[wpcf7_contact_form]]></wp:post_type>
        <wp:post_password><![CDATA[]]></wp:post_password>
        <wp:is_sticky>0</wp:is_sticky>
        <wp:postmeta>
            <wp:meta_key><![CDATA[_form]]></wp:meta_key>
            <wp:meta_value><![CDATA[<p>Your Name (required)<br />
    [text* your-name akismet:author] </p>

<p>Your Email (required)<br />
    [email* your-email akismet:author_email] </p>

<p>Subject<br />
    [text your-subject] </p>

<p>Your Message<br />
    [textarea your-message] </p>


<p>This contact form is for demo purposes only. </p>

[recaptcha]

<p>[submit "Send"]</p>]]></wp:meta_value>
        </wp:postmeta>
        <wp:postmeta>
            <wp:meta_key><![CDATA[_mail]]></wp:meta_key>
            <wp:meta_value><![CDATA[a:9:{s:6:"active";b:1;s:7:"subject";s:28:"Mail subject: [your-subject]";s:6:"sender";s:17:"no-reply@test.com";s:9:"recipient";s:13:"test@test.com";s:4:"body";s:194:"From: [your-name] <[your-email]>
Subject: [your-subject]

Message Body:
[your-message]

--
This e-mail was sent from a contact form on Kleo Wordpress Themes (http://seventhqueen.com/themes/kleo)";s:18:"additional_headers";s:0:"";s:11:"attachments";s:0:"";s:8:"use_html";b:0;s:13:"exclude_blank";b:0;}]]></wp:meta_value>
        </wp:postmeta>
        <wp:postmeta>
            <wp:meta_key><![CDATA[_mail_2]]></wp:meta_key>
            <wp:meta_value><![CDATA[a:9:{s:6:"active";b:0;s:7:"subject";s:14:"[your-subject]";s:6:"sender";s:26:"[your-name] <[your-email]>";s:9:"recipient";s:12:"[your-email]";s:4:"body";s:136:"Message Body:
[your-message]

--
This e-mail was sent from a contact form on Kleo Wordpress Themes (http://seventhqueen.com/themes/kleo)";s:18:"additional_headers";s:0:"";s:11:"attachments";s:0:"";s:8:"use_html";b:0;s:13:"exclude_blank";b:0;}]]></wp:meta_value>
        </wp:postmeta>
        <wp:postmeta>
            <wp:meta_key><![CDATA[_messages]]></wp:meta_key>
            <wp:meta_value><![CDATA[a:23:{s:12:"mail_sent_ok";s:43:"Your message was sent successfully. Thanks.";s:12:"mail_sent_ng";s:93:"Failed to send your message. Please try later or contact the administrator by another method.";s:16:"validation_error";s:74:"Validation errors occurred. Please confirm the fields and submit it again.";s:4:"spam";s:93:"Failed to send your message. Please try later or contact the administrator by another method.";s:12:"accept_terms";s:35:"Please accept the terms to proceed.";s:16:"invalid_required";s:31:"Please fill the required field.";s:16:"invalid_too_long";s:23:"This input is too long.";s:17:"invalid_too_short";s:24:"This input is too short.";s:12:"invalid_date";s:26:"Date format seems invalid.";s:14:"date_too_early";s:23:"This date is too early.";s:13:"date_too_late";s:22:"This date is too late.";s:13:"upload_failed";s:22:"Failed to upload file.";s:24:"upload_file_type_invalid";s:30:"This file type is not allowed.";s:21:"upload_file_too_large";s:23:"This file is too large.";s:23:"upload_failed_php_error";s:38:"Failed to upload file. Error occurred.";s:14:"invalid_number";s:28:"Number format seems invalid.";s:16:"number_too_small";s:25:"This number is too small.";s:16:"number_too_large";s:25:"This number is too large.";s:23:"quiz_answer_not_correct";s:27:"Your answer is not correct.";s:17:"captcha_not_match";s:31:"Your entered code is incorrect.";s:13:"invalid_email";s:28:"Email address seems invalid.";s:11:"invalid_url";s:18:"URL seems invalid.";s:11:"invalid_tel";s:31:"Telephone number seems invalid.";}]]></wp:meta_value>
        </wp:postmeta>
        <wp:postmeta>
            <wp:meta_key><![CDATA[_additional_settings]]></wp:meta_key>
            <wp:meta_value><![CDATA[demo_mode: on]]></wp:meta_value>
        </wp:postmeta>
        <wp:postmeta>
            <wp:meta_key><![CDATA[_locale]]></wp:meta_key>
            <wp:meta_value><![CDATA[en_US]]></wp:meta_value>
        </wp:postmeta>
        <wp:postmeta>
            <wp:meta_key><![CDATA[_vc_post_settings]]></wp:meta_key>
            <wp:meta_value><![CDATA[a:1:{s:10:"vc_grid_id";a:0:{}}]]></wp:meta_value>
        </wp:postmeta>
        <wp:postmeta>
            <wp:meta_key><![CDATA[_config_errors]]></wp:meta_key>
            <wp:meta_value><![CDATA[a:1:{s:11:"mail.sender";a:1:{i:0;a:2:{s:4:"code";i:103;s:4:"args";a:3:{s:7:"message";s:0:"";s:6:"params";a:0:{}s:4:"link";s:70:"https://contactform7.com/configuration-errors/email-not-in-site-domain";}}}}]]></wp:meta_value>
        </wp:postmeta>
        <wp:postmeta>
            <wp:meta_key><![CDATA[sq_base]]></wp:meta_key>
            <wp:meta_value><![CDATA[https://seventhqueen.com/themes/kleo/wp-content/uploads]]></wp:meta_value>
        </wp:postmeta>
        <wp:postmeta>
            <wp:meta_key><![CDATA[sq_import]]></wp:meta_key>
            <wp:meta_value><![CDATA[1]]></wp:meta_value>
        </wp:postmeta>
        <wp:postmeta>
            <wp:meta_key><![CDATA[sq_domain]]></wp:meta_key>
            <wp:meta_value><![CDATA[https://seventhqueen.com/themes/kleo]]></wp:meta_value>
        </wp:postmeta>
    </item>
</channel>
</rss>
