<?xml version="1.0" encoding="UTF-8" ?>
<!-- This is a WordPress eXtended RSS file generated by WordPress as an export of your site. -->
<!-- It contains information about your site's posts, pages, comments, categories, and other content. -->
<!-- You may use this file to transfer that content from one site to another. -->
<!-- This file is not intended to serve as a complete backup of your site. -->

<!-- To import this information into a WordPress site follow these steps: -->
<!-- 1. Log in to that site as an administrator. -->
<!-- 2. Go to Tools: Import in the WordPress admin panel. -->
<!-- 3. Install the "WordPress" importer from the list. -->
<!-- 4. Activate & Run Importer. -->
<!-- 5. Upload this file using the form provided on that page. -->
<!-- 6. You will first be asked to map the authors in this export file to users -->
<!--    on the site. For each author, you may choose to map to an -->
<!--    existing user on the site or to create a new user. -->
<!-- 7. WordPress will then import each of the posts, pages, comments, categories, etc. -->
<!--    contained in this file into your site. -->

<!-- generator="WordPress/4.7.2" created="2017-03-06 21:03" -->
<rss version="2.0"
     xmlns:excerpt="http://wordpress.org/export/1.1/excerpt/"
     xmlns:content="http://purl.org/rss/1.0/modules/content/"
     xmlns:wfw="http://wellformedweb.org/CommentAPI/"
     xmlns:dc="http://purl.org/dc/elements/1.1/"
     xmlns:wp="http://wordpress.org/export/1.1/"
>

    <channel>
        <title>Medical Demo</title>
        <link>http://seventhqueen.com/themes/kleo/medical</link>
        <description>Kleo WP medical theme</description>
        <pubDate>Mon, 06 Mar 2017 21:03:08 +0000</pubDate>
        <language></language>
        <wp:wxr_version>1.1</wp:wxr_version>
        <wp:base_site_url>http://seventhqueen.com/themes/kleo/</wp:base_site_url>
        <wp:base_blog_url>http://seventhqueen.com/themes/kleo/medical</wp:base_blog_url>

        <wp:term><wp:term_id>2</wp:term_id><wp:term_taxonomy>nav_menu</wp:term_taxonomy><wp:term_slug>kleo-medical</wp:term_slug><wp:term_name><![CDATA[Kleo Medical]]></wp:term_name></wp:term>

        <generator>https://wordpress.org/?v=4.7.2</generator>

        <item>
            <title>Success Story</title>
            <link>http://seventhqueen.com/themes/kleo/medical/?post_type=nav_menu_item&#038;p=17</link>
            <pubDate>Fri, 18 Dec 2015 11:26:17 +0000</pubDate>
            <dc:creator>daniel</dc:creator>
            <guid isPermaLink="false">http://seventhqueen.com/themes/kleo/medical/?p=17</guid>
            <description></description>
            <content:encoded><![CDATA[]]></content:encoded>
            <excerpt:encoded><![CDATA[]]></excerpt:encoded>
            <wp:post_id>17</wp:post_id>
            <wp:post_date>2015-12-18 11:26:17</wp:post_date>
            <wp:post_date_gmt>2015-12-18 11:26:17</wp:post_date_gmt>
            <wp:comment_status>closed</wp:comment_status>
            <wp:ping_status>closed</wp:ping_status>
            <wp:post_name>clinics</wp:post_name>
            <wp:status>publish</wp:status>
            <wp:post_parent>0</wp:post_parent>
            <wp:menu_order>1</wp:menu_order>
            <wp:post_type>nav_menu_item</wp:post_type>
            <wp:post_password></wp:post_password>
            <wp:is_sticky>0</wp:is_sticky>
            <category domain="nav_menu" nicename="kleo-medical"><![CDATA[Kleo Medical]]></category>
            <wp:postmeta>
                <wp:meta_key>_menu_item_type</wp:meta_key>
                <wp:meta_value><![CDATA[custom]]></wp:meta_value>
            </wp:postmeta>
            <wp:postmeta>
                <wp:meta_key>_menu_item_menu_item_parent</wp:meta_key>
                <wp:meta_value><![CDATA[0]]></wp:meta_value>
            </wp:postmeta>
            <wp:postmeta>
                <wp:meta_key>_menu_item_object_id</wp:meta_key>
                <wp:meta_value><![CDATA[17]]></wp:meta_value>
            </wp:postmeta>
            <wp:postmeta>
                <wp:meta_key>_menu_item_object</wp:meta_key>
                <wp:meta_value><![CDATA[custom]]></wp:meta_value>
            </wp:postmeta>
            <wp:postmeta>
                <wp:meta_key>_menu_item_target</wp:meta_key>
                <wp:meta_value><![CDATA[]]></wp:meta_value>
            </wp:postmeta>
            <wp:postmeta>
                <wp:meta_key>_menu_item_classes</wp:meta_key>
                <wp:meta_value><![CDATA[a:1:{i:0;s:0:"";}]]></wp:meta_value>
            </wp:postmeta>
            <wp:postmeta>
                <wp:meta_key>_menu_item_xfn</wp:meta_key>
                <wp:meta_value><![CDATA[]]></wp:meta_value>
            </wp:postmeta>
            <wp:postmeta>
                <wp:meta_key>_menu_item_url</wp:meta_key>
                <wp:meta_value><![CDATA[#success-story]]></wp:meta_value>
            </wp:postmeta>
            <wp:postmeta>
                <wp:meta_key>_menu_item_mega</wp:meta_key>
                <wp:meta_value><![CDATA[]]></wp:meta_value>
            </wp:postmeta>
            <wp:postmeta>
                <wp:meta_key>_menu_item_icon</wp:meta_key>
                <wp:meta_value><![CDATA[]]></wp:meta_value>
            </wp:postmeta>
            <wp:postmeta>
                <wp:meta_key>_menu_item_iconpos</wp:meta_key>
                <wp:meta_value><![CDATA[]]></wp:meta_value>
            </wp:postmeta>
            <wp:postmeta>
                <wp:meta_key>_vc_post_settings</wp:meta_key>
                <wp:meta_value><![CDATA[a:1:{s:10:"vc_grid_id";a:0:{}}]]></wp:meta_value>
            </wp:postmeta>
            <wp:postmeta>
                <wp:meta_key>_menu_item_istyle</wp:meta_key>
                <wp:meta_value><![CDATA[]]></wp:meta_value>
            </wp:postmeta>
        </item>
        <item>
            <title>Specialities</title>
            <link>http://seventhqueen.com/themes/kleo/medical/?post_type=nav_menu_item&#038;p=19</link>
            <pubDate>Fri, 18 Dec 2015 11:26:17 +0000</pubDate>
            <dc:creator>daniel</dc:creator>
            <guid isPermaLink="false">http://seventhqueen.com/themes/kleo/medical/?p=19</guid>
            <description></description>
            <content:encoded><![CDATA[]]></content:encoded>
            <excerpt:encoded><![CDATA[]]></excerpt:encoded>
            <wp:post_id>19</wp:post_id>
            <wp:post_date>2015-12-18 11:26:17</wp:post_date>
            <wp:post_date_gmt>2015-12-18 11:26:17</wp:post_date_gmt>
            <wp:comment_status>closed</wp:comment_status>
            <wp:ping_status>closed</wp:ping_status>
            <wp:post_name>specialities</wp:post_name>
            <wp:status>publish</wp:status>
            <wp:post_parent>0</wp:post_parent>
            <wp:menu_order>2</wp:menu_order>
            <wp:post_type>nav_menu_item</wp:post_type>
            <wp:post_password></wp:post_password>
            <wp:is_sticky>0</wp:is_sticky>
            <category domain="nav_menu" nicename="kleo-medical"><![CDATA[Kleo Medical]]></category>
            <wp:postmeta>
                <wp:meta_key>_menu_item_type</wp:meta_key>
                <wp:meta_value><![CDATA[custom]]></wp:meta_value>
            </wp:postmeta>
            <wp:postmeta>
                <wp:meta_key>_menu_item_menu_item_parent</wp:meta_key>
                <wp:meta_value><![CDATA[0]]></wp:meta_value>
            </wp:postmeta>
            <wp:postmeta>
                <wp:meta_key>_menu_item_object_id</wp:meta_key>
                <wp:meta_value><![CDATA[19]]></wp:meta_value>
            </wp:postmeta>
            <wp:postmeta>
                <wp:meta_key>_menu_item_object</wp:meta_key>
                <wp:meta_value><![CDATA[custom]]></wp:meta_value>
            </wp:postmeta>
            <wp:postmeta>
                <wp:meta_key>_menu_item_target</wp:meta_key>
                <wp:meta_value><![CDATA[]]></wp:meta_value>
            </wp:postmeta>
            <wp:postmeta>
                <wp:meta_key>_menu_item_classes</wp:meta_key>
                <wp:meta_value><![CDATA[a:1:{i:0;s:0:"";}]]></wp:meta_value>
            </wp:postmeta>
            <wp:postmeta>
                <wp:meta_key>_menu_item_xfn</wp:meta_key>
                <wp:meta_value><![CDATA[]]></wp:meta_value>
            </wp:postmeta>
            <wp:postmeta>
                <wp:meta_key>_menu_item_url</wp:meta_key>
                <wp:meta_value><![CDATA[#specialities]]></wp:meta_value>
            </wp:postmeta>
            <wp:postmeta>
                <wp:meta_key>_menu_item_mega</wp:meta_key>
                <wp:meta_value><![CDATA[]]></wp:meta_value>
            </wp:postmeta>
            <wp:postmeta>
                <wp:meta_key>_menu_item_icon</wp:meta_key>
                <wp:meta_value><![CDATA[]]></wp:meta_value>
            </wp:postmeta>
            <wp:postmeta>
                <wp:meta_key>_menu_item_iconpos</wp:meta_key>
                <wp:meta_value><![CDATA[]]></wp:meta_value>
            </wp:postmeta>
            <wp:postmeta>
                <wp:meta_key>_vc_post_settings</wp:meta_key>
                <wp:meta_value><![CDATA[a:1:{s:10:"vc_grid_id";a:0:{}}]]></wp:meta_value>
            </wp:postmeta>
            <wp:postmeta>
                <wp:meta_key>_menu_item_istyle</wp:meta_key>
                <wp:meta_value><![CDATA[]]></wp:meta_value>
            </wp:postmeta>
        </item>
        <item>
            <title>Our Doctors</title>
            <link>http://seventhqueen.com/themes/kleo/medical/?post_type=nav_menu_item&#038;p=20</link>
            <pubDate>Fri, 18 Dec 2015 11:26:17 +0000</pubDate>
            <dc:creator>daniel</dc:creator>
            <guid isPermaLink="false">http://seventhqueen.com/themes/kleo/medical/?p=20</guid>
            <description></description>
            <content:encoded><![CDATA[]]></content:encoded>
            <excerpt:encoded><![CDATA[]]></excerpt:encoded>
            <wp:post_id>20</wp:post_id>
            <wp:post_date>2015-12-18 11:26:17</wp:post_date>
            <wp:post_date_gmt>2015-12-18 11:26:17</wp:post_date_gmt>
            <wp:comment_status>closed</wp:comment_status>
            <wp:ping_status>closed</wp:ping_status>
            <wp:post_name>medics</wp:post_name>
            <wp:status>publish</wp:status>
            <wp:post_parent>0</wp:post_parent>
            <wp:menu_order>3</wp:menu_order>
            <wp:post_type>nav_menu_item</wp:post_type>
            <wp:post_password></wp:post_password>
            <wp:is_sticky>0</wp:is_sticky>
            <category domain="nav_menu" nicename="kleo-medical"><![CDATA[Kleo Medical]]></category>
            <wp:postmeta>
                <wp:meta_key>_menu_item_type</wp:meta_key>
                <wp:meta_value><![CDATA[custom]]></wp:meta_value>
            </wp:postmeta>
            <wp:postmeta>
                <wp:meta_key>_menu_item_menu_item_parent</wp:meta_key>
                <wp:meta_value><![CDATA[0]]></wp:meta_value>
            </wp:postmeta>
            <wp:postmeta>
                <wp:meta_key>_menu_item_object_id</wp:meta_key>
                <wp:meta_value><![CDATA[20]]></wp:meta_value>
            </wp:postmeta>
            <wp:postmeta>
                <wp:meta_key>_menu_item_object</wp:meta_key>
                <wp:meta_value><![CDATA[custom]]></wp:meta_value>
            </wp:postmeta>
            <wp:postmeta>
                <wp:meta_key>_menu_item_target</wp:meta_key>
                <wp:meta_value><![CDATA[]]></wp:meta_value>
            </wp:postmeta>
            <wp:postmeta>
                <wp:meta_key>_menu_item_classes</wp:meta_key>
                <wp:meta_value><![CDATA[a:1:{i:0;s:0:"";}]]></wp:meta_value>
            </wp:postmeta>
            <wp:postmeta>
                <wp:meta_key>_menu_item_xfn</wp:meta_key>
                <wp:meta_value><![CDATA[]]></wp:meta_value>
            </wp:postmeta>
            <wp:postmeta>
                <wp:meta_key>_menu_item_url</wp:meta_key>
                <wp:meta_value><![CDATA[#doctors]]></wp:meta_value>
            </wp:postmeta>
            <wp:postmeta>
                <wp:meta_key>_menu_item_mega</wp:meta_key>
                <wp:meta_value><![CDATA[]]></wp:meta_value>
            </wp:postmeta>
            <wp:postmeta>
                <wp:meta_key>_menu_item_icon</wp:meta_key>
                <wp:meta_value><![CDATA[]]></wp:meta_value>
            </wp:postmeta>
            <wp:postmeta>
                <wp:meta_key>_menu_item_iconpos</wp:meta_key>
                <wp:meta_value><![CDATA[]]></wp:meta_value>
            </wp:postmeta>
            <wp:postmeta>
                <wp:meta_key>_vc_post_settings</wp:meta_key>
                <wp:meta_value><![CDATA[a:1:{s:10:"vc_grid_id";a:0:{}}]]></wp:meta_value>
            </wp:postmeta>
            <wp:postmeta>
                <wp:meta_key>_menu_item_istyle</wp:meta_key>
                <wp:meta_value><![CDATA[]]></wp:meta_value>
            </wp:postmeta>
        </item>
        <item>
            <title>Contact</title>
            <link>http://seventhqueen.com/themes/kleo/medical/?post_type=nav_menu_item&#038;p=21</link>
            <pubDate>Fri, 18 Dec 2015 11:26:17 +0000</pubDate>
            <dc:creator>daniel</dc:creator>
            <guid isPermaLink="false">http://seventhqueen.com/themes/kleo/medical/?p=21</guid>
            <description></description>
            <content:encoded><![CDATA[]]></content:encoded>
            <excerpt:encoded><![CDATA[]]></excerpt:encoded>
            <wp:post_id>21</wp:post_id>
            <wp:post_date>2015-12-18 11:26:17</wp:post_date>
            <wp:post_date_gmt>2015-12-18 11:26:17</wp:post_date_gmt>
            <wp:comment_status>closed</wp:comment_status>
            <wp:ping_status>closed</wp:ping_status>
            <wp:post_name>contact</wp:post_name>
            <wp:status>publish</wp:status>
            <wp:post_parent>0</wp:post_parent>
            <wp:menu_order>5</wp:menu_order>
            <wp:post_type>nav_menu_item</wp:post_type>
            <wp:post_password></wp:post_password>
            <wp:is_sticky>0</wp:is_sticky>
            <category domain="nav_menu" nicename="kleo-medical"><![CDATA[Kleo Medical]]></category>
            <wp:postmeta>
                <wp:meta_key>_menu_item_type</wp:meta_key>
                <wp:meta_value><![CDATA[custom]]></wp:meta_value>
            </wp:postmeta>
            <wp:postmeta>
                <wp:meta_key>_menu_item_menu_item_parent</wp:meta_key>
                <wp:meta_value><![CDATA[0]]></wp:meta_value>
            </wp:postmeta>
            <wp:postmeta>
                <wp:meta_key>_menu_item_object_id</wp:meta_key>
                <wp:meta_value><![CDATA[21]]></wp:meta_value>
            </wp:postmeta>
            <wp:postmeta>
                <wp:meta_key>_menu_item_object</wp:meta_key>
                <wp:meta_value><![CDATA[custom]]></wp:meta_value>
            </wp:postmeta>
            <wp:postmeta>
                <wp:meta_key>_menu_item_target</wp:meta_key>
                <wp:meta_value><![CDATA[]]></wp:meta_value>
            </wp:postmeta>
            <wp:postmeta>
                <wp:meta_key>_menu_item_classes</wp:meta_key>
                <wp:meta_value><![CDATA[a:1:{i:0;s:0:"";}]]></wp:meta_value>
            </wp:postmeta>
            <wp:postmeta>
                <wp:meta_key>_menu_item_xfn</wp:meta_key>
                <wp:meta_value><![CDATA[]]></wp:meta_value>
            </wp:postmeta>
            <wp:postmeta>
                <wp:meta_key>_menu_item_url</wp:meta_key>
                <wp:meta_value><![CDATA[#make-an-appointment]]></wp:meta_value>
            </wp:postmeta>
            <wp:postmeta>
                <wp:meta_key>_menu_item_mega</wp:meta_key>
                <wp:meta_value><![CDATA[]]></wp:meta_value>
            </wp:postmeta>
            <wp:postmeta>
                <wp:meta_key>_menu_item_icon</wp:meta_key>
                <wp:meta_value><![CDATA[]]></wp:meta_value>
            </wp:postmeta>
            <wp:postmeta>
                <wp:meta_key>_menu_item_iconpos</wp:meta_key>
                <wp:meta_value><![CDATA[]]></wp:meta_value>
            </wp:postmeta>
            <wp:postmeta>
                <wp:meta_key>_vc_post_settings</wp:meta_key>
                <wp:meta_value><![CDATA[a:1:{s:10:"vc_grid_id";a:0:{}}]]></wp:meta_value>
            </wp:postmeta>
            <wp:postmeta>
                <wp:meta_key>_menu_item_istyle</wp:meta_key>
                <wp:meta_value><![CDATA[]]></wp:meta_value>
            </wp:postmeta>
        </item>
        <item>
            <title>News</title>
            <link>http://seventhqueen.com/themes/kleo/medical/?post_type=nav_menu_item&#038;p=141</link>
            <pubDate>Thu, 02 Mar 2017 13:02:02 +0000</pubDate>
            <dc:creator>kleoadmin</dc:creator>
            <guid isPermaLink="false">http://seventhqueen.com/themes/kleo/medical/?p=141</guid>
            <description></description>
            <content:encoded><![CDATA[]]></content:encoded>
            <excerpt:encoded><![CDATA[]]></excerpt:encoded>
            <wp:post_id>141</wp:post_id>
            <wp:post_date>2017-03-02 13:02:02</wp:post_date>
            <wp:post_date_gmt>2017-03-02 13:02:02</wp:post_date_gmt>
            <wp:comment_status>closed</wp:comment_status>
            <wp:ping_status>closed</wp:ping_status>
            <wp:post_name>news</wp:post_name>
            <wp:status>publish</wp:status>
            <wp:post_parent>0</wp:post_parent>
            <wp:menu_order>4</wp:menu_order>
            <wp:post_type>nav_menu_item</wp:post_type>
            <wp:post_password></wp:post_password>
            <wp:is_sticky>0</wp:is_sticky>
            <category domain="nav_menu" nicename="kleo-medical"><![CDATA[Kleo Medical]]></category>
            <wp:postmeta>
                <wp:meta_key>_vc_post_settings</wp:meta_key>
                <wp:meta_value><![CDATA[a:1:{s:10:"vc_grid_id";a:0:{}}]]></wp:meta_value>
            </wp:postmeta>
            <wp:postmeta>
                <wp:meta_key>_menu_item_type</wp:meta_key>
                <wp:meta_value><![CDATA[custom]]></wp:meta_value>
            </wp:postmeta>
            <wp:postmeta>
                <wp:meta_key>_menu_item_menu_item_parent</wp:meta_key>
                <wp:meta_value><![CDATA[0]]></wp:meta_value>
            </wp:postmeta>
            <wp:postmeta>
                <wp:meta_key>_menu_item_object_id</wp:meta_key>
                <wp:meta_value><![CDATA[141]]></wp:meta_value>
            </wp:postmeta>
            <wp:postmeta>
                <wp:meta_key>_menu_item_object</wp:meta_key>
                <wp:meta_value><![CDATA[custom]]></wp:meta_value>
            </wp:postmeta>
            <wp:postmeta>
                <wp:meta_key>_menu_item_target</wp:meta_key>
                <wp:meta_value><![CDATA[]]></wp:meta_value>
            </wp:postmeta>
            <wp:postmeta>
                <wp:meta_key>_menu_item_classes</wp:meta_key>
                <wp:meta_value><![CDATA[a:1:{i:0;s:0:"";}]]></wp:meta_value>
            </wp:postmeta>
            <wp:postmeta>
                <wp:meta_key>_menu_item_xfn</wp:meta_key>
                <wp:meta_value><![CDATA[]]></wp:meta_value>
            </wp:postmeta>
            <wp:postmeta>
                <wp:meta_key>_menu_item_url</wp:meta_key>
                <wp:meta_value><![CDATA[#news]]></wp:meta_value>
            </wp:postmeta>
            <wp:postmeta>
                <wp:meta_key>_menu_item_mega</wp:meta_key>
                <wp:meta_value><![CDATA[]]></wp:meta_value>
            </wp:postmeta>
            <wp:postmeta>
                <wp:meta_key>_menu_item_icon</wp:meta_key>
                <wp:meta_value><![CDATA[]]></wp:meta_value>
            </wp:postmeta>
            <wp:postmeta>
                <wp:meta_key>_menu_item_iconpos</wp:meta_key>
                <wp:meta_value><![CDATA[]]></wp:meta_value>
            </wp:postmeta>
            <wp:postmeta>
                <wp:meta_key>_menu_item_istyle</wp:meta_key>
                <wp:meta_value><![CDATA[]]></wp:meta_value>
            </wp:postmeta>
        </item>
    </channel>
</rss>
