<?xml version="1.0" encoding="UTF-8" ?>
<!-- This is a WordPress eXtended RSS file generated by WordPress as an export of your site. -->
<!-- It contains information about your site's posts, pages, comments, categories, and other content. -->
<!-- You may use this file to transfer that content from one site to another. -->
<!-- This file is not intended to serve as a complete backup of your site. -->

<!-- To import this information into a WordPress site follow these steps: -->
<!-- 1. Log in to that site as an administrator. -->
<!-- 2. Go to Tools: Import in the WordPress admin panel. -->
<!-- 3. Install the "WordPress" importer from the list. -->
<!-- 4. Activate & Run Importer. -->
<!-- 5. Upload this file using the form provided on that page. -->
<!-- 6. You will first be asked to map the authors in this export file to users -->
<!--    on the site. For each author, you may choose to map to an -->
<!--    existing user on the site or to create a new user. -->
<!-- 7. WordPress will then import each of the posts, pages, comments, categories, etc. -->
<!--    contained in this file into your site. -->


<rss version="2.0"
     xmlns:excerpt="http://wordpress.org/export/1.1/excerpt/"
     xmlns:content="http://purl.org/rss/1.0/modules/content/"
     xmlns:wfw="http://wellformedweb.org/CommentAPI/"
     xmlns:dc="http://purl.org/dc/elements/1.1/"
     xmlns:wp="http://wordpress.org/export/1.1/"
>
    <channel>
        <title>KLEO Template</title>
        <link>https://seventhqueen.com/demo/kleo</link>
        <description>Wordpress Premium Template</description>
        <pubDate>Fri, 05 Apr 2019 10:03:39 +0000</pubDate>
        <language></language>
        <wp:wxr_version>1.1</wp:wxr_version>
        <wp:base_site_url>https://seventhqueen.com/demo/kleo</wp:base_site_url>
        <wp:base_blog_url>https://seventhqueen.com/demo/kleo</wp:base_blog_url>

        <wp:term><wp:term_id>8</wp:term_id><wp:term_taxonomy>nav_menu</wp:term_taxonomy><wp:term_slug>kleonavmenu</wp:term_slug><wp:term_name><![CDATA[kleoNavMenu]]></wp:term_name></wp:term>
        <wp:term><wp:term_id>9</wp:term_id><wp:term_taxonomy>nav_menu</wp:term_taxonomy><wp:term_slug>kleotopmenu</wp:term_slug><wp:term_name><![CDATA[kleoTopMenu]]></wp:term_name></wp:term>
        <wp:term><wp:term_id>22</wp:term_id><wp:term_taxonomy>nav_menu</wp:term_taxonomy><wp:term_slug>one-page</wp:term_slug><wp:term_name><![CDATA[One Page]]></wp:term_name></wp:term>



        <item>
            <title>Blog</title>
            <link>https://seventhqueen.com/demo/kleo/blog/</link>
            <pubDate>Sun, 02 Feb 2014 10:52:42 +0000</pubDate>
            <dc:creator>admin</dc:creator>
            <guid isPermaLink="false">http://seventhqueen.com/themes/kleo/?page_id=24</guid>
            <description></description>
            <content:encoded><![CDATA[]]></content:encoded>
            <excerpt:encoded><![CDATA[]]></excerpt:encoded>
            <wp:post_id>24</wp:post_id>
            <wp:post_date>2014-02-02 10:52:42</wp:post_date>
            <wp:post_date_gmt>2014-02-02 10:52:42</wp:post_date_gmt>
            <wp:comment_status>open</wp:comment_status>
            <wp:ping_status>open</wp:ping_status>
            <wp:post_name>blog</wp:post_name>
            <wp:status>publish</wp:status>
            <wp:post_parent>0</wp:post_parent>
            <wp:menu_order>0</wp:menu_order>
            <wp:post_type>page</wp:post_type>
            <wp:post_password></wp:post_password>
            <wp:is_sticky>0</wp:is_sticky>
            <wp:postmeta>
                <wp:meta_key>_edit_last</wp:meta_key>
                <wp:meta_value><![CDATA[1]]></wp:meta_value>
            </wp:postmeta>
            <wp:postmeta>
                <wp:meta_key>_wp_page_template</wp:meta_key>
                <wp:meta_value><![CDATA[default]]></wp:meta_value>
            </wp:postmeta>
            <wp:postmeta>
                <wp:meta_key>_wpb_vc_js_status</wp:meta_key>
                <wp:meta_value><![CDATA[false]]></wp:meta_value>
            </wp:postmeta>
            <wp:postmeta>
                <wp:meta_key>_wpb_vc_js_interface_version</wp:meta_key>
                <wp:meta_value><![CDATA[2]]></wp:meta_value>
            </wp:postmeta>
            <wp:postmeta>
                <wp:meta_key>slide_template</wp:meta_key>
                <wp:meta_value><![CDATA[]]></wp:meta_value>
            </wp:postmeta>
            <wp:postmeta>
                <wp:meta_key>sbg_selected_sidebar</wp:meta_key>
                <wp:meta_value><![CDATA[a:1:{i:0;s:1:"0";}]]></wp:meta_value>
            </wp:postmeta>
            <wp:postmeta>
                <wp:meta_key>sbg_selected_sidebar_replacement</wp:meta_key>
                <wp:meta_value><![CDATA[a:1:{i:0;s:1:"0";}]]></wp:meta_value>
            </wp:postmeta>
            <wp:postmeta>
                <wp:meta_key>sq_base</wp:meta_key>
                <wp:meta_value><![CDATA[https://seventhqueen.com/demo/kleo/wp-content/uploads]]></wp:meta_value>
            </wp:postmeta>
            <wp:postmeta>
                <wp:meta_key>sq_import</wp:meta_key>
                <wp:meta_value><![CDATA[1]]></wp:meta_value>
            </wp:postmeta>
            <wp:postmeta>
                <wp:meta_key>sq_domain</wp:meta_key>
                <wp:meta_value><![CDATA[https://seventhqueen.com/demo/kleo]]></wp:meta_value>
            </wp:postmeta>
        </item>
        <item>
            <title>Contact us</title>
            <link>https://seventhqueen.com/demo/kleo/contact/</link>
            <pubDate>Sun, 02 Feb 2014 12:15:43 +0000</pubDate>
            <dc:creator>admin</dc:creator>
            <guid isPermaLink="false">http://seventhqueen.com/themes/kleo/?page_id=30</guid>
            <description></description>
            <content:encoded><![CDATA[[vc_row inner_container="no" section_type="main" bg_position="top" bg_repeat="no-repeat" bg_cover="true" bg_attachment="false" parallax_speed="0.1" padding_top="0" padding_bottom="0" border="bottom" css_animation="right-to-left" min_height="0"][vc_column width="1/1"][vc_gmaps type="m" zoom="14" link="https://www.google.com/maps/embed?pb=!1m14!1m12!1m3!1d13250.216292683543!2d151.23235643049514!3d-33.87538140441755!2m3!1f0!2f0!3f0!3m2!1i1024!2i768!4f13.1!5e0!3m2!1sro!2s!4v1391343442092" size="250"][/vc_column][/vc_row][vc_row inner_container="yes" section_type="main" bg_position="top" bg_repeat="no-repeat" bg_cover="true" bg_attachment="false" parallax_speed="0.1" padding_top="40" padding_bottom="40" min_height="0" border="bottom" css_animation="right-to-left"][vc_column width="1/2"][vc_column_text css_animation="right-to-left"]
<h4>Main Office</h4>
<strong>Address:</strong>
Lorem ipsum dolor sit amet, has an nullam sadipscing ullamcorper, nisl graeci minimum usu no, ne est erat deseruisse vituperata.

Lorem ipsum dolor sit amet, has an nullam sadipscing ullamcorper, nisl graeci minimum usu no, ne est erat deseruisse vituperata.

<strong>Email: </strong>
<a href="mailto:support@seventhqueen.com">support@seventhqueen.com</a>

<strong>Phone: </strong>
(+1) 07123456789[/vc_column_text][/vc_column][vc_column width="1/2"][vc_column_text css_animation="right-to-left"]
<h4>Send us a message</h4>
[/vc_column_text][contact-form-7 id="29" title="Drop us a line"][/vc_column][/vc_row] ]]></content:encoded>
            <excerpt:encoded><![CDATA[]]></excerpt:encoded>
            <wp:post_id>30</wp:post_id>
            <wp:post_date>2014-02-02 12:15:43</wp:post_date>
            <wp:post_date_gmt>2014-02-02 12:15:43</wp:post_date_gmt>
            <wp:comment_status>open</wp:comment_status>
            <wp:ping_status>open</wp:ping_status>
            <wp:post_name>contact</wp:post_name>
            <wp:status>publish</wp:status>
            <wp:post_parent>0</wp:post_parent>
            <wp:menu_order>0</wp:menu_order>
            <wp:post_type>page</wp:post_type>
            <wp:post_password></wp:post_password>
            <wp:is_sticky>0</wp:is_sticky>
            <wp:postmeta>
                <wp:meta_key>_edit_last</wp:meta_key>
                <wp:meta_value><![CDATA[1]]></wp:meta_value>
            </wp:postmeta>
            <wp:postmeta>
                <wp:meta_key>_wp_page_template</wp:meta_key>
                <wp:meta_value><![CDATA[page-templates/full-width.php]]></wp:meta_value>
            </wp:postmeta>
            <wp:postmeta>
                <wp:meta_key>_wpb_vc_js_status</wp:meta_key>
                <wp:meta_value><![CDATA[true]]></wp:meta_value>
            </wp:postmeta>
            <wp:postmeta>
                <wp:meta_key>_wpb_vc_js_interface_version</wp:meta_key>
                <wp:meta_value><![CDATA[2]]></wp:meta_value>
            </wp:postmeta>
            <wp:postmeta>
                <wp:meta_key>slide_template</wp:meta_key>
                <wp:meta_value><![CDATA[]]></wp:meta_value>
            </wp:postmeta>
            <wp:postmeta>
                <wp:meta_key>_kleo_title_checkbox</wp:meta_key>
                <wp:meta_value><![CDATA[1]]></wp:meta_value>
            </wp:postmeta>
            <wp:postmeta>
                <wp:meta_key>sbg_selected_sidebar</wp:meta_key>
                <wp:meta_value><![CDATA[a:1:{i:0;s:1:"0";}]]></wp:meta_value>
            </wp:postmeta>
            <wp:postmeta>
                <wp:meta_key>sbg_selected_sidebar_replacement</wp:meta_key>
                <wp:meta_value><![CDATA[a:1:{i:0;s:1:"0";}]]></wp:meta_value>
            </wp:postmeta>
            <wp:postmeta>
                <wp:meta_key>sq_base</wp:meta_key>
                <wp:meta_value><![CDATA[https://seventhqueen.com/demo/kleo/wp-content/uploads]]></wp:meta_value>
            </wp:postmeta>
            <wp:postmeta>
                <wp:meta_key>sq_import</wp:meta_key>
                <wp:meta_value><![CDATA[1]]></wp:meta_value>
            </wp:postmeta>
            <wp:postmeta>
                <wp:meta_key>sq_domain</wp:meta_key>
                <wp:meta_value><![CDATA[https://seventhqueen.com/demo/kleo]]></wp:meta_value>
            </wp:postmeta>
        </item>
        <item>
            <title>Community</title>
            <link>https://seventhqueen.com/demo/kleo/community/</link>
            <pubDate>Thu, 06 Mar 2014 12:57:54 +0000</pubDate>
            <dc:creator>admin</dc:creator>
            <guid isPermaLink="false">http://seventhqueen.com/demo/kleo/?p=836</guid>
            <description></description>
            <content:encoded><![CDATA[]]></content:encoded>
            <excerpt:encoded><![CDATA[]]></excerpt:encoded>
            <wp:post_id>836</wp:post_id>
            <wp:post_date>2014-03-06 12:57:54</wp:post_date>
            <wp:post_date_gmt>2014-03-06 12:57:54</wp:post_date_gmt>
            <wp:comment_status>open</wp:comment_status>
            <wp:ping_status>closed</wp:ping_status>
            <wp:post_name>community</wp:post_name>
            <wp:status>publish</wp:status>
            <wp:post_parent>0</wp:post_parent>
            <wp:menu_order>1</wp:menu_order>
            <wp:post_type>nav_menu_item</wp:post_type>
            <wp:post_password></wp:post_password>
            <wp:is_sticky>0</wp:is_sticky>
            <category domain="nav_menu" nicename="kleonavmenu"><![CDATA[kleoNavMenu]]></category>
            <wp:postmeta>
                <wp:meta_key>_menu_item_type</wp:meta_key>
                <wp:meta_value><![CDATA[custom]]></wp:meta_value>
            </wp:postmeta>
            <wp:postmeta>
                <wp:meta_key>_menu_item_menu_item_parent</wp:meta_key>
                <wp:meta_value><![CDATA[0]]></wp:meta_value>
            </wp:postmeta>
            <wp:postmeta>
                <wp:meta_key>_menu_item_object_id</wp:meta_key>
                <wp:meta_value><![CDATA[836]]></wp:meta_value>
            </wp:postmeta>
            <wp:postmeta>
                <wp:meta_key>_menu_item_object</wp:meta_key>
                <wp:meta_value><![CDATA[custom]]></wp:meta_value>
            </wp:postmeta>
            <wp:postmeta>
                <wp:meta_key>_menu_item_target</wp:meta_key>
                <wp:meta_value><![CDATA[]]></wp:meta_value>
            </wp:postmeta>
            <wp:postmeta>
                <wp:meta_key>_menu_item_classes</wp:meta_key>
                <wp:meta_value><![CDATA[a:1:{i:0;s:0:"";}]]></wp:meta_value>
            </wp:postmeta>
            <wp:postmeta>
                <wp:meta_key>_menu_item_xfn</wp:meta_key>
                <wp:meta_value><![CDATA[]]></wp:meta_value>
            </wp:postmeta>
            <wp:postmeta>
                <wp:meta_key>_menu_item_url</wp:meta_key>
                <wp:meta_value><![CDATA[#]]></wp:meta_value>
            </wp:postmeta>
            <wp:postmeta>
                <wp:meta_key>_menu_item_mega</wp:meta_key>
                <wp:meta_value><![CDATA[]]></wp:meta_value>
            </wp:postmeta>
            <wp:postmeta>
                <wp:meta_key>_menu_item_icon</wp:meta_key>
                <wp:meta_value><![CDATA[]]></wp:meta_value>
            </wp:postmeta>
            <wp:postmeta>
                <wp:meta_key>_menu_item_iconpos</wp:meta_key>
                <wp:meta_value><![CDATA[]]></wp:meta_value>
            </wp:postmeta>
            <wp:postmeta>
                <wp:meta_key>_menu_item_istyle</wp:meta_key>
                <wp:meta_value><![CDATA[]]></wp:meta_value>
            </wp:postmeta>
            <wp:postmeta>
                <wp:meta_key>sq_base</wp:meta_key>
                <wp:meta_value><![CDATA[https://seventhqueen.com/demo/kleo/wp-content/uploads]]></wp:meta_value>
            </wp:postmeta>
            <wp:postmeta>
                <wp:meta_key>sq_import</wp:meta_key>
                <wp:meta_value><![CDATA[1]]></wp:meta_value>
            </wp:postmeta>
            <wp:postmeta>
                <wp:meta_key>sq_domain</wp:meta_key>
                <wp:meta_value><![CDATA[https://seventhqueen.com/demo/kleo]]></wp:meta_value>
            </wp:postmeta>
        </item>
        <item>
            <title>My account</title>
            <link>https://seventhqueen.com/demo/kleo/my-account/</link>
            <pubDate>Thu, 06 Mar 2014 12:58:27 +0000</pubDate>
            <dc:creator>admin</dc:creator>
            <guid isPermaLink="false">http://seventhqueen.com/demo/kleo/?p=853</guid>
            <description></description>
            <content:encoded><![CDATA[]]></content:encoded>
            <excerpt:encoded><![CDATA[]]></excerpt:encoded>
            <wp:post_id>853</wp:post_id>
            <wp:post_date>2014-03-06 12:58:27</wp:post_date>
            <wp:post_date_gmt>2014-03-06 12:58:27</wp:post_date_gmt>
            <wp:comment_status>open</wp:comment_status>
            <wp:ping_status>closed</wp:ping_status>
            <wp:post_name>my-account</wp:post_name>
            <wp:status>publish</wp:status>
            <wp:post_parent>0</wp:post_parent>
            <wp:menu_order>5</wp:menu_order>
            <wp:post_type>nav_menu_item</wp:post_type>
            <wp:post_password></wp:post_password>
            <wp:is_sticky>0</wp:is_sticky>
            <category domain="nav_menu" nicename="kleonavmenu"><![CDATA[kleoNavMenu]]></category>
            <wp:postmeta>
                <wp:meta_key>_menu_item_type</wp:meta_key>
                <wp:meta_value><![CDATA[custom]]></wp:meta_value>
            </wp:postmeta>
            <wp:postmeta>
                <wp:meta_key>_menu_item_menu_item_parent</wp:meta_key>
                <wp:meta_value><![CDATA[0]]></wp:meta_value>
            </wp:postmeta>
            <wp:postmeta>
                <wp:meta_key>_menu_item_object_id</wp:meta_key>
                <wp:meta_value><![CDATA[853]]></wp:meta_value>
            </wp:postmeta>
            <wp:postmeta>
                <wp:meta_key>_menu_item_object</wp:meta_key>
                <wp:meta_value><![CDATA[custom]]></wp:meta_value>
            </wp:postmeta>
            <wp:postmeta>
                <wp:meta_key>_menu_item_target</wp:meta_key>
                <wp:meta_value><![CDATA[]]></wp:meta_value>
            </wp:postmeta>
            <wp:postmeta>
                <wp:meta_key>_menu_item_classes</wp:meta_key>
                <wp:meta_value><![CDATA[a:1:{i:0;s:0:"";}]]></wp:meta_value>
            </wp:postmeta>
            <wp:postmeta>
                <wp:meta_key>_menu_item_xfn</wp:meta_key>
                <wp:meta_value><![CDATA[]]></wp:meta_value>
            </wp:postmeta>
            <wp:postmeta>
                <wp:meta_key>_menu_item_url</wp:meta_key>
                <wp:meta_value><![CDATA[#]]></wp:meta_value>
            </wp:postmeta>
            <wp:postmeta>
                <wp:meta_key>_menu_item_mega</wp:meta_key>
                <wp:meta_value><![CDATA[]]></wp:meta_value>
            </wp:postmeta>
            <wp:postmeta>
                <wp:meta_key>_menu_item_icon</wp:meta_key>
                <wp:meta_value><![CDATA[]]></wp:meta_value>
            </wp:postmeta>
            <wp:postmeta>
                <wp:meta_key>_menu_item_iconpos</wp:meta_key>
                <wp:meta_value><![CDATA[]]></wp:meta_value>
            </wp:postmeta>
            <wp:postmeta>
                <wp:meta_key>_menu_item_istyle</wp:meta_key>
                <wp:meta_value><![CDATA[]]></wp:meta_value>
            </wp:postmeta>
            <wp:postmeta>
                <wp:meta_key>sq_base</wp:meta_key>
                <wp:meta_value><![CDATA[https://seventhqueen.com/demo/kleo/wp-content/uploads]]></wp:meta_value>
            </wp:postmeta>
            <wp:postmeta>
                <wp:meta_key>sq_import</wp:meta_key>
                <wp:meta_value><![CDATA[1]]></wp:meta_value>
            </wp:postmeta>
            <wp:postmeta>
                <wp:meta_key>sq_domain</wp:meta_key>
                <wp:meta_value><![CDATA[https://seventhqueen.com/demo/kleo]]></wp:meta_value>
            </wp:postmeta>
        </item>
        <item>
            <title></title>
            <link>https://seventhqueen.com/demo/kleo/862/</link>
            <pubDate>Thu, 06 Mar 2014 12:59:54 +0000</pubDate>
            <dc:creator>admin</dc:creator>
            <guid isPermaLink="false">http://seventhqueen.com/demo/kleo/?p=862</guid>
            <description></description>
            <content:encoded><![CDATA[ ]]></content:encoded>
            <excerpt:encoded><![CDATA[]]></excerpt:encoded>
            <wp:post_id>862</wp:post_id>
            <wp:post_date>2014-03-06 12:59:54</wp:post_date>
            <wp:post_date_gmt>2014-03-06 12:59:54</wp:post_date_gmt>
            <wp:comment_status>open</wp:comment_status>
            <wp:ping_status>closed</wp:ping_status>
            <wp:post_name>862</wp:post_name>
            <wp:status>publish</wp:status>
            <wp:post_parent>0</wp:post_parent>
            <wp:menu_order>11</wp:menu_order>
            <wp:post_type>nav_menu_item</wp:post_type>
            <wp:post_password></wp:post_password>
            <wp:is_sticky>0</wp:is_sticky>
            <category domain="nav_menu" nicename="kleonavmenu"><![CDATA[kleoNavMenu]]></category>
            <wp:postmeta>
                <wp:meta_key>_menu_item_type</wp:meta_key>
                <wp:meta_value><![CDATA[post_type]]></wp:meta_value>
            </wp:postmeta>
            <wp:postmeta>
                <wp:meta_key>_menu_item_menu_item_parent</wp:meta_key>
                <wp:meta_value><![CDATA[0]]></wp:meta_value>
            </wp:postmeta>
            <wp:postmeta>
                <wp:meta_key>_menu_item_object_id</wp:meta_key>
                <wp:meta_value><![CDATA[24]]></wp:meta_value>
            </wp:postmeta>
            <wp:postmeta>
                <wp:meta_key>_menu_item_object</wp:meta_key>
                <wp:meta_value><![CDATA[page]]></wp:meta_value>
            </wp:postmeta>
            <wp:postmeta>
                <wp:meta_key>_menu_item_target</wp:meta_key>
                <wp:meta_value><![CDATA[]]></wp:meta_value>
            </wp:postmeta>
            <wp:postmeta>
                <wp:meta_key>_menu_item_classes</wp:meta_key>
                <wp:meta_value><![CDATA[a:1:{i:0;s:0:"";}]]></wp:meta_value>
            </wp:postmeta>
            <wp:postmeta>
                <wp:meta_key>_menu_item_xfn</wp:meta_key>
                <wp:meta_value><![CDATA[]]></wp:meta_value>
            </wp:postmeta>
            <wp:postmeta>
                <wp:meta_key>_menu_item_url</wp:meta_key>
                <wp:meta_value><![CDATA[]]></wp:meta_value>
            </wp:postmeta>
            <wp:postmeta>
                <wp:meta_key>_menu_item_mega</wp:meta_key>
                <wp:meta_value><![CDATA[]]></wp:meta_value>
            </wp:postmeta>
            <wp:postmeta>
                <wp:meta_key>_menu_item_icon</wp:meta_key>
                <wp:meta_value><![CDATA[]]></wp:meta_value>
            </wp:postmeta>
            <wp:postmeta>
                <wp:meta_key>_menu_item_iconpos</wp:meta_key>
                <wp:meta_value><![CDATA[]]></wp:meta_value>
            </wp:postmeta>
            <wp:postmeta>
                <wp:meta_key>_menu_item_istyle</wp:meta_key>
                <wp:meta_value><![CDATA[]]></wp:meta_value>
            </wp:postmeta>
            <wp:postmeta>
                <wp:meta_key>sq_base</wp:meta_key>
                <wp:meta_value><![CDATA[https://seventhqueen.com/demo/kleo/wp-content/uploads]]></wp:meta_value>
            </wp:postmeta>
            <wp:postmeta>
                <wp:meta_key>sq_import</wp:meta_key>
                <wp:meta_value><![CDATA[1]]></wp:meta_value>
            </wp:postmeta>
            <wp:postmeta>
                <wp:meta_key>sq_domain</wp:meta_key>
                <wp:meta_value><![CDATA[https://seventhqueen.com/demo/kleo]]></wp:meta_value>
            </wp:postmeta>
        </item>
        <item>
            <title></title>
            <link>https://seventhqueen.com/demo/kleo/864/</link>
            <pubDate>Thu, 06 Mar 2014 12:59:57 +0000</pubDate>
            <dc:creator>admin</dc:creator>
            <guid isPermaLink="false">http://seventhqueen.com/demo/kleo/?p=864</guid>
            <description></description>
            <content:encoded><![CDATA[ ]]></content:encoded>
            <excerpt:encoded><![CDATA[]]></excerpt:encoded>
            <wp:post_id>864</wp:post_id>
            <wp:post_date>2014-03-06 12:59:57</wp:post_date>
            <wp:post_date_gmt>2014-03-06 12:59:57</wp:post_date_gmt>
            <wp:comment_status>open</wp:comment_status>
            <wp:ping_status>closed</wp:ping_status>
            <wp:post_name>864</wp:post_name>
            <wp:status>publish</wp:status>
            <wp:post_parent>0</wp:post_parent>
            <wp:menu_order>1</wp:menu_order>
            <wp:post_type>nav_menu_item</wp:post_type>
            <wp:post_password></wp:post_password>
            <wp:is_sticky>0</wp:is_sticky>
            <category domain="nav_menu" nicename="kleotopmenu"><![CDATA[kleoTopMenu]]></category>
            <wp:postmeta>
                <wp:meta_key>_menu_item_type</wp:meta_key>
                <wp:meta_value><![CDATA[post_type]]></wp:meta_value>
            </wp:postmeta>
            <wp:postmeta>
                <wp:meta_key>_menu_item_menu_item_parent</wp:meta_key>
                <wp:meta_value><![CDATA[0]]></wp:meta_value>
            </wp:postmeta>
            <wp:postmeta>
                <wp:meta_key>_menu_item_object_id</wp:meta_key>
                <wp:meta_value><![CDATA[30]]></wp:meta_value>
            </wp:postmeta>
            <wp:postmeta>
                <wp:meta_key>_menu_item_object</wp:meta_key>
                <wp:meta_value><![CDATA[page]]></wp:meta_value>
            </wp:postmeta>
            <wp:postmeta>
                <wp:meta_key>_menu_item_target</wp:meta_key>
                <wp:meta_value><![CDATA[]]></wp:meta_value>
            </wp:postmeta>
            <wp:postmeta>
                <wp:meta_key>_menu_item_classes</wp:meta_key>
                <wp:meta_value><![CDATA[a:1:{i:0;s:0:"";}]]></wp:meta_value>
            </wp:postmeta>
            <wp:postmeta>
                <wp:meta_key>_menu_item_xfn</wp:meta_key>
                <wp:meta_value><![CDATA[]]></wp:meta_value>
            </wp:postmeta>
            <wp:postmeta>
                <wp:meta_key>_menu_item_url</wp:meta_key>
                <wp:meta_value><![CDATA[]]></wp:meta_value>
            </wp:postmeta>
            <wp:postmeta>
                <wp:meta_key>_menu_item_mega</wp:meta_key>
                <wp:meta_value><![CDATA[]]></wp:meta_value>
            </wp:postmeta>
            <wp:postmeta>
                <wp:meta_key>_menu_item_icon</wp:meta_key>
                <wp:meta_value><![CDATA[]]></wp:meta_value>
            </wp:postmeta>
            <wp:postmeta>
                <wp:meta_key>_menu_item_iconpos</wp:meta_key>
                <wp:meta_value><![CDATA[]]></wp:meta_value>
            </wp:postmeta>
            <wp:postmeta>
                <wp:meta_key>_menu_item_istyle</wp:meta_key>
                <wp:meta_value><![CDATA[]]></wp:meta_value>
            </wp:postmeta>
            <wp:postmeta>
                <wp:meta_key>sq_base</wp:meta_key>
                <wp:meta_value><![CDATA[https://seventhqueen.com/demo/kleo/wp-content/uploads]]></wp:meta_value>
            </wp:postmeta>
            <wp:postmeta>
                <wp:meta_key>sq_import</wp:meta_key>
                <wp:meta_value><![CDATA[1]]></wp:meta_value>
            </wp:postmeta>
            <wp:postmeta>
                <wp:meta_key>sq_domain</wp:meta_key>
                <wp:meta_value><![CDATA[https://seventhqueen.com/demo/kleo]]></wp:meta_value>
            </wp:postmeta>
        </item>
        <item>
            <title></title>
            <link>https://seventhqueen.com/demo/kleo/879/</link>
            <pubDate>Thu, 06 Mar 2014 13:00:31 +0000</pubDate>
            <dc:creator>admin</dc:creator>
            <guid isPermaLink="false">http://seventhqueen.com/demo/kleo/?p=879</guid>
            <description></description>
            <content:encoded><![CDATA[ ]]></content:encoded>
            <excerpt:encoded><![CDATA[]]></excerpt:encoded>
            <wp:post_id>879</wp:post_id>
            <wp:post_date>2014-03-06 13:00:31</wp:post_date>
            <wp:post_date_gmt>2014-03-06 13:00:31</wp:post_date_gmt>
            <wp:comment_status>open</wp:comment_status>
            <wp:ping_status>closed</wp:ping_status>
            <wp:post_name>879</wp:post_name>
            <wp:status>publish</wp:status>
            <wp:post_parent>0</wp:post_parent>
            <wp:menu_order>12</wp:menu_order>
            <wp:post_type>nav_menu_item</wp:post_type>
            <wp:post_password></wp:post_password>
            <wp:is_sticky>0</wp:is_sticky>
            <category domain="nav_menu" nicename="kleonavmenu"><![CDATA[kleoNavMenu]]></category>
            <wp:postmeta>
                <wp:meta_key>_menu_item_type</wp:meta_key>
                <wp:meta_value><![CDATA[post_type]]></wp:meta_value>
            </wp:postmeta>
            <wp:postmeta>
                <wp:meta_key>_menu_item_menu_item_parent</wp:meta_key>
                <wp:meta_value><![CDATA[0]]></wp:meta_value>
            </wp:postmeta>
            <wp:postmeta>
                <wp:meta_key>_menu_item_object_id</wp:meta_key>
                <wp:meta_value><![CDATA[30]]></wp:meta_value>
            </wp:postmeta>
            <wp:postmeta>
                <wp:meta_key>_menu_item_object</wp:meta_key>
                <wp:meta_value><![CDATA[page]]></wp:meta_value>
            </wp:postmeta>
            <wp:postmeta>
                <wp:meta_key>_menu_item_target</wp:meta_key>
                <wp:meta_value><![CDATA[]]></wp:meta_value>
            </wp:postmeta>
            <wp:postmeta>
                <wp:meta_key>_menu_item_classes</wp:meta_key>
                <wp:meta_value><![CDATA[a:1:{i:0;s:0:"";}]]></wp:meta_value>
            </wp:postmeta>
            <wp:postmeta>
                <wp:meta_key>_menu_item_xfn</wp:meta_key>
                <wp:meta_value><![CDATA[]]></wp:meta_value>
            </wp:postmeta>
            <wp:postmeta>
                <wp:meta_key>_menu_item_url</wp:meta_key>
                <wp:meta_value><![CDATA[]]></wp:meta_value>
            </wp:postmeta>
            <wp:postmeta>
                <wp:meta_key>_menu_item_mega</wp:meta_key>
                <wp:meta_value><![CDATA[]]></wp:meta_value>
            </wp:postmeta>
            <wp:postmeta>
                <wp:meta_key>_menu_item_icon</wp:meta_key>
                <wp:meta_value><![CDATA[]]></wp:meta_value>
            </wp:postmeta>
            <wp:postmeta>
                <wp:meta_key>_menu_item_iconpos</wp:meta_key>
                <wp:meta_value><![CDATA[]]></wp:meta_value>
            </wp:postmeta>
            <wp:postmeta>
                <wp:meta_key>sq_base</wp:meta_key>
                <wp:meta_value><![CDATA[https://seventhqueen.com/demo/kleo/wp-content/uploads]]></wp:meta_value>
            </wp:postmeta>
            <wp:postmeta>
                <wp:meta_key>sq_import</wp:meta_key>
                <wp:meta_value><![CDATA[1]]></wp:meta_value>
            </wp:postmeta>
            <wp:postmeta>
                <wp:meta_key>sq_domain</wp:meta_key>
                <wp:meta_value><![CDATA[https://seventhqueen.com/demo/kleo]]></wp:meta_value>
            </wp:postmeta>
        </item>
        <item>
            <title>Demos</title>
            <link>https://seventhqueen.com/demo/kleo/demos/</link>
            <pubDate>Thu, 13 Nov 2014 12:46:43 +0000</pubDate>
            <dc:creator>admin</dc:creator>
            <guid isPermaLink="false">http://seventhqueen.com/demo/kleo/?p=2809</guid>
            <description></description>
            <content:encoded><![CDATA[]]></content:encoded>
            <excerpt:encoded><![CDATA[]]></excerpt:encoded>
            <wp:post_id>2809</wp:post_id>
            <wp:post_date>2014-11-13 12:46:43</wp:post_date>
            <wp:post_date_gmt>2014-11-13 12:46:43</wp:post_date_gmt>
            <wp:comment_status>open</wp:comment_status>
            <wp:ping_status>open</wp:ping_status>
            <wp:post_name>demos</wp:post_name>
            <wp:status>publish</wp:status>
            <wp:post_parent>0</wp:post_parent>
            <wp:menu_order>1</wp:menu_order>
            <wp:post_type>nav_menu_item</wp:post_type>
            <wp:post_password></wp:post_password>
            <wp:is_sticky>0</wp:is_sticky>
            <category domain="nav_menu" nicename="one-page"><![CDATA[One Page]]></category>
            <wp:postmeta>
                <wp:meta_key>_menu_item_type</wp:meta_key>
                <wp:meta_value><![CDATA[custom]]></wp:meta_value>
            </wp:postmeta>
            <wp:postmeta>
                <wp:meta_key>_menu_item_menu_item_parent</wp:meta_key>
                <wp:meta_value><![CDATA[0]]></wp:meta_value>
            </wp:postmeta>
            <wp:postmeta>
                <wp:meta_key>_menu_item_object_id</wp:meta_key>
                <wp:meta_value><![CDATA[2809]]></wp:meta_value>
            </wp:postmeta>
            <wp:postmeta>
                <wp:meta_key>_menu_item_object</wp:meta_key>
                <wp:meta_value><![CDATA[custom]]></wp:meta_value>
            </wp:postmeta>
            <wp:postmeta>
                <wp:meta_key>_menu_item_target</wp:meta_key>
                <wp:meta_value><![CDATA[]]></wp:meta_value>
            </wp:postmeta>
            <wp:postmeta>
                <wp:meta_key>_menu_item_classes</wp:meta_key>
                <wp:meta_value><![CDATA[a:1:{i:0;s:0:"";}]]></wp:meta_value>
            </wp:postmeta>
            <wp:postmeta>
                <wp:meta_key>_menu_item_xfn</wp:meta_key>
                <wp:meta_value><![CDATA[]]></wp:meta_value>
            </wp:postmeta>
            <wp:postmeta>
                <wp:meta_key>_menu_item_url</wp:meta_key>
                <wp:meta_value><![CDATA[#demos]]></wp:meta_value>
            </wp:postmeta>
            <wp:postmeta>
                <wp:meta_key>_menu_item_mega</wp:meta_key>
                <wp:meta_value><![CDATA[]]></wp:meta_value>
            </wp:postmeta>
            <wp:postmeta>
                <wp:meta_key>_menu_item_icon</wp:meta_key>
                <wp:meta_value><![CDATA[]]></wp:meta_value>
            </wp:postmeta>
            <wp:postmeta>
                <wp:meta_key>_menu_item_iconpos</wp:meta_key>
                <wp:meta_value><![CDATA[]]></wp:meta_value>
            </wp:postmeta>
            <wp:postmeta>
                <wp:meta_key>sq_base</wp:meta_key>
                <wp:meta_value><![CDATA[https://seventhqueen.com/demo/kleo/wp-content/uploads]]></wp:meta_value>
            </wp:postmeta>
            <wp:postmeta>
                <wp:meta_key>sq_import</wp:meta_key>
                <wp:meta_value><![CDATA[1]]></wp:meta_value>
            </wp:postmeta>
            <wp:postmeta>
                <wp:meta_key>sq_domain</wp:meta_key>
                <wp:meta_value><![CDATA[https://seventhqueen.com/demo/kleo]]></wp:meta_value>
            </wp:postmeta>
        </item>
        <item>
            <title>Grid Layouts</title>
            <link>https://seventhqueen.com/demo/kleo/grid-layouts/</link>
            <pubDate>Thu, 13 Nov 2014 12:46:43 +0000</pubDate>
            <dc:creator>admin</dc:creator>
            <guid isPermaLink="false">http://seventhqueen.com/demo/kleo/?p=2810</guid>
            <description></description>
            <content:encoded><![CDATA[]]></content:encoded>
            <excerpt:encoded><![CDATA[]]></excerpt:encoded>
            <wp:post_id>2810</wp:post_id>
            <wp:post_date>2014-11-13 12:46:43</wp:post_date>
            <wp:post_date_gmt>2014-11-13 12:46:43</wp:post_date_gmt>
            <wp:comment_status>open</wp:comment_status>
            <wp:ping_status>open</wp:ping_status>
            <wp:post_name>grid-layouts</wp:post_name>
            <wp:status>publish</wp:status>
            <wp:post_parent>0</wp:post_parent>
            <wp:menu_order>2</wp:menu_order>
            <wp:post_type>nav_menu_item</wp:post_type>
            <wp:post_password></wp:post_password>
            <wp:is_sticky>0</wp:is_sticky>
            <category domain="nav_menu" nicename="one-page"><![CDATA[One Page]]></category>
            <wp:postmeta>
                <wp:meta_key>_menu_item_type</wp:meta_key>
                <wp:meta_value><![CDATA[custom]]></wp:meta_value>
            </wp:postmeta>
            <wp:postmeta>
                <wp:meta_key>_menu_item_menu_item_parent</wp:meta_key>
                <wp:meta_value><![CDATA[0]]></wp:meta_value>
            </wp:postmeta>
            <wp:postmeta>
                <wp:meta_key>_menu_item_object_id</wp:meta_key>
                <wp:meta_value><![CDATA[2810]]></wp:meta_value>
            </wp:postmeta>
            <wp:postmeta>
                <wp:meta_key>_menu_item_object</wp:meta_key>
                <wp:meta_value><![CDATA[custom]]></wp:meta_value>
            </wp:postmeta>
            <wp:postmeta>
                <wp:meta_key>_menu_item_target</wp:meta_key>
                <wp:meta_value><![CDATA[]]></wp:meta_value>
            </wp:postmeta>
            <wp:postmeta>
                <wp:meta_key>_menu_item_classes</wp:meta_key>
                <wp:meta_value><![CDATA[a:1:{i:0;s:0:"";}]]></wp:meta_value>
            </wp:postmeta>
            <wp:postmeta>
                <wp:meta_key>_menu_item_xfn</wp:meta_key>
                <wp:meta_value><![CDATA[]]></wp:meta_value>
            </wp:postmeta>
            <wp:postmeta>
                <wp:meta_key>_menu_item_url</wp:meta_key>
                <wp:meta_value><![CDATA[#grid-layouts]]></wp:meta_value>
            </wp:postmeta>
            <wp:postmeta>
                <wp:meta_key>_menu_item_mega</wp:meta_key>
                <wp:meta_value><![CDATA[]]></wp:meta_value>
            </wp:postmeta>
            <wp:postmeta>
                <wp:meta_key>_menu_item_icon</wp:meta_key>
                <wp:meta_value><![CDATA[]]></wp:meta_value>
            </wp:postmeta>
            <wp:postmeta>
                <wp:meta_key>_menu_item_iconpos</wp:meta_key>
                <wp:meta_value><![CDATA[]]></wp:meta_value>
            </wp:postmeta>
            <wp:postmeta>
                <wp:meta_key>sq_base</wp:meta_key>
                <wp:meta_value><![CDATA[https://seventhqueen.com/demo/kleo/wp-content/uploads]]></wp:meta_value>
            </wp:postmeta>
            <wp:postmeta>
                <wp:meta_key>sq_import</wp:meta_key>
                <wp:meta_value><![CDATA[1]]></wp:meta_value>
            </wp:postmeta>
            <wp:postmeta>
                <wp:meta_key>sq_domain</wp:meta_key>
                <wp:meta_value><![CDATA[https://seventhqueen.com/demo/kleo]]></wp:meta_value>
            </wp:postmeta>
        </item>
        <item>
            <title>Theme Support</title>
            <link>https://seventhqueen.com/demo/kleo/theme-support/</link>
            <pubDate>Thu, 13 Nov 2014 12:46:43 +0000</pubDate>
            <dc:creator>admin</dc:creator>
            <guid isPermaLink="false">http://seventhqueen.com/demo/kleo/?p=2811</guid>
            <description></description>
            <content:encoded><![CDATA[]]></content:encoded>
            <excerpt:encoded><![CDATA[]]></excerpt:encoded>
            <wp:post_id>2811</wp:post_id>
            <wp:post_date>2014-11-13 12:46:43</wp:post_date>
            <wp:post_date_gmt>2014-11-13 12:46:43</wp:post_date_gmt>
            <wp:comment_status>open</wp:comment_status>
            <wp:ping_status>open</wp:ping_status>
            <wp:post_name>theme-support</wp:post_name>
            <wp:status>publish</wp:status>
            <wp:post_parent>0</wp:post_parent>
            <wp:menu_order>3</wp:menu_order>
            <wp:post_type>nav_menu_item</wp:post_type>
            <wp:post_password></wp:post_password>
            <wp:is_sticky>0</wp:is_sticky>
            <category domain="nav_menu" nicename="one-page"><![CDATA[One Page]]></category>
            <wp:postmeta>
                <wp:meta_key>_menu_item_type</wp:meta_key>
                <wp:meta_value><![CDATA[custom]]></wp:meta_value>
            </wp:postmeta>
            <wp:postmeta>
                <wp:meta_key>_menu_item_menu_item_parent</wp:meta_key>
                <wp:meta_value><![CDATA[0]]></wp:meta_value>
            </wp:postmeta>
            <wp:postmeta>
                <wp:meta_key>_menu_item_object_id</wp:meta_key>
                <wp:meta_value><![CDATA[2811]]></wp:meta_value>
            </wp:postmeta>
            <wp:postmeta>
                <wp:meta_key>_menu_item_object</wp:meta_key>
                <wp:meta_value><![CDATA[custom]]></wp:meta_value>
            </wp:postmeta>
            <wp:postmeta>
                <wp:meta_key>_menu_item_target</wp:meta_key>
                <wp:meta_value><![CDATA[]]></wp:meta_value>
            </wp:postmeta>
            <wp:postmeta>
                <wp:meta_key>_menu_item_classes</wp:meta_key>
                <wp:meta_value><![CDATA[a:1:{i:0;s:0:"";}]]></wp:meta_value>
            </wp:postmeta>
            <wp:postmeta>
                <wp:meta_key>_menu_item_xfn</wp:meta_key>
                <wp:meta_value><![CDATA[]]></wp:meta_value>
            </wp:postmeta>
            <wp:postmeta>
                <wp:meta_key>_menu_item_url</wp:meta_key>
                <wp:meta_value><![CDATA[#theme-support]]></wp:meta_value>
            </wp:postmeta>
            <wp:postmeta>
                <wp:meta_key>_menu_item_mega</wp:meta_key>
                <wp:meta_value><![CDATA[]]></wp:meta_value>
            </wp:postmeta>
            <wp:postmeta>
                <wp:meta_key>_menu_item_icon</wp:meta_key>
                <wp:meta_value><![CDATA[]]></wp:meta_value>
            </wp:postmeta>
            <wp:postmeta>
                <wp:meta_key>_menu_item_iconpos</wp:meta_key>
                <wp:meta_value><![CDATA[]]></wp:meta_value>
            </wp:postmeta>
            <wp:postmeta>
                <wp:meta_key>sq_base</wp:meta_key>
                <wp:meta_value><![CDATA[https://seventhqueen.com/demo/kleo/wp-content/uploads]]></wp:meta_value>
            </wp:postmeta>
            <wp:postmeta>
                <wp:meta_key>sq_import</wp:meta_key>
                <wp:meta_value><![CDATA[1]]></wp:meta_value>
            </wp:postmeta>
            <wp:postmeta>
                <wp:meta_key>sq_domain</wp:meta_key>
                <wp:meta_value><![CDATA[https://seventhqueen.com/demo/kleo]]></wp:meta_value>
            </wp:postmeta>
        </item>
        <item>
            <title>Profile</title>
            <link>https://seventhqueen.com/demo/kleo/profile/</link>
            <pubDate>Thu, 16 Nov 2017 11:38:29 +0000</pubDate>
            <dc:creator>admin</dc:creator>
            <guid isPermaLink="false">https://seventhqueen.com/demo/kleo/?p=12980</guid>
            <description></description>
            <content:encoded><![CDATA[]]></content:encoded>
            <excerpt:encoded><![CDATA[]]></excerpt:encoded>
            <wp:post_id>12980</wp:post_id>
            <wp:post_date>2017-11-16 11:38:29</wp:post_date>
            <wp:post_date_gmt>2017-11-16 11:38:29</wp:post_date_gmt>
            <wp:comment_status>closed</wp:comment_status>
            <wp:ping_status>closed</wp:ping_status>
            <wp:post_name>profile</wp:post_name>
            <wp:status>publish</wp:status>
            <wp:post_parent>0</wp:post_parent>
            <wp:menu_order>6</wp:menu_order>
            <wp:post_type>nav_menu_item</wp:post_type>
            <wp:post_password></wp:post_password>
            <wp:is_sticky>0</wp:is_sticky>
            <category domain="nav_menu" nicename="kleonavmenu"><![CDATA[kleoNavMenu]]></category>
            <wp:postmeta>
                <wp:meta_key>_menu_item_type</wp:meta_key>
                <wp:meta_value><![CDATA[custom]]></wp:meta_value>
            </wp:postmeta>
            <wp:postmeta>
                <wp:meta_key>_menu_item_menu_item_parent</wp:meta_key>
                <wp:meta_value><![CDATA[853]]></wp:meta_value>
            </wp:postmeta>
            <wp:postmeta>
                <wp:meta_key>_menu_item_object_id</wp:meta_key>
                <wp:meta_value><![CDATA[12980]]></wp:meta_value>
            </wp:postmeta>
            <wp:postmeta>
                <wp:meta_key>_menu_item_object</wp:meta_key>
                <wp:meta_value><![CDATA[custom]]></wp:meta_value>
            </wp:postmeta>
            <wp:postmeta>
                <wp:meta_key>_menu_item_target</wp:meta_key>
                <wp:meta_value><![CDATA[]]></wp:meta_value>
            </wp:postmeta>
            <wp:postmeta>
                <wp:meta_key>_menu_item_classes</wp:meta_key>
                <wp:meta_value><![CDATA[a:1:{i:0;s:0:"";}]]></wp:meta_value>
            </wp:postmeta>
            <wp:postmeta>
                <wp:meta_key>_menu_item_xfn</wp:meta_key>
                <wp:meta_value><![CDATA[]]></wp:meta_value>
            </wp:postmeta>
            <wp:postmeta>
                <wp:meta_key>_menu_item_url</wp:meta_key>
                <wp:meta_value><![CDATA[##profile_link##/profile]]></wp:meta_value>
            </wp:postmeta>
            <wp:postmeta>
                <wp:meta_key>_menu_item_mega</wp:meta_key>
                <wp:meta_value><![CDATA[]]></wp:meta_value>
            </wp:postmeta>
            <wp:postmeta>
                <wp:meta_key>_menu_item_icon</wp:meta_key>
                <wp:meta_value><![CDATA[]]></wp:meta_value>
            </wp:postmeta>
            <wp:postmeta>
                <wp:meta_key>_menu_item_iconpos</wp:meta_key>
                <wp:meta_value><![CDATA[]]></wp:meta_value>
            </wp:postmeta>
            <wp:postmeta>
                <wp:meta_key>sq_base</wp:meta_key>
                <wp:meta_value><![CDATA[https://seventhqueen.com/demo/kleo/wp-content/uploads]]></wp:meta_value>
            </wp:postmeta>
            <wp:postmeta>
                <wp:meta_key>sq_import</wp:meta_key>
                <wp:meta_value><![CDATA[1]]></wp:meta_value>
            </wp:postmeta>
            <wp:postmeta>
                <wp:meta_key>sq_domain</wp:meta_key>
                <wp:meta_value><![CDATA[https://seventhqueen.com/demo/kleo]]></wp:meta_value>
            </wp:postmeta>
        </item>
        <item>
            <title>Settings</title>
            <link>https://seventhqueen.com/demo/kleo/settings/</link>
            <pubDate>Thu, 16 Nov 2017 11:38:29 +0000</pubDate>
            <dc:creator>admin</dc:creator>
            <guid isPermaLink="false">https://seventhqueen.com/demo/kleo/?p=12981</guid>
            <description></description>
            <content:encoded><![CDATA[]]></content:encoded>
            <excerpt:encoded><![CDATA[]]></excerpt:encoded>
            <wp:post_id>12981</wp:post_id>
            <wp:post_date>2017-11-16 11:38:29</wp:post_date>
            <wp:post_date_gmt>2017-11-16 11:38:29</wp:post_date_gmt>
            <wp:comment_status>closed</wp:comment_status>
            <wp:ping_status>closed</wp:ping_status>
            <wp:post_name>settings</wp:post_name>
            <wp:status>publish</wp:status>
            <wp:post_parent>0</wp:post_parent>
            <wp:menu_order>7</wp:menu_order>
            <wp:post_type>nav_menu_item</wp:post_type>
            <wp:post_password></wp:post_password>
            <wp:is_sticky>0</wp:is_sticky>
            <category domain="nav_menu" nicename="kleonavmenu"><![CDATA[kleoNavMenu]]></category>
            <wp:postmeta>
                <wp:meta_key>_menu_item_type</wp:meta_key>
                <wp:meta_value><![CDATA[custom]]></wp:meta_value>
            </wp:postmeta>
            <wp:postmeta>
                <wp:meta_key>_menu_item_menu_item_parent</wp:meta_key>
                <wp:meta_value><![CDATA[853]]></wp:meta_value>
            </wp:postmeta>
            <wp:postmeta>
                <wp:meta_key>_menu_item_object_id</wp:meta_key>
                <wp:meta_value><![CDATA[12981]]></wp:meta_value>
            </wp:postmeta>
            <wp:postmeta>
                <wp:meta_key>_menu_item_object</wp:meta_key>
                <wp:meta_value><![CDATA[custom]]></wp:meta_value>
            </wp:postmeta>
            <wp:postmeta>
                <wp:meta_key>_menu_item_target</wp:meta_key>
                <wp:meta_value><![CDATA[]]></wp:meta_value>
            </wp:postmeta>
            <wp:postmeta>
                <wp:meta_key>_menu_item_classes</wp:meta_key>
                <wp:meta_value><![CDATA[a:1:{i:0;s:0:"";}]]></wp:meta_value>
            </wp:postmeta>
            <wp:postmeta>
                <wp:meta_key>_menu_item_xfn</wp:meta_key>
                <wp:meta_value><![CDATA[]]></wp:meta_value>
            </wp:postmeta>
            <wp:postmeta>
                <wp:meta_key>_menu_item_url</wp:meta_key>
                <wp:meta_value><![CDATA[##profile_link##/settings]]></wp:meta_value>
            </wp:postmeta>
            <wp:postmeta>
                <wp:meta_key>_menu_item_mega</wp:meta_key>
                <wp:meta_value><![CDATA[]]></wp:meta_value>
            </wp:postmeta>
            <wp:postmeta>
                <wp:meta_key>_menu_item_icon</wp:meta_key>
                <wp:meta_value><![CDATA[]]></wp:meta_value>
            </wp:postmeta>
            <wp:postmeta>
                <wp:meta_key>_menu_item_iconpos</wp:meta_key>
                <wp:meta_value><![CDATA[]]></wp:meta_value>
            </wp:postmeta>
            <wp:postmeta>
                <wp:meta_key>sq_base</wp:meta_key>
                <wp:meta_value><![CDATA[https://seventhqueen.com/demo/kleo/wp-content/uploads]]></wp:meta_value>
            </wp:postmeta>
            <wp:postmeta>
                <wp:meta_key>sq_import</wp:meta_key>
                <wp:meta_value><![CDATA[1]]></wp:meta_value>
            </wp:postmeta>
            <wp:postmeta>
                <wp:meta_key>sq_domain</wp:meta_key>
                <wp:meta_value><![CDATA[https://seventhqueen.com/demo/kleo]]></wp:meta_value>
            </wp:postmeta>
        </item>
        <item>
            <title>Login</title>
            <link>https://seventhqueen.com/demo/kleo/login/</link>
            <pubDate>Thu, 16 Nov 2017 11:38:29 +0000</pubDate>
            <dc:creator>admin</dc:creator>
            <guid isPermaLink="false">https://seventhqueen.com/demo/kleo/?p=12982</guid>
            <description></description>
            <content:encoded><![CDATA[]]></content:encoded>
            <excerpt:encoded><![CDATA[]]></excerpt:encoded>
            <wp:post_id>12982</wp:post_id>
            <wp:post_date>2017-11-16 11:38:29</wp:post_date>
            <wp:post_date_gmt>2017-11-16 11:38:29</wp:post_date_gmt>
            <wp:comment_status>closed</wp:comment_status>
            <wp:ping_status>closed</wp:ping_status>
            <wp:post_name>login</wp:post_name>
            <wp:status>publish</wp:status>
            <wp:post_parent>0</wp:post_parent>
            <wp:menu_order>8</wp:menu_order>
            <wp:post_type>nav_menu_item</wp:post_type>
            <wp:post_password></wp:post_password>
            <wp:is_sticky>0</wp:is_sticky>
            <category domain="nav_menu" nicename="kleonavmenu"><![CDATA[kleoNavMenu]]></category>
            <wp:postmeta>
                <wp:meta_key>_menu_item_type</wp:meta_key>
                <wp:meta_value><![CDATA[custom]]></wp:meta_value>
            </wp:postmeta>
            <wp:postmeta>
                <wp:meta_key>_menu_item_menu_item_parent</wp:meta_key>
                <wp:meta_value><![CDATA[853]]></wp:meta_value>
            </wp:postmeta>
            <wp:postmeta>
                <wp:meta_key>_menu_item_object_id</wp:meta_key>
                <wp:meta_value><![CDATA[12982]]></wp:meta_value>
            </wp:postmeta>
            <wp:postmeta>
                <wp:meta_key>_menu_item_object</wp:meta_key>
                <wp:meta_value><![CDATA[custom]]></wp:meta_value>
            </wp:postmeta>
            <wp:postmeta>
                <wp:meta_key>_menu_item_target</wp:meta_key>
                <wp:meta_value><![CDATA[]]></wp:meta_value>
            </wp:postmeta>
            <wp:postmeta>
                <wp:meta_key>_menu_item_classes</wp:meta_key>
                <wp:meta_value><![CDATA[a:2:{i:0;s:9:"kleo-menu";i:1;s:14:"kleo-login-nav";}]]></wp:meta_value>
            </wp:postmeta>
            <wp:postmeta>
                <wp:meta_key>_menu_item_xfn</wp:meta_key>
                <wp:meta_value><![CDATA[]]></wp:meta_value>
            </wp:postmeta>
            <wp:postmeta>
                <wp:meta_key>_menu_item_url</wp:meta_key>
                <wp:meta_value><![CDATA[#]]></wp:meta_value>
            </wp:postmeta>
            <wp:postmeta>
                <wp:meta_key>_menu_item_mega</wp:meta_key>
                <wp:meta_value><![CDATA[]]></wp:meta_value>
            </wp:postmeta>
            <wp:postmeta>
                <wp:meta_key>_menu_item_icon</wp:meta_key>
                <wp:meta_value><![CDATA[]]></wp:meta_value>
            </wp:postmeta>
            <wp:postmeta>
                <wp:meta_key>_menu_item_iconpos</wp:meta_key>
                <wp:meta_value><![CDATA[]]></wp:meta_value>
            </wp:postmeta>
            <wp:postmeta>
                <wp:meta_key>sq_base</wp:meta_key>
                <wp:meta_value><![CDATA[https://seventhqueen.com/demo/kleo/wp-content/uploads]]></wp:meta_value>
            </wp:postmeta>
            <wp:postmeta>
                <wp:meta_key>sq_import</wp:meta_key>
                <wp:meta_value><![CDATA[1]]></wp:meta_value>
            </wp:postmeta>
            <wp:postmeta>
                <wp:meta_key>sq_domain</wp:meta_key>
                <wp:meta_value><![CDATA[https://seventhqueen.com/demo/kleo]]></wp:meta_value>
            </wp:postmeta>
        </item>
        <item>
            <title>Logout</title>
            <link>https://seventhqueen.com/demo/kleo/logout/</link>
            <pubDate>Thu, 16 Nov 2017 11:38:29 +0000</pubDate>
            <dc:creator>admin</dc:creator>
            <guid isPermaLink="false">https://seventhqueen.com/demo/kleo/?p=12983</guid>
            <description></description>
            <content:encoded><![CDATA[]]></content:encoded>
            <excerpt:encoded><![CDATA[]]></excerpt:encoded>
            <wp:post_id>12983</wp:post_id>
            <wp:post_date>2017-11-16 11:38:29</wp:post_date>
            <wp:post_date_gmt>2017-11-16 11:38:29</wp:post_date_gmt>
            <wp:comment_status>closed</wp:comment_status>
            <wp:ping_status>closed</wp:ping_status>
            <wp:post_name>logout</wp:post_name>
            <wp:status>publish</wp:status>
            <wp:post_parent>0</wp:post_parent>
            <wp:menu_order>9</wp:menu_order>
            <wp:post_type>nav_menu_item</wp:post_type>
            <wp:post_password></wp:post_password>
            <wp:is_sticky>0</wp:is_sticky>
            <category domain="nav_menu" nicename="kleonavmenu"><![CDATA[kleoNavMenu]]></category>
            <wp:postmeta>
                <wp:meta_key>_menu_item_type</wp:meta_key>
                <wp:meta_value><![CDATA[custom]]></wp:meta_value>
            </wp:postmeta>
            <wp:postmeta>
                <wp:meta_key>_menu_item_menu_item_parent</wp:meta_key>
                <wp:meta_value><![CDATA[853]]></wp:meta_value>
            </wp:postmeta>
            <wp:postmeta>
                <wp:meta_key>_menu_item_object_id</wp:meta_key>
                <wp:meta_value><![CDATA[12983]]></wp:meta_value>
            </wp:postmeta>
            <wp:postmeta>
                <wp:meta_key>_menu_item_object</wp:meta_key>
                <wp:meta_value><![CDATA[custom]]></wp:meta_value>
            </wp:postmeta>
            <wp:postmeta>
                <wp:meta_key>_menu_item_target</wp:meta_key>
                <wp:meta_value><![CDATA[]]></wp:meta_value>
            </wp:postmeta>
            <wp:postmeta>
                <wp:meta_key>_menu_item_classes</wp:meta_key>
                <wp:meta_value><![CDATA[a:2:{i:0;s:9:"kleo-menu";i:1;s:15:"kleo-logout-nav";}]]></wp:meta_value>
            </wp:postmeta>
            <wp:postmeta>
                <wp:meta_key>_menu_item_xfn</wp:meta_key>
                <wp:meta_value><![CDATA[]]></wp:meta_value>
            </wp:postmeta>
            <wp:postmeta>
                <wp:meta_key>_menu_item_url</wp:meta_key>
                <wp:meta_value><![CDATA[#]]></wp:meta_value>
            </wp:postmeta>
            <wp:postmeta>
                <wp:meta_key>_menu_item_mega</wp:meta_key>
                <wp:meta_value><![CDATA[]]></wp:meta_value>
            </wp:postmeta>
            <wp:postmeta>
                <wp:meta_key>_menu_item_icon</wp:meta_key>
                <wp:meta_value><![CDATA[]]></wp:meta_value>
            </wp:postmeta>
            <wp:postmeta>
                <wp:meta_key>_menu_item_iconpos</wp:meta_key>
                <wp:meta_value><![CDATA[]]></wp:meta_value>
            </wp:postmeta>
            <wp:postmeta>
                <wp:meta_key>sq_base</wp:meta_key>
                <wp:meta_value><![CDATA[https://seventhqueen.com/demo/kleo/wp-content/uploads]]></wp:meta_value>
            </wp:postmeta>
            <wp:postmeta>
                <wp:meta_key>sq_import</wp:meta_key>
                <wp:meta_value><![CDATA[1]]></wp:meta_value>
            </wp:postmeta>
            <wp:postmeta>
                <wp:meta_key>sq_domain</wp:meta_key>
                <wp:meta_value><![CDATA[https://seventhqueen.com/demo/kleo]]></wp:meta_value>
            </wp:postmeta>
        </item>
        <item>
            <title>Register</title>
            <link>https://seventhqueen.com/demo/kleo/register/</link>
            <pubDate>Thu, 16 Nov 2017 11:38:29 +0000</pubDate>
            <dc:creator>admin</dc:creator>
            <guid isPermaLink="false">https://seventhqueen.com/demo/kleo/?p=12984</guid>
            <description></description>
            <content:encoded><![CDATA[]]></content:encoded>
            <excerpt:encoded><![CDATA[]]></excerpt:encoded>
            <wp:post_id>12984</wp:post_id>
            <wp:post_date>2017-11-16 11:38:29</wp:post_date>
            <wp:post_date_gmt>2017-11-16 11:38:29</wp:post_date_gmt>
            <wp:comment_status>closed</wp:comment_status>
            <wp:ping_status>closed</wp:ping_status>
            <wp:post_name>register</wp:post_name>
            <wp:status>publish</wp:status>
            <wp:post_parent>0</wp:post_parent>
            <wp:menu_order>10</wp:menu_order>
            <wp:post_type>nav_menu_item</wp:post_type>
            <wp:post_password></wp:post_password>
            <wp:is_sticky>0</wp:is_sticky>
            <category domain="nav_menu" nicename="kleonavmenu"><![CDATA[kleoNavMenu]]></category>
            <wp:postmeta>
                <wp:meta_key>_menu_item_type</wp:meta_key>
                <wp:meta_value><![CDATA[custom]]></wp:meta_value>
            </wp:postmeta>
            <wp:postmeta>
                <wp:meta_key>_menu_item_menu_item_parent</wp:meta_key>
                <wp:meta_value><![CDATA[853]]></wp:meta_value>
            </wp:postmeta>
            <wp:postmeta>
                <wp:meta_key>_menu_item_object_id</wp:meta_key>
                <wp:meta_value><![CDATA[12984]]></wp:meta_value>
            </wp:postmeta>
            <wp:postmeta>
                <wp:meta_key>_menu_item_object</wp:meta_key>
                <wp:meta_value><![CDATA[custom]]></wp:meta_value>
            </wp:postmeta>
            <wp:postmeta>
                <wp:meta_key>_menu_item_target</wp:meta_key>
                <wp:meta_value><![CDATA[]]></wp:meta_value>
            </wp:postmeta>
            <wp:postmeta>
                <wp:meta_key>_menu_item_classes</wp:meta_key>
                <wp:meta_value><![CDATA[a:2:{i:0;s:9:"kleo-menu";i:1;s:17:"kleo-register-nav";}]]></wp:meta_value>
            </wp:postmeta>
            <wp:postmeta>
                <wp:meta_key>_menu_item_xfn</wp:meta_key>
                <wp:meta_value><![CDATA[]]></wp:meta_value>
            </wp:postmeta>
            <wp:postmeta>
                <wp:meta_key>_menu_item_url</wp:meta_key>
                <wp:meta_value><![CDATA[#]]></wp:meta_value>
            </wp:postmeta>
            <wp:postmeta>
                <wp:meta_key>_menu_item_mega</wp:meta_key>
                <wp:meta_value><![CDATA[]]></wp:meta_value>
            </wp:postmeta>
            <wp:postmeta>
                <wp:meta_key>_menu_item_icon</wp:meta_key>
                <wp:meta_value><![CDATA[]]></wp:meta_value>
            </wp:postmeta>
            <wp:postmeta>
                <wp:meta_key>_menu_item_iconpos</wp:meta_key>
                <wp:meta_value><![CDATA[]]></wp:meta_value>
            </wp:postmeta>
            <wp:postmeta>
                <wp:meta_key>sq_base</wp:meta_key>
                <wp:meta_value><![CDATA[https://seventhqueen.com/demo/kleo/wp-content/uploads]]></wp:meta_value>
            </wp:postmeta>
            <wp:postmeta>
                <wp:meta_key>sq_import</wp:meta_key>
                <wp:meta_value><![CDATA[1]]></wp:meta_value>
            </wp:postmeta>
            <wp:postmeta>
                <wp:meta_key>sq_domain</wp:meta_key>
                <wp:meta_value><![CDATA[https://seventhqueen.com/demo/kleo]]></wp:meta_value>
            </wp:postmeta>
        </item>
        <item>
            <title>Members</title>
            <link>https://seventhqueen.com/demo/kleo/members/</link>
            <pubDate>Thu, 16 Nov 2017 14:23:30 +0000</pubDate>
            <dc:creator>admin</dc:creator>
            <guid isPermaLink="false">https://seventhqueen.com/demo/kleo/?page_id=12985</guid>
            <description></description>
            <content:encoded><![CDATA[]]></content:encoded>
            <excerpt:encoded><![CDATA[]]></excerpt:encoded>
            <wp:post_id>12985</wp:post_id>
            <wp:post_date>2017-11-16 14:23:30</wp:post_date>
            <wp:post_date_gmt>2017-11-16 14:23:30</wp:post_date_gmt>
            <wp:comment_status>closed</wp:comment_status>
            <wp:ping_status>closed</wp:ping_status>
            <wp:post_name>members</wp:post_name>
            <wp:status>publish</wp:status>
            <wp:post_parent>0</wp:post_parent>
            <wp:menu_order>0</wp:menu_order>
            <wp:post_type>page</wp:post_type>
            <wp:post_password></wp:post_password>
            <wp:is_sticky>0</wp:is_sticky>
            <wp:postmeta>
                <wp:meta_key>_vc_post_settings</wp:meta_key>
                <wp:meta_value><![CDATA[a:1:{s:10:"vc_grid_id";a:0:{}}]]></wp:meta_value>
            </wp:postmeta>
            <wp:postmeta>
                <wp:meta_key>_edit_last</wp:meta_key>
                <wp:meta_value><![CDATA[1]]></wp:meta_value>
            </wp:postmeta>
            <wp:postmeta>
                <wp:meta_key>_wp_page_template</wp:meta_key>
                <wp:meta_value><![CDATA[default]]></wp:meta_value>
            </wp:postmeta>
            <wp:postmeta>
                <wp:meta_key>slide_template</wp:meta_key>
                <wp:meta_value><![CDATA[default]]></wp:meta_value>
            </wp:postmeta>
            <wp:postmeta>
                <wp:meta_key>_wpb_vc_js_status</wp:meta_key>
                <wp:meta_value><![CDATA[false]]></wp:meta_value>
            </wp:postmeta>
            <wp:postmeta>
                <wp:meta_key>_kleo_transparent_menu_color</wp:meta_key>
                <wp:meta_value><![CDATA[white]]></wp:meta_value>
            </wp:postmeta>
            <wp:postmeta>
                <wp:meta_key>_kleo_title_color</wp:meta_key>
                <wp:meta_value><![CDATA[#]]></wp:meta_value>
            </wp:postmeta>
            <wp:postmeta>
                <wp:meta_key>_kleo_title_bg</wp:meta_key>
                <wp:meta_value><![CDATA[a:5:{s:3:"url";s:0:"";s:6:"repeat";s:6:"repeat";s:4:"size";s:7:"inherit";s:10:"attachment";s:6:"scroll";s:8:"position";s:8:"left top";}]]></wp:meta_value>
            </wp:postmeta>
            <wp:postmeta>
                <wp:meta_key>_kleo_title_bg_color</wp:meta_key>
                <wp:meta_value><![CDATA[#]]></wp:meta_value>
            </wp:postmeta>
            <wp:postmeta>
                <wp:meta_key>_kleo_header_layout</wp:meta_key>
                <wp:meta_value><![CDATA[default]]></wp:meta_value>
            </wp:postmeta>
            <wp:postmeta>
                <wp:meta_key>_kleo_page_menu</wp:meta_key>
                <wp:meta_value><![CDATA[default]]></wp:meta_value>
            </wp:postmeta>
            <wp:postmeta>
                <wp:meta_key>_kleo_page_menu_secondary</wp:meta_key>
                <wp:meta_value><![CDATA[default]]></wp:meta_value>
            </wp:postmeta>
            <wp:postmeta>
                <wp:meta_key>sbg_selected_sidebar</wp:meta_key>
                <wp:meta_value><![CDATA[a:1:{i:0;s:1:"0";}]]></wp:meta_value>
            </wp:postmeta>
            <wp:postmeta>
                <wp:meta_key>sbg_selected_sidebar_replacement</wp:meta_key>
                <wp:meta_value><![CDATA[a:1:{i:0;s:1:"0";}]]></wp:meta_value>
            </wp:postmeta>
            <wp:postmeta>
                <wp:meta_key>sq_base</wp:meta_key>
                <wp:meta_value><![CDATA[https://seventhqueen.com/demo/kleo/wp-content/uploads]]></wp:meta_value>
            </wp:postmeta>
            <wp:postmeta>
                <wp:meta_key>sq_import</wp:meta_key>
                <wp:meta_value><![CDATA[1]]></wp:meta_value>
            </wp:postmeta>
            <wp:postmeta>
                <wp:meta_key>sq_domain</wp:meta_key>
                <wp:meta_value><![CDATA[https://seventhqueen.com/demo/kleo]]></wp:meta_value>
            </wp:postmeta>
        </item>
        <item>
            <title>Activity</title>
            <link>https://seventhqueen.com/demo/kleo/activity/</link>
            <pubDate>Thu, 16 Nov 2017 14:23:46 +0000</pubDate>
            <dc:creator>admin</dc:creator>
            <guid isPermaLink="false">https://seventhqueen.com/demo/kleo/?page_id=12987</guid>
            <description></description>
            <content:encoded><![CDATA[]]></content:encoded>
            <excerpt:encoded><![CDATA[]]></excerpt:encoded>
            <wp:post_id>12987</wp:post_id>
            <wp:post_date>2017-11-16 14:23:46</wp:post_date>
            <wp:post_date_gmt>2017-11-16 14:23:46</wp:post_date_gmt>
            <wp:comment_status>closed</wp:comment_status>
            <wp:ping_status>closed</wp:ping_status>
            <wp:post_name>activity</wp:post_name>
            <wp:status>publish</wp:status>
            <wp:post_parent>0</wp:post_parent>
            <wp:menu_order>0</wp:menu_order>
            <wp:post_type>page</wp:post_type>
            <wp:post_password></wp:post_password>
            <wp:is_sticky>0</wp:is_sticky>
            <wp:postmeta>
                <wp:meta_key>_vc_post_settings</wp:meta_key>
                <wp:meta_value><![CDATA[a:1:{s:10:"vc_grid_id";a:0:{}}]]></wp:meta_value>
            </wp:postmeta>
            <wp:postmeta>
                <wp:meta_key>_edit_last</wp:meta_key>
                <wp:meta_value><![CDATA[1]]></wp:meta_value>
            </wp:postmeta>
            <wp:postmeta>
                <wp:meta_key>_wp_page_template</wp:meta_key>
                <wp:meta_value><![CDATA[default]]></wp:meta_value>
            </wp:postmeta>
            <wp:postmeta>
                <wp:meta_key>slide_template</wp:meta_key>
                <wp:meta_value><![CDATA[default]]></wp:meta_value>
            </wp:postmeta>
            <wp:postmeta>
                <wp:meta_key>_wpb_vc_js_status</wp:meta_key>
                <wp:meta_value><![CDATA[false]]></wp:meta_value>
            </wp:postmeta>
            <wp:postmeta>
                <wp:meta_key>_kleo_transparent_menu_color</wp:meta_key>
                <wp:meta_value><![CDATA[white]]></wp:meta_value>
            </wp:postmeta>
            <wp:postmeta>
                <wp:meta_key>_kleo_title_color</wp:meta_key>
                <wp:meta_value><![CDATA[#]]></wp:meta_value>
            </wp:postmeta>
            <wp:postmeta>
                <wp:meta_key>_kleo_title_bg</wp:meta_key>
                <wp:meta_value><![CDATA[a:5:{s:3:"url";s:0:"";s:6:"repeat";s:6:"repeat";s:4:"size";s:7:"inherit";s:10:"attachment";s:6:"scroll";s:8:"position";s:8:"left top";}]]></wp:meta_value>
            </wp:postmeta>
            <wp:postmeta>
                <wp:meta_key>_kleo_title_bg_color</wp:meta_key>
                <wp:meta_value><![CDATA[#]]></wp:meta_value>
            </wp:postmeta>
            <wp:postmeta>
                <wp:meta_key>_kleo_header_layout</wp:meta_key>
                <wp:meta_value><![CDATA[default]]></wp:meta_value>
            </wp:postmeta>
            <wp:postmeta>
                <wp:meta_key>_kleo_page_menu</wp:meta_key>
                <wp:meta_value><![CDATA[default]]></wp:meta_value>
            </wp:postmeta>
            <wp:postmeta>
                <wp:meta_key>_kleo_page_menu_secondary</wp:meta_key>
                <wp:meta_value><![CDATA[default]]></wp:meta_value>
            </wp:postmeta>
            <wp:postmeta>
                <wp:meta_key>sbg_selected_sidebar</wp:meta_key>
                <wp:meta_value><![CDATA[a:1:{i:0;s:1:"0";}]]></wp:meta_value>
            </wp:postmeta>
            <wp:postmeta>
                <wp:meta_key>sbg_selected_sidebar_replacement</wp:meta_key>
                <wp:meta_value><![CDATA[a:1:{i:0;s:1:"0";}]]></wp:meta_value>
            </wp:postmeta>
            <wp:postmeta>
                <wp:meta_key>sq_base</wp:meta_key>
                <wp:meta_value><![CDATA[https://seventhqueen.com/demo/kleo/wp-content/uploads]]></wp:meta_value>
            </wp:postmeta>
            <wp:postmeta>
                <wp:meta_key>sq_import</wp:meta_key>
                <wp:meta_value><![CDATA[1]]></wp:meta_value>
            </wp:postmeta>
            <wp:postmeta>
                <wp:meta_key>sq_domain</wp:meta_key>
                <wp:meta_value><![CDATA[https://seventhqueen.com/demo/kleo]]></wp:meta_value>
            </wp:postmeta>
        </item>
        <item>
            <title>Groups</title>
            <link>https://seventhqueen.com/demo/kleo/groups/</link>
            <pubDate>Thu, 16 Nov 2017 14:24:33 +0000</pubDate>
            <dc:creator>admin</dc:creator>
            <guid isPermaLink="false">https://seventhqueen.com/demo/kleo/?page_id=12989</guid>
            <description></description>
            <content:encoded><![CDATA[]]></content:encoded>
            <excerpt:encoded><![CDATA[]]></excerpt:encoded>
            <wp:post_id>12989</wp:post_id>
            <wp:post_date>2017-11-16 14:24:33</wp:post_date>
            <wp:post_date_gmt>2017-11-16 14:24:33</wp:post_date_gmt>
            <wp:comment_status>closed</wp:comment_status>
            <wp:ping_status>closed</wp:ping_status>
            <wp:post_name>groups</wp:post_name>
            <wp:status>publish</wp:status>
            <wp:post_parent>0</wp:post_parent>
            <wp:menu_order>0</wp:menu_order>
            <wp:post_type>page</wp:post_type>
            <wp:post_password></wp:post_password>
            <wp:is_sticky>0</wp:is_sticky>
            <wp:postmeta>
                <wp:meta_key>_vc_post_settings</wp:meta_key>
                <wp:meta_value><![CDATA[a:1:{s:10:"vc_grid_id";a:0:{}}]]></wp:meta_value>
            </wp:postmeta>
            <wp:postmeta>
                <wp:meta_key>_edit_last</wp:meta_key>
                <wp:meta_value><![CDATA[1]]></wp:meta_value>
            </wp:postmeta>
            <wp:postmeta>
                <wp:meta_key>_wp_page_template</wp:meta_key>
                <wp:meta_value><![CDATA[default]]></wp:meta_value>
            </wp:postmeta>
            <wp:postmeta>
                <wp:meta_key>slide_template</wp:meta_key>
                <wp:meta_value><![CDATA[default]]></wp:meta_value>
            </wp:postmeta>
            <wp:postmeta>
                <wp:meta_key>_wpb_vc_js_status</wp:meta_key>
                <wp:meta_value><![CDATA[false]]></wp:meta_value>
            </wp:postmeta>
            <wp:postmeta>
                <wp:meta_key>_kleo_transparent_menu_color</wp:meta_key>
                <wp:meta_value><![CDATA[white]]></wp:meta_value>
            </wp:postmeta>
            <wp:postmeta>
                <wp:meta_key>_kleo_title_color</wp:meta_key>
                <wp:meta_value><![CDATA[#]]></wp:meta_value>
            </wp:postmeta>
            <wp:postmeta>
                <wp:meta_key>_kleo_title_bg</wp:meta_key>
                <wp:meta_value><![CDATA[a:5:{s:3:"url";s:0:"";s:6:"repeat";s:6:"repeat";s:4:"size";s:7:"inherit";s:10:"attachment";s:6:"scroll";s:8:"position";s:8:"left top";}]]></wp:meta_value>
            </wp:postmeta>
            <wp:postmeta>
                <wp:meta_key>_kleo_title_bg_color</wp:meta_key>
                <wp:meta_value><![CDATA[#]]></wp:meta_value>
            </wp:postmeta>
            <wp:postmeta>
                <wp:meta_key>_kleo_header_layout</wp:meta_key>
                <wp:meta_value><![CDATA[default]]></wp:meta_value>
            </wp:postmeta>
            <wp:postmeta>
                <wp:meta_key>_kleo_page_menu</wp:meta_key>
                <wp:meta_value><![CDATA[default]]></wp:meta_value>
            </wp:postmeta>
            <wp:postmeta>
                <wp:meta_key>_kleo_page_menu_secondary</wp:meta_key>
                <wp:meta_value><![CDATA[default]]></wp:meta_value>
            </wp:postmeta>
            <wp:postmeta>
                <wp:meta_key>sbg_selected_sidebar</wp:meta_key>
                <wp:meta_value><![CDATA[a:1:{i:0;s:1:"0";}]]></wp:meta_value>
            </wp:postmeta>
            <wp:postmeta>
                <wp:meta_key>sbg_selected_sidebar_replacement</wp:meta_key>
                <wp:meta_value><![CDATA[a:1:{i:0;s:1:"0";}]]></wp:meta_value>
            </wp:postmeta>
            <wp:postmeta>
                <wp:meta_key>sq_base</wp:meta_key>
                <wp:meta_value><![CDATA[https://seventhqueen.com/demo/kleo/wp-content/uploads]]></wp:meta_value>
            </wp:postmeta>
            <wp:postmeta>
                <wp:meta_key>sq_import</wp:meta_key>
                <wp:meta_value><![CDATA[1]]></wp:meta_value>
            </wp:postmeta>
            <wp:postmeta>
                <wp:meta_key>sq_domain</wp:meta_key>
                <wp:meta_value><![CDATA[https://seventhqueen.com/demo/kleo]]></wp:meta_value>
            </wp:postmeta>
        </item>
        <item>
            <title></title>
            <link>https://seventhqueen.com/demo/kleo/12999/</link>
            <pubDate>Fri, 17 Nov 2017 09:56:22 +0000</pubDate>
            <dc:creator>admin</dc:creator>
            <guid isPermaLink="false">https://seventhqueen.com/demo/kleo/?p=12999</guid>
            <description></description>
            <content:encoded><![CDATA[ ]]></content:encoded>
            <excerpt:encoded><![CDATA[]]></excerpt:encoded>
            <wp:post_id>12999</wp:post_id>
            <wp:post_date>2017-11-17 09:56:22</wp:post_date>
            <wp:post_date_gmt>2017-11-17 09:56:22</wp:post_date_gmt>
            <wp:comment_status>closed</wp:comment_status>
            <wp:ping_status>closed</wp:ping_status>
            <wp:post_name>12999</wp:post_name>
            <wp:status>publish</wp:status>
            <wp:post_parent>0</wp:post_parent>
            <wp:menu_order>3</wp:menu_order>
            <wp:post_type>nav_menu_item</wp:post_type>
            <wp:post_password></wp:post_password>
            <wp:is_sticky>0</wp:is_sticky>
            <category domain="nav_menu" nicename="kleonavmenu"><![CDATA[kleoNavMenu]]></category>
            <wp:postmeta>
                <wp:meta_key>_menu_item_type</wp:meta_key>
                <wp:meta_value><![CDATA[post_type]]></wp:meta_value>
            </wp:postmeta>
            <wp:postmeta>
                <wp:meta_key>_menu_item_menu_item_parent</wp:meta_key>
                <wp:meta_value><![CDATA[836]]></wp:meta_value>
            </wp:postmeta>
            <wp:postmeta>
                <wp:meta_key>_menu_item_object_id</wp:meta_key>
                <wp:meta_value><![CDATA[12989]]></wp:meta_value>
            </wp:postmeta>
            <wp:postmeta>
                <wp:meta_key>_menu_item_object</wp:meta_key>
                <wp:meta_value><![CDATA[page]]></wp:meta_value>
            </wp:postmeta>
            <wp:postmeta>
                <wp:meta_key>_menu_item_target</wp:meta_key>
                <wp:meta_value><![CDATA[]]></wp:meta_value>
            </wp:postmeta>
            <wp:postmeta>
                <wp:meta_key>_menu_item_classes</wp:meta_key>
                <wp:meta_value><![CDATA[a:1:{i:0;s:0:"";}]]></wp:meta_value>
            </wp:postmeta>
            <wp:postmeta>
                <wp:meta_key>_menu_item_xfn</wp:meta_key>
                <wp:meta_value><![CDATA[]]></wp:meta_value>
            </wp:postmeta>
            <wp:postmeta>
                <wp:meta_key>_menu_item_url</wp:meta_key>
                <wp:meta_value><![CDATA[]]></wp:meta_value>
            </wp:postmeta>
            <wp:postmeta>
                <wp:meta_key>_menu_item_mega</wp:meta_key>
                <wp:meta_value><![CDATA[]]></wp:meta_value>
            </wp:postmeta>
            <wp:postmeta>
                <wp:meta_key>_menu_item_icon</wp:meta_key>
                <wp:meta_value><![CDATA[]]></wp:meta_value>
            </wp:postmeta>
            <wp:postmeta>
                <wp:meta_key>_menu_item_iconpos</wp:meta_key>
                <wp:meta_value><![CDATA[]]></wp:meta_value>
            </wp:postmeta>
        </item>
        <item>
            <title></title>
            <link>https://seventhqueen.com/demo/kleo/13000/</link>
            <pubDate>Fri, 17 Nov 2017 09:56:22 +0000</pubDate>
            <dc:creator>admin</dc:creator>
            <guid isPermaLink="false">https://seventhqueen.com/demo/kleo/?p=13000</guid>
            <description></description>
            <content:encoded><![CDATA[ ]]></content:encoded>
            <excerpt:encoded><![CDATA[]]></excerpt:encoded>
            <wp:post_id>13000</wp:post_id>
            <wp:post_date>2017-11-17 09:56:22</wp:post_date>
            <wp:post_date_gmt>2017-11-17 09:56:22</wp:post_date_gmt>
            <wp:comment_status>closed</wp:comment_status>
            <wp:ping_status>closed</wp:ping_status>
            <wp:post_name>13000</wp:post_name>
            <wp:status>publish</wp:status>
            <wp:post_parent>0</wp:post_parent>
            <wp:menu_order>4</wp:menu_order>
            <wp:post_type>nav_menu_item</wp:post_type>
            <wp:post_password></wp:post_password>
            <wp:is_sticky>0</wp:is_sticky>
            <category domain="nav_menu" nicename="kleonavmenu"><![CDATA[kleoNavMenu]]></category>
            <wp:postmeta>
                <wp:meta_key>_menu_item_type</wp:meta_key>
                <wp:meta_value><![CDATA[post_type]]></wp:meta_value>
            </wp:postmeta>
            <wp:postmeta>
                <wp:meta_key>_menu_item_menu_item_parent</wp:meta_key>
                <wp:meta_value><![CDATA[836]]></wp:meta_value>
            </wp:postmeta>
            <wp:postmeta>
                <wp:meta_key>_menu_item_object_id</wp:meta_key>
                <wp:meta_value><![CDATA[12987]]></wp:meta_value>
            </wp:postmeta>
            <wp:postmeta>
                <wp:meta_key>_menu_item_object</wp:meta_key>
                <wp:meta_value><![CDATA[page]]></wp:meta_value>
            </wp:postmeta>
            <wp:postmeta>
                <wp:meta_key>_menu_item_target</wp:meta_key>
                <wp:meta_value><![CDATA[]]></wp:meta_value>
            </wp:postmeta>
            <wp:postmeta>
                <wp:meta_key>_menu_item_classes</wp:meta_key>
                <wp:meta_value><![CDATA[a:1:{i:0;s:0:"";}]]></wp:meta_value>
            </wp:postmeta>
            <wp:postmeta>
                <wp:meta_key>_menu_item_xfn</wp:meta_key>
                <wp:meta_value><![CDATA[]]></wp:meta_value>
            </wp:postmeta>
            <wp:postmeta>
                <wp:meta_key>_menu_item_url</wp:meta_key>
                <wp:meta_value><![CDATA[]]></wp:meta_value>
            </wp:postmeta>
            <wp:postmeta>
                <wp:meta_key>_menu_item_mega</wp:meta_key>
                <wp:meta_value><![CDATA[]]></wp:meta_value>
            </wp:postmeta>
            <wp:postmeta>
                <wp:meta_key>_menu_item_icon</wp:meta_key>
                <wp:meta_value><![CDATA[]]></wp:meta_value>
            </wp:postmeta>
            <wp:postmeta>
                <wp:meta_key>_menu_item_iconpos</wp:meta_key>
                <wp:meta_value><![CDATA[]]></wp:meta_value>
            </wp:postmeta>
        </item>
        <item>
            <title></title>
            <link>https://seventhqueen.com/demo/kleo/13001/</link>
            <pubDate>Fri, 17 Nov 2017 09:56:22 +0000</pubDate>
            <dc:creator>admin</dc:creator>
            <guid isPermaLink="false">https://seventhqueen.com/demo/kleo/?p=13001</guid>
            <description></description>
            <content:encoded><![CDATA[ ]]></content:encoded>
            <excerpt:encoded><![CDATA[]]></excerpt:encoded>
            <wp:post_id>13001</wp:post_id>
            <wp:post_date>2017-11-17 09:56:22</wp:post_date>
            <wp:post_date_gmt>2017-11-17 09:56:22</wp:post_date_gmt>
            <wp:comment_status>closed</wp:comment_status>
            <wp:ping_status>closed</wp:ping_status>
            <wp:post_name>13001</wp:post_name>
            <wp:status>publish</wp:status>
            <wp:post_parent>0</wp:post_parent>
            <wp:menu_order>2</wp:menu_order>
            <wp:post_type>nav_menu_item</wp:post_type>
            <wp:post_password></wp:post_password>
            <wp:is_sticky>0</wp:is_sticky>
            <category domain="nav_menu" nicename="kleonavmenu"><![CDATA[kleoNavMenu]]></category>
            <wp:postmeta>
                <wp:meta_key>_menu_item_type</wp:meta_key>
                <wp:meta_value><![CDATA[post_type]]></wp:meta_value>
            </wp:postmeta>
            <wp:postmeta>
                <wp:meta_key>_menu_item_menu_item_parent</wp:meta_key>
                <wp:meta_value><![CDATA[836]]></wp:meta_value>
            </wp:postmeta>
            <wp:postmeta>
                <wp:meta_key>_menu_item_object_id</wp:meta_key>
                <wp:meta_value><![CDATA[12985]]></wp:meta_value>
            </wp:postmeta>
            <wp:postmeta>
                <wp:meta_key>_menu_item_object</wp:meta_key>
                <wp:meta_value><![CDATA[page]]></wp:meta_value>
            </wp:postmeta>
            <wp:postmeta>
                <wp:meta_key>_menu_item_target</wp:meta_key>
                <wp:meta_value><![CDATA[]]></wp:meta_value>
            </wp:postmeta>
            <wp:postmeta>
                <wp:meta_key>_menu_item_classes</wp:meta_key>
                <wp:meta_value><![CDATA[a:1:{i:0;s:0:"";}]]></wp:meta_value>
            </wp:postmeta>
            <wp:postmeta>
                <wp:meta_key>_menu_item_xfn</wp:meta_key>
                <wp:meta_value><![CDATA[]]></wp:meta_value>
            </wp:postmeta>
            <wp:postmeta>
                <wp:meta_key>_menu_item_url</wp:meta_key>
                <wp:meta_value><![CDATA[]]></wp:meta_value>
            </wp:postmeta>
            <wp:postmeta>
                <wp:meta_key>_menu_item_mega</wp:meta_key>
                <wp:meta_value><![CDATA[]]></wp:meta_value>
            </wp:postmeta>
            <wp:postmeta>
                <wp:meta_key>_menu_item_icon</wp:meta_key>
                <wp:meta_value><![CDATA[]]></wp:meta_value>
            </wp:postmeta>
            <wp:postmeta>
                <wp:meta_key>_menu_item_iconpos</wp:meta_key>
                <wp:meta_value><![CDATA[]]></wp:meta_value>
            </wp:postmeta>
        </item>
    </channel>
</rss>
