<?xml version="1.0" encoding="UTF-8" ?>
<!-- This is a WordPress eXtended RSS file generated by WordPress as an export of your site. -->
<!-- It contains information about your site's posts, pages, comments, categories, and other content. -->
<!-- You may use this file to transfer that content from one site to another. -->
<!-- This file is not intended to serve as a complete backup of your site. -->

<!-- To import this information into a WordPress site follow these steps: -->
<!-- 1. Log in to that site as an administrator. -->
<!-- 2. Go to Tools: Import in the WordPress admin panel. -->
<!-- 3. Install the "WordPress" importer from the list. -->
<!-- 4. Activate & Run Importer. -->
<!-- 5. Upload this file using the form provided on that page. -->
<!-- 6. You will first be asked to map the authors in this export file to users -->
<!--    on the site. For each author, you may choose to map to an -->
<!--    existing user on the site or to create a new user. -->
<!-- 7. WordPress will then import each of the posts, pages, comments, categories, etc. -->
<!--    contained in this file into your site. -->

	<!-- generator="WordPress/5.2.3" created="2019-10-04 14:44" -->
<rss version="2.0"
	xmlns:excerpt="http://wordpress.org/export/1.2/excerpt/"
	xmlns:content="http://purl.org/rss/1.0/modules/content/"
	xmlns:wfw="http://wellformedweb.org/CommentAPI/"
	xmlns:dc="http://purl.org/dc/elements/1.1/"
	xmlns:wp="http://wordpress.org/export/1.2/"
>

<channel>
	<title>News Magazine</title>
	<link>https://seventhqueen.com/themes/kleo/news-magazine</link>
	<description>Just another Kleo Wordpress Theme site</description>
	<pubDate>Fri, 04 Oct 2019 14:44:25 +0000</pubDate>
	<language>en-US</language>
	<wp:wxr_version>1.2</wp:wxr_version>
	<wp:base_site_url>http://seventhqueen.com/themes/kleo/</wp:base_site_url>
	<wp:base_blog_url>https://seventhqueen.com/themes/kleo/news-magazine</wp:base_blog_url>

		<wp:author><wp:author_id>1</wp:author_id><wp:author_login><![CDATA[kleoadmin]]></wp:author_login><wp:author_email><![CDATA[themesupport@seventhqueen.com]]></wp:author_email><wp:author_display_name><![CDATA[Jonathan Doe]]></wp:author_display_name><wp:author_first_name><![CDATA[Jonathan]]></wp:author_first_name><wp:author_last_name><![CDATA[Doe]]></wp:author_last_name></wp:author>

	<wp:category>
		<wp:term_id>2</wp:term_id>
		<wp:category_nicename><![CDATA[entertainment]]></wp:category_nicename>
		<wp:category_parent><![CDATA[]]></wp:category_parent>
		<wp:cat_name><![CDATA[ENTERTAINMENT]]></wp:cat_name>
	</wp:category>
	<wp:category>
		<wp:term_id>4</wp:term_id>
		<wp:category_nicename><![CDATA[lifestyle]]></wp:category_nicename>
		<wp:category_parent><![CDATA[]]></wp:category_parent>
		<wp:cat_name><![CDATA[LIFESTYLE]]></wp:cat_name>
	</wp:category>
	<wp:category>
		<wp:term_id>8</wp:term_id>
		<wp:category_nicename><![CDATA[relationships]]></wp:category_nicename>
		<wp:category_parent><![CDATA[lifestyle]]></wp:category_parent>
		<wp:cat_name><![CDATA[RELATIONSHIPS]]></wp:cat_name>
	</wp:category>
	<wp:category>
		<wp:term_id>3</wp:term_id>
		<wp:category_nicename><![CDATA[technology]]></wp:category_nicename>
		<wp:category_parent><![CDATA[]]></wp:category_parent>
		<wp:cat_name><![CDATA[TECHNOLOGY]]></wp:cat_name>
	</wp:category>
	<wp:category>
		<wp:term_id>5</wp:term_id>
		<wp:category_nicename><![CDATA[travel]]></wp:category_nicename>
		<wp:category_parent><![CDATA[]]></wp:category_parent>
		<wp:cat_name><![CDATA[TRAVEL]]></wp:cat_name>
	</wp:category>
	<wp:category>
		<wp:term_id>1</wp:term_id>
		<wp:category_nicename><![CDATA[uncategorized]]></wp:category_nicename>
		<wp:category_parent><![CDATA[]]></wp:category_parent>
		<wp:cat_name><![CDATA[Uncategorized]]></wp:cat_name>
	</wp:category>
	<wp:category>
		<wp:term_id>17</wp:term_id>
		<wp:category_nicename><![CDATA[world-news]]></wp:category_nicename>
		<wp:category_parent><![CDATA[]]></wp:category_parent>
		<wp:cat_name><![CDATA[WORLD NEWS]]></wp:cat_name>
	</wp:category>
	<wp:category>
		<wp:term_id>6</wp:term_id>
		<wp:category_nicename><![CDATA[beauty]]></wp:category_nicename>
		<wp:category_parent><![CDATA[lifestyle]]></wp:category_parent>
		<wp:cat_name><![CDATA[BEAUTY]]></wp:cat_name>
	</wp:category>
	<wp:category>
		<wp:term_id>7</wp:term_id>
		<wp:category_nicename><![CDATA[health-fitness]]></wp:category_nicename>
		<wp:category_parent><![CDATA[lifestyle]]></wp:category_parent>
		<wp:cat_name><![CDATA[HEALTH &amp; FITNESS]]></wp:cat_name>
	</wp:category>
	<wp:tag>
		<wp:term_id>9</wp:term_id>
		<wp:tag_slug><![CDATA[apple]]></wp:tag_slug>
		<wp:tag_name><![CDATA[apple]]></wp:tag_name>
	</wp:tag>
	<wp:tag>
		<wp:term_id>11</wp:term_id>
		<wp:tag_slug><![CDATA[technology]]></wp:tag_slug>
		<wp:tag_name><![CDATA[technology]]></wp:tag_name>
	</wp:tag>
	<wp:tag>
		<wp:term_id>10</wp:term_id>
		<wp:tag_slug><![CDATA[watch]]></wp:tag_slug>
		<wp:tag_name><![CDATA[watch]]></wp:tag_name>
	</wp:tag>
	<wp:term><wp:term_id>14</wp:term_id><wp:term_taxonomy>nav_menu</wp:term_taxonomy><wp:term_slug><![CDATA[kleotopmenu]]></wp:term_slug><wp:term_name><![CDATA[kleoTopMenu]]></wp:term_name>
	</wp:term>
	<wp:term><wp:term_id>12</wp:term_id><wp:term_taxonomy>nav_menu</wp:term_taxonomy><wp:term_slug><![CDATA[news-primary]]></wp:term_slug><wp:term_name><![CDATA[News-Primary]]></wp:term_name>
	</wp:term>
	<wp:term><wp:term_id>16</wp:term_id><wp:term_taxonomy>nav_menu</wp:term_taxonomy><wp:term_slug><![CDATA[one-page]]></wp:term_slug><wp:term_name><![CDATA[One Page]]></wp:term_name>
	</wp:term>
				
	<generator>https://wordpress.org/?v=5.2.3</generator>

		<item>
		<title>Apple Is Testing Watch-Like Device</title>
		<link>https://seventhqueen.com/themes/kleo/news-magazine/apple-is-testing-watch-like-device/</link>
		<pubDate>Wed, 10 Jun 2015 07:45:45 +0000</pubDate>
		<dc:creator><![CDATA[kleoadmin]]></dc:creator>
		<guid isPermaLink="false">http://seventhqueen.com/themes/kleo/news-magazine/?p=16</guid>
		<description></description>
		<content:encoded><![CDATA[Lorem ipsum dolor sit amet, consectetur adipiscing elit, sed do eiusmod tempor incididunt ut labore et dolore magna aliqua. Ut enim ad minim veniam, quis nostrud exercitation ullamco laboris nisi ut aliquip ex ea commodo consequat. Duis aute irure dolor in reprehenderit in voluptate velit esse cillum dolore eu fugiat nulla pariatur. Excepteur sint occaecat cupidatat non proident, sunt in culpa qui officia deserunt mollit anim id est laborum.]]></content:encoded>
		<excerpt:encoded><![CDATA[]]></excerpt:encoded>
		<wp:post_id>16</wp:post_id>
		<wp:post_date><![CDATA[2015-06-10 07:45:45]]></wp:post_date>
		<wp:post_date_gmt><![CDATA[2015-06-10 07:45:45]]></wp:post_date_gmt>
		<wp:comment_status><![CDATA[open]]></wp:comment_status>
		<wp:ping_status><![CDATA[open]]></wp:ping_status>
		<wp:post_name><![CDATA[apple-is-testing-watch-like-device]]></wp:post_name>
		<wp:status><![CDATA[publish]]></wp:status>
		<wp:post_parent>0</wp:post_parent>
		<wp:menu_order>0</wp:menu_order>
		<wp:post_type><![CDATA[post]]></wp:post_type>
		<wp:post_password><![CDATA[]]></wp:post_password>
		<wp:is_sticky>0</wp:is_sticky>
										<category domain="post_tag" nicename="apple"><![CDATA[apple]]></category>
		<category domain="category" nicename="technology"><![CDATA[TECHNOLOGY]]></category>
		<category domain="post_tag" nicename="technology"><![CDATA[technology]]></category>
		<category domain="post_tag" nicename="watch"><![CDATA[watch]]></category>
						<wp:postmeta>
		<wp:meta_key><![CDATA[_edit_last]]></wp:meta_key>
		<wp:meta_value><![CDATA[1]]></wp:meta_value>
		</wp:postmeta>
							<wp:postmeta>
		<wp:meta_key><![CDATA[_thumbnail_id]]></wp:meta_key>
		<wp:meta_value><![CDATA[17]]></wp:meta_value>
		</wp:postmeta>
							<wp:postmeta>
		<wp:meta_key><![CDATA[_item_likes]]></wp:meta_key>
		<wp:meta_value><![CDATA[186]]></wp:meta_value>
		</wp:postmeta>
							<wp:postmeta>
		<wp:meta_key><![CDATA[_vc_post_settings]]></wp:meta_key>
		<wp:meta_value><![CDATA[a:2:{s:7:"vc_grid";a:0:{}s:10:"vc_grid_id";a:0:{}}]]></wp:meta_value>
		</wp:postmeta>
							<wp:postmeta>
		<wp:meta_key><![CDATA[slide_template]]></wp:meta_key>
		<wp:meta_value><![CDATA[default]]></wp:meta_value>
		</wp:postmeta>
							<wp:postmeta>
		<wp:meta_key><![CDATA[_kleo_transparent_menu_color]]></wp:meta_key>
		<wp:meta_value><![CDATA[white]]></wp:meta_value>
		</wp:postmeta>
							<wp:postmeta>
		<wp:meta_key><![CDATA[_kleo_title_color]]></wp:meta_key>
		<wp:meta_value><![CDATA[#]]></wp:meta_value>
		</wp:postmeta>
							<wp:postmeta>
		<wp:meta_key><![CDATA[_kleo_title_bg]]></wp:meta_key>
		<wp:meta_value><![CDATA[a:5:{s:3:"url";s:0:"";s:6:"repeat";s:6:"repeat";s:4:"size";s:7:"inherit";s:10:"attachment";s:6:"scroll";s:8:"position";s:8:"left top";}]]></wp:meta_value>
		</wp:postmeta>
							<wp:postmeta>
		<wp:meta_key><![CDATA[_kleo_title_bg_color]]></wp:meta_key>
		<wp:meta_value><![CDATA[#]]></wp:meta_value>
		</wp:postmeta>
							<wp:postmeta>
		<wp:meta_key><![CDATA[_kleo_post_layout]]></wp:meta_key>
		<wp:meta_value><![CDATA[default]]></wp:meta_value>
		</wp:postmeta>
							<wp:postmeta>
		<wp:meta_key><![CDATA[_kleo_page_menu]]></wp:meta_key>
		<wp:meta_value><![CDATA[default]]></wp:meta_value>
		</wp:postmeta>
							<wp:postmeta>
		<wp:meta_key><![CDATA[_wpb_vc_js_status]]></wp:meta_key>
		<wp:meta_value><![CDATA[true]]></wp:meta_value>
		</wp:postmeta>
							<wp:postmeta>
		<wp:meta_key><![CDATA[sbg_selected_sidebar]]></wp:meta_key>
		<wp:meta_value><![CDATA[a:1:{i:0;s:1:"0";}]]></wp:meta_value>
		</wp:postmeta>
							<wp:postmeta>
		<wp:meta_key><![CDATA[sbg_selected_sidebar_replacement]]></wp:meta_key>
		<wp:meta_value><![CDATA[a:1:{i:0;s:1:"0";}]]></wp:meta_value>
		</wp:postmeta>
							<wp:postmeta>
		<wp:meta_key><![CDATA[sq_base]]></wp:meta_key>
		<wp:meta_value><![CDATA[https://seventhqueen.com/themes/kleo/news-magazine/wp-content/uploads/sites/7]]></wp:meta_value>
		</wp:postmeta>
							<wp:postmeta>
		<wp:meta_key><![CDATA[sq_import]]></wp:meta_key>
		<wp:meta_value><![CDATA[1]]></wp:meta_value>
		</wp:postmeta>
							<wp:postmeta>
		<wp:meta_key><![CDATA[sq_domain]]></wp:meta_key>
		<wp:meta_value><![CDATA[https://seventhqueen.com/themes/kleo/news-magazine]]></wp:meta_value>
		</wp:postmeta>
							<wp:postmeta>
		<wp:meta_key><![CDATA[sq_attach]]></wp:meta_key>
		<wp:meta_value><![CDATA[a:1:{i:17;s:103:"https://seventhqueen.com/themes/kleo/news-magazine/wp-content/uploads/sites/7/2015/06/technology_02.jpg";}]]></wp:meta_value>
		</wp:postmeta>
							</item>
					<item>
		<title>10 Most Beautiful Places in the World</title>
		<link>https://seventhqueen.com/themes/kleo/news-magazine/10-most-beautiful-places-in-the-world/</link>
		<pubDate>Mon, 08 Jun 2015 16:21:10 +0000</pubDate>
		<dc:creator><![CDATA[kleoadmin]]></dc:creator>
		<guid isPermaLink="false">http://seventhqueen.com/themes/kleo/news-magazine/?p=2866</guid>
		<description></description>
		<content:encoded><![CDATA[Lorem ipsum dolor sit amet, consectetur adipiscing elit, sed do eiusmod tempor incididunt ut labore et dolore magna aliqua. Ut enim ad minim veniam, quis nostrud exercitation ullamco laboris nisi ut aliquip ex ea commodo consequat. Duis aute irure dolor in reprehenderit in voluptate velit esse cillum dolore eu fugiat nulla pariatur. Excepteur sint occaecat cupidatat non proident, sunt in culpa qui officia deserunt mollit anim id est laborum.]]></content:encoded>
		<excerpt:encoded><![CDATA[]]></excerpt:encoded>
		<wp:post_id>2866</wp:post_id>
		<wp:post_date><![CDATA[2015-06-08 16:21:10]]></wp:post_date>
		<wp:post_date_gmt><![CDATA[2015-06-08 16:21:10]]></wp:post_date_gmt>
		<wp:comment_status><![CDATA[open]]></wp:comment_status>
		<wp:ping_status><![CDATA[open]]></wp:ping_status>
		<wp:post_name><![CDATA[10-most-beautiful-places-in-the-world]]></wp:post_name>
		<wp:status><![CDATA[publish]]></wp:status>
		<wp:post_parent>0</wp:post_parent>
		<wp:menu_order>0</wp:menu_order>
		<wp:post_type><![CDATA[post]]></wp:post_type>
		<wp:post_password><![CDATA[]]></wp:post_password>
		<wp:is_sticky>0</wp:is_sticky>
										<category domain="post_format" nicename="post-format-image"><![CDATA[Image]]></category>
		<category domain="category" nicename="travel"><![CDATA[TRAVEL]]></category>
						<wp:postmeta>
		<wp:meta_key><![CDATA[_edit_last]]></wp:meta_key>
		<wp:meta_value><![CDATA[1]]></wp:meta_value>
		</wp:postmeta>
							<wp:postmeta>
		<wp:meta_key><![CDATA[_thumbnail_id]]></wp:meta_key>
		<wp:meta_value><![CDATA[2867]]></wp:meta_value>
		</wp:postmeta>
							<wp:postmeta>
		<wp:meta_key><![CDATA[_item_likes]]></wp:meta_key>
		<wp:meta_value><![CDATA[97]]></wp:meta_value>
		</wp:postmeta>
							<wp:postmeta>
		<wp:meta_key><![CDATA[_wpb_vc_js_status]]></wp:meta_key>
		<wp:meta_value><![CDATA[false]]></wp:meta_value>
		</wp:postmeta>
							<wp:postmeta>
		<wp:meta_key><![CDATA[_vc_post_settings]]></wp:meta_key>
		<wp:meta_value><![CDATA[a:2:{s:7:"vc_grid";a:0:{}s:10:"vc_grid_id";a:0:{}}]]></wp:meta_value>
		</wp:postmeta>
							<wp:postmeta>
		<wp:meta_key><![CDATA[slide_template]]></wp:meta_key>
		<wp:meta_value><![CDATA[default]]></wp:meta_value>
		</wp:postmeta>
							<wp:postmeta>
		<wp:meta_key><![CDATA[_kleo_transparent_menu_color]]></wp:meta_key>
		<wp:meta_value><![CDATA[white]]></wp:meta_value>
		</wp:postmeta>
							<wp:postmeta>
		<wp:meta_key><![CDATA[_kleo_title_color]]></wp:meta_key>
		<wp:meta_value><![CDATA[#]]></wp:meta_value>
		</wp:postmeta>
							<wp:postmeta>
		<wp:meta_key><![CDATA[_kleo_title_bg]]></wp:meta_key>
		<wp:meta_value><![CDATA[a:5:{s:3:"url";s:0:"";s:6:"repeat";s:6:"repeat";s:4:"size";s:7:"inherit";s:10:"attachment";s:6:"scroll";s:8:"position";s:8:"left top";}]]></wp:meta_value>
		</wp:postmeta>
							<wp:postmeta>
		<wp:meta_key><![CDATA[_kleo_title_bg_color]]></wp:meta_key>
		<wp:meta_value><![CDATA[#]]></wp:meta_value>
		</wp:postmeta>
							<wp:postmeta>
		<wp:meta_key><![CDATA[_kleo_post_layout]]></wp:meta_key>
		<wp:meta_value><![CDATA[default]]></wp:meta_value>
		</wp:postmeta>
							<wp:postmeta>
		<wp:meta_key><![CDATA[_kleo_page_menu]]></wp:meta_key>
		<wp:meta_value><![CDATA[default]]></wp:meta_value>
		</wp:postmeta>
							<wp:postmeta>
		<wp:meta_key><![CDATA[sbg_selected_sidebar]]></wp:meta_key>
		<wp:meta_value><![CDATA[a:1:{i:0;s:1:"0";}]]></wp:meta_value>
		</wp:postmeta>
							<wp:postmeta>
		<wp:meta_key><![CDATA[sbg_selected_sidebar_replacement]]></wp:meta_key>
		<wp:meta_value><![CDATA[a:1:{i:0;s:1:"0";}]]></wp:meta_value>
		</wp:postmeta>
							<wp:postmeta>
		<wp:meta_key><![CDATA[sq_base]]></wp:meta_key>
		<wp:meta_value><![CDATA[https://seventhqueen.com/themes/kleo/news-magazine/wp-content/uploads/sites/7]]></wp:meta_value>
		</wp:postmeta>
							<wp:postmeta>
		<wp:meta_key><![CDATA[sq_import]]></wp:meta_key>
		<wp:meta_value><![CDATA[1]]></wp:meta_value>
		</wp:postmeta>
							<wp:postmeta>
		<wp:meta_key><![CDATA[sq_domain]]></wp:meta_key>
		<wp:meta_value><![CDATA[https://seventhqueen.com/themes/kleo/news-magazine]]></wp:meta_value>
		</wp:postmeta>
							<wp:postmeta>
		<wp:meta_key><![CDATA[sq_attach]]></wp:meta_key>
		<wp:meta_value><![CDATA[a:1:{i:2867;s:99:"https://seventhqueen.com/themes/kleo/news-magazine/wp-content/uploads/sites/7/2015/06/travel_01.jpg";}]]></wp:meta_value>
		</wp:postmeta>
							</item>
					<item>
		<title>7 Reasons to Marry a Complicated Woman</title>
		<link>https://seventhqueen.com/themes/kleo/news-magazine/7-reasons-to-marry-a-complicated-woman/</link>
		<pubDate>Mon, 08 Jun 2015 18:49:15 +0000</pubDate>
		<dc:creator><![CDATA[kleoadmin]]></dc:creator>
		<guid isPermaLink="false">http://seventhqueen.com/themes/kleo/news-magazine/?p=2869</guid>
		<description></description>
		<content:encoded><![CDATA[Lorem ipsum dolor sit amet, consectetur adipiscing elit, sed do eiusmod tempor incididunt ut labore et dolore magna aliqua. Ut enim ad minim veniam, quis nostrud exercitation ullamco laboris nisi ut aliquip ex ea commodo consequat. Duis aute irure dolor in reprehenderit in voluptate velit esse cillum dolore eu fugiat nulla pariatur. Excepteur sint occaecat cupidatat non proident, sunt in culpa qui officia deserunt mollit anim id est laborum.]]></content:encoded>
		<excerpt:encoded><![CDATA[]]></excerpt:encoded>
		<wp:post_id>2869</wp:post_id>
		<wp:post_date><![CDATA[2015-06-08 18:49:15]]></wp:post_date>
		<wp:post_date_gmt><![CDATA[2015-06-08 18:49:15]]></wp:post_date_gmt>
		<wp:comment_status><![CDATA[open]]></wp:comment_status>
		<wp:ping_status><![CDATA[open]]></wp:ping_status>
		<wp:post_name><![CDATA[7-reasons-to-marry-a-complicated-woman]]></wp:post_name>
		<wp:status><![CDATA[publish]]></wp:status>
		<wp:post_parent>0</wp:post_parent>
		<wp:menu_order>0</wp:menu_order>
		<wp:post_type><![CDATA[post]]></wp:post_type>
		<wp:post_password><![CDATA[]]></wp:post_password>
		<wp:is_sticky>0</wp:is_sticky>
										<category domain="category" nicename="lifestyle"><![CDATA[LIFESTYLE]]></category>
		<category domain="post_format" nicename="post-format-image"><![CDATA[Image]]></category>
		<category domain="category" nicename="relationships"><![CDATA[RELATIONSHIPS]]></category>
						<wp:postmeta>
		<wp:meta_key><![CDATA[_edit_last]]></wp:meta_key>
		<wp:meta_value><![CDATA[1]]></wp:meta_value>
		</wp:postmeta>
							<wp:postmeta>
		<wp:meta_key><![CDATA[_item_likes]]></wp:meta_key>
		<wp:meta_value><![CDATA[54]]></wp:meta_value>
		</wp:postmeta>
							<wp:postmeta>
		<wp:meta_key><![CDATA[_wpb_vc_js_status]]></wp:meta_key>
		<wp:meta_value><![CDATA[false]]></wp:meta_value>
		</wp:postmeta>
							<wp:postmeta>
		<wp:meta_key><![CDATA[_vc_post_settings]]></wp:meta_key>
		<wp:meta_value><![CDATA[a:2:{s:7:"vc_grid";a:0:{}s:10:"vc_grid_id";a:0:{}}]]></wp:meta_value>
		</wp:postmeta>
							<wp:postmeta>
		<wp:meta_key><![CDATA[slide_template]]></wp:meta_key>
		<wp:meta_value><![CDATA[]]></wp:meta_value>
		</wp:postmeta>
							<wp:postmeta>
		<wp:meta_key><![CDATA[_kleo_transparent_menu_color]]></wp:meta_key>
		<wp:meta_value><![CDATA[white]]></wp:meta_value>
		</wp:postmeta>
							<wp:postmeta>
		<wp:meta_key><![CDATA[_kleo_title_color]]></wp:meta_key>
		<wp:meta_value><![CDATA[#]]></wp:meta_value>
		</wp:postmeta>
							<wp:postmeta>
		<wp:meta_key><![CDATA[_kleo_title_bg]]></wp:meta_key>
		<wp:meta_value><![CDATA[a:5:{s:3:"url";s:0:"";s:6:"repeat";s:6:"repeat";s:4:"size";s:7:"inherit";s:10:"attachment";s:6:"scroll";s:8:"position";s:8:"left top";}]]></wp:meta_value>
		</wp:postmeta>
							<wp:postmeta>
		<wp:meta_key><![CDATA[_kleo_title_bg_color]]></wp:meta_key>
		<wp:meta_value><![CDATA[#]]></wp:meta_value>
		</wp:postmeta>
							<wp:postmeta>
		<wp:meta_key><![CDATA[_kleo_post_layout]]></wp:meta_key>
		<wp:meta_value><![CDATA[default]]></wp:meta_value>
		</wp:postmeta>
							<wp:postmeta>
		<wp:meta_key><![CDATA[_kleo_page_menu]]></wp:meta_key>
		<wp:meta_value><![CDATA[default]]></wp:meta_value>
		</wp:postmeta>
							<wp:postmeta>
		<wp:meta_key><![CDATA[_dp_original]]></wp:meta_key>
		<wp:meta_value><![CDATA[2866]]></wp:meta_value>
		</wp:postmeta>
							<wp:postmeta>
		<wp:meta_key><![CDATA[_thumbnail_id]]></wp:meta_key>
		<wp:meta_value><![CDATA[2872]]></wp:meta_value>
		</wp:postmeta>
							<wp:postmeta>
		<wp:meta_key><![CDATA[sbg_selected_sidebar]]></wp:meta_key>
		<wp:meta_value><![CDATA[a:1:{i:0;s:1:"0";}]]></wp:meta_value>
		</wp:postmeta>
							<wp:postmeta>
		<wp:meta_key><![CDATA[sbg_selected_sidebar_replacement]]></wp:meta_key>
		<wp:meta_value><![CDATA[a:1:{i:0;s:1:"0";}]]></wp:meta_value>
		</wp:postmeta>
							<wp:postmeta>
		<wp:meta_key><![CDATA[sq_base]]></wp:meta_key>
		<wp:meta_value><![CDATA[https://seventhqueen.com/themes/kleo/news-magazine/wp-content/uploads/sites/7]]></wp:meta_value>
		</wp:postmeta>
							<wp:postmeta>
		<wp:meta_key><![CDATA[sq_import]]></wp:meta_key>
		<wp:meta_value><![CDATA[1]]></wp:meta_value>
		</wp:postmeta>
							<wp:postmeta>
		<wp:meta_key><![CDATA[sq_domain]]></wp:meta_key>
		<wp:meta_value><![CDATA[https://seventhqueen.com/themes/kleo/news-magazine]]></wp:meta_value>
		</wp:postmeta>
							<wp:postmeta>
		<wp:meta_key><![CDATA[sq_attach]]></wp:meta_key>
		<wp:meta_value><![CDATA[a:2:{i:2870;s:102:"https://seventhqueen.com/themes/kleo/news-magazine/wp-content/uploads/sites/7/2015/06/lifestyle_01.jpg";i:2872;s:102:"https://seventhqueen.com/themes/kleo/news-magazine/wp-content/uploads/sites/7/2015/06/lifestyle_02.jpg";}]]></wp:meta_value>
		</wp:postmeta>
							</item>
					<item>
		<title>7 Fun Ways to Celebrate Your Man’s Birthday</title>
		<link>https://seventhqueen.com/themes/kleo/news-magazine/7-fun-ways-to-celebrate-your-mans-birthday/</link>
		<pubDate>Mon, 08 Jun 2015 16:59:56 +0000</pubDate>
		<dc:creator><![CDATA[kleoadmin]]></dc:creator>
		<guid isPermaLink="false">http://seventhqueen.com/themes/kleo/news-magazine/?p=2873</guid>
		<description></description>
		<content:encoded><![CDATA[Lorem ipsum dolor sit amet, consectetur adipiscing elit, sed do eiusmod tempor incididunt ut labore et dolore magna aliqua. Ut enim ad minim veniam, quis nostrud exercitation ullamco laboris nisi ut aliquip ex ea commodo consequat. Duis aute irure dolor in reprehenderit in voluptate velit esse cillum dolore eu fugiat nulla pariatur. Excepteur sint occaecat cupidatat non proident, sunt in culpa qui officia deserunt mollit anim id est laborum.]]></content:encoded>
		<excerpt:encoded><![CDATA[]]></excerpt:encoded>
		<wp:post_id>2873</wp:post_id>
		<wp:post_date><![CDATA[2015-06-08 16:59:56]]></wp:post_date>
		<wp:post_date_gmt><![CDATA[2015-06-08 16:59:56]]></wp:post_date_gmt>
		<wp:comment_status><![CDATA[open]]></wp:comment_status>
		<wp:ping_status><![CDATA[open]]></wp:ping_status>
		<wp:post_name><![CDATA[7-fun-ways-to-celebrate-your-mans-birthday]]></wp:post_name>
		<wp:status><![CDATA[publish]]></wp:status>
		<wp:post_parent>0</wp:post_parent>
		<wp:menu_order>0</wp:menu_order>
		<wp:post_type><![CDATA[post]]></wp:post_type>
		<wp:post_password><![CDATA[]]></wp:post_password>
		<wp:is_sticky>0</wp:is_sticky>
										<category domain="category" nicename="lifestyle"><![CDATA[LIFESTYLE]]></category>
		<category domain="post_format" nicename="post-format-image"><![CDATA[Image]]></category>
		<category domain="category" nicename="relationships"><![CDATA[RELATIONSHIPS]]></category>
						<wp:postmeta>
		<wp:meta_key><![CDATA[_edit_last]]></wp:meta_key>
		<wp:meta_value><![CDATA[1]]></wp:meta_value>
		</wp:postmeta>
							<wp:postmeta>
		<wp:meta_key><![CDATA[_item_likes]]></wp:meta_key>
		<wp:meta_value><![CDATA[30]]></wp:meta_value>
		</wp:postmeta>
							<wp:postmeta>
		<wp:meta_key><![CDATA[_wpb_vc_js_status]]></wp:meta_key>
		<wp:meta_value><![CDATA[false]]></wp:meta_value>
		</wp:postmeta>
							<wp:postmeta>
		<wp:meta_key><![CDATA[_vc_post_settings]]></wp:meta_key>
		<wp:meta_value><![CDATA[a:2:{s:7:"vc_grid";a:0:{}s:10:"vc_grid_id";a:0:{}}]]></wp:meta_value>
		</wp:postmeta>
							<wp:postmeta>
		<wp:meta_key><![CDATA[slide_template]]></wp:meta_key>
		<wp:meta_value><![CDATA[default]]></wp:meta_value>
		</wp:postmeta>
							<wp:postmeta>
		<wp:meta_key><![CDATA[_kleo_transparent_menu_color]]></wp:meta_key>
		<wp:meta_value><![CDATA[white]]></wp:meta_value>
		</wp:postmeta>
							<wp:postmeta>
		<wp:meta_key><![CDATA[_kleo_title_color]]></wp:meta_key>
		<wp:meta_value><![CDATA[#]]></wp:meta_value>
		</wp:postmeta>
							<wp:postmeta>
		<wp:meta_key><![CDATA[_kleo_title_bg]]></wp:meta_key>
		<wp:meta_value><![CDATA[a:5:{s:3:"url";s:0:"";s:6:"repeat";s:6:"repeat";s:4:"size";s:7:"inherit";s:10:"attachment";s:6:"scroll";s:8:"position";s:8:"left top";}]]></wp:meta_value>
		</wp:postmeta>
							<wp:postmeta>
		<wp:meta_key><![CDATA[_kleo_title_bg_color]]></wp:meta_key>
		<wp:meta_value><![CDATA[#]]></wp:meta_value>
		</wp:postmeta>
							<wp:postmeta>
		<wp:meta_key><![CDATA[_kleo_post_layout]]></wp:meta_key>
		<wp:meta_value><![CDATA[default]]></wp:meta_value>
		</wp:postmeta>
							<wp:postmeta>
		<wp:meta_key><![CDATA[_kleo_page_menu]]></wp:meta_key>
		<wp:meta_value><![CDATA[default]]></wp:meta_value>
		</wp:postmeta>
							<wp:postmeta>
		<wp:meta_key><![CDATA[_thumbnail_id]]></wp:meta_key>
		<wp:meta_value><![CDATA[2874]]></wp:meta_value>
		</wp:postmeta>
							<wp:postmeta>
		<wp:meta_key><![CDATA[_dp_original]]></wp:meta_key>
		<wp:meta_value><![CDATA[2869]]></wp:meta_value>
		</wp:postmeta>
							<wp:postmeta>
		<wp:meta_key><![CDATA[sbg_selected_sidebar]]></wp:meta_key>
		<wp:meta_value><![CDATA[a:1:{i:0;s:1:"0";}]]></wp:meta_value>
		</wp:postmeta>
							<wp:postmeta>
		<wp:meta_key><![CDATA[sbg_selected_sidebar_replacement]]></wp:meta_key>
		<wp:meta_value><![CDATA[a:1:{i:0;s:1:"0";}]]></wp:meta_value>
		</wp:postmeta>
							<wp:postmeta>
		<wp:meta_key><![CDATA[sq_base]]></wp:meta_key>
		<wp:meta_value><![CDATA[https://seventhqueen.com/themes/kleo/news-magazine/wp-content/uploads/sites/7]]></wp:meta_value>
		</wp:postmeta>
							<wp:postmeta>
		<wp:meta_key><![CDATA[sq_import]]></wp:meta_key>
		<wp:meta_value><![CDATA[1]]></wp:meta_value>
		</wp:postmeta>
							<wp:postmeta>
		<wp:meta_key><![CDATA[sq_domain]]></wp:meta_key>
		<wp:meta_value><![CDATA[https://seventhqueen.com/themes/kleo/news-magazine]]></wp:meta_value>
		</wp:postmeta>
							<wp:postmeta>
		<wp:meta_key><![CDATA[sq_attach]]></wp:meta_key>
		<wp:meta_value><![CDATA[a:1:{i:2874;s:102:"https://seventhqueen.com/themes/kleo/news-magazine/wp-content/uploads/sites/7/2015/06/lifestyle_03.jpg";}]]></wp:meta_value>
		</wp:postmeta>
							</item>
					<item>
		<title>Take Care of Your Mental Health</title>
		<link>https://seventhqueen.com/themes/kleo/news-magazine/take-care-of-your-mental-health/</link>
		<pubDate>Mon, 08 Jun 2015 17:06:48 +0000</pubDate>
		<dc:creator><![CDATA[kleoadmin]]></dc:creator>
		<guid isPermaLink="false">http://seventhqueen.com/themes/kleo/news-magazine/?p=2876</guid>
		<description></description>
		<content:encoded><![CDATA[Lorem ipsum dolor sit amet, consectetur adipiscing elit, sed do eiusmod tempor incididunt ut labore et dolore magna aliqua. Ut enim ad minim veniam, quis nostrud exercitation ullamco laboris nisi ut aliquip ex ea commodo consequat. Duis aute irure dolor in reprehenderit in voluptate velit esse cillum dolore eu fugiat nulla pariatur. Excepteur sint occaecat cupidatat non proident, sunt in culpa qui officia deserunt mollit anim id est laborum.]]></content:encoded>
		<excerpt:encoded><![CDATA[]]></excerpt:encoded>
		<wp:post_id>2876</wp:post_id>
		<wp:post_date><![CDATA[2015-06-08 17:06:48]]></wp:post_date>
		<wp:post_date_gmt><![CDATA[2015-06-08 17:06:48]]></wp:post_date_gmt>
		<wp:comment_status><![CDATA[open]]></wp:comment_status>
		<wp:ping_status><![CDATA[open]]></wp:ping_status>
		<wp:post_name><![CDATA[take-care-of-your-mental-health]]></wp:post_name>
		<wp:status><![CDATA[publish]]></wp:status>
		<wp:post_parent>0</wp:post_parent>
		<wp:menu_order>0</wp:menu_order>
		<wp:post_type><![CDATA[post]]></wp:post_type>
		<wp:post_password><![CDATA[]]></wp:post_password>
		<wp:is_sticky>0</wp:is_sticky>
										<category domain="category" nicename="health-fitness"><![CDATA[HEALTH &amp; FITNESS]]></category>
		<category domain="category" nicename="lifestyle"><![CDATA[LIFESTYLE]]></category>
		<category domain="post_format" nicename="post-format-image"><![CDATA[Image]]></category>
						<wp:postmeta>
		<wp:meta_key><![CDATA[_edit_last]]></wp:meta_key>
		<wp:meta_value><![CDATA[1]]></wp:meta_value>
		</wp:postmeta>
							<wp:postmeta>
		<wp:meta_key><![CDATA[_item_likes]]></wp:meta_key>
		<wp:meta_value><![CDATA[53]]></wp:meta_value>
		</wp:postmeta>
							<wp:postmeta>
		<wp:meta_key><![CDATA[_wpb_vc_js_status]]></wp:meta_key>
		<wp:meta_value><![CDATA[false]]></wp:meta_value>
		</wp:postmeta>
							<wp:postmeta>
		<wp:meta_key><![CDATA[_vc_post_settings]]></wp:meta_key>
		<wp:meta_value><![CDATA[a:2:{s:7:"vc_grid";a:0:{}s:10:"vc_grid_id";a:0:{}}]]></wp:meta_value>
		</wp:postmeta>
							<wp:postmeta>
		<wp:meta_key><![CDATA[slide_template]]></wp:meta_key>
		<wp:meta_value><![CDATA[default]]></wp:meta_value>
		</wp:postmeta>
							<wp:postmeta>
		<wp:meta_key><![CDATA[_kleo_transparent_menu_color]]></wp:meta_key>
		<wp:meta_value><![CDATA[white]]></wp:meta_value>
		</wp:postmeta>
							<wp:postmeta>
		<wp:meta_key><![CDATA[_kleo_title_color]]></wp:meta_key>
		<wp:meta_value><![CDATA[#]]></wp:meta_value>
		</wp:postmeta>
							<wp:postmeta>
		<wp:meta_key><![CDATA[_kleo_title_bg]]></wp:meta_key>
		<wp:meta_value><![CDATA[a:5:{s:3:"url";s:0:"";s:6:"repeat";s:6:"repeat";s:4:"size";s:7:"inherit";s:10:"attachment";s:6:"scroll";s:8:"position";s:8:"left top";}]]></wp:meta_value>
		</wp:postmeta>
							<wp:postmeta>
		<wp:meta_key><![CDATA[_kleo_title_bg_color]]></wp:meta_key>
		<wp:meta_value><![CDATA[#]]></wp:meta_value>
		</wp:postmeta>
							<wp:postmeta>
		<wp:meta_key><![CDATA[_kleo_post_layout]]></wp:meta_key>
		<wp:meta_value><![CDATA[default]]></wp:meta_value>
		</wp:postmeta>
							<wp:postmeta>
		<wp:meta_key><![CDATA[_kleo_page_menu]]></wp:meta_key>
		<wp:meta_value><![CDATA[default]]></wp:meta_value>
		</wp:postmeta>
							<wp:postmeta>
		<wp:meta_key><![CDATA[_thumbnail_id]]></wp:meta_key>
		<wp:meta_value><![CDATA[2877]]></wp:meta_value>
		</wp:postmeta>
							<wp:postmeta>
		<wp:meta_key><![CDATA[_dp_original]]></wp:meta_key>
		<wp:meta_value><![CDATA[2873]]></wp:meta_value>
		</wp:postmeta>
							<wp:postmeta>
		<wp:meta_key><![CDATA[sbg_selected_sidebar]]></wp:meta_key>
		<wp:meta_value><![CDATA[a:1:{i:0;s:1:"0";}]]></wp:meta_value>
		</wp:postmeta>
							<wp:postmeta>
		<wp:meta_key><![CDATA[sbg_selected_sidebar_replacement]]></wp:meta_key>
		<wp:meta_value><![CDATA[a:1:{i:0;s:1:"0";}]]></wp:meta_value>
		</wp:postmeta>
							<wp:postmeta>
		<wp:meta_key><![CDATA[sq_base]]></wp:meta_key>
		<wp:meta_value><![CDATA[https://seventhqueen.com/themes/kleo/news-magazine/wp-content/uploads/sites/7]]></wp:meta_value>
		</wp:postmeta>
							<wp:postmeta>
		<wp:meta_key><![CDATA[sq_import]]></wp:meta_key>
		<wp:meta_value><![CDATA[1]]></wp:meta_value>
		</wp:postmeta>
							<wp:postmeta>
		<wp:meta_key><![CDATA[sq_domain]]></wp:meta_key>
		<wp:meta_value><![CDATA[https://seventhqueen.com/themes/kleo/news-magazine]]></wp:meta_value>
		</wp:postmeta>
							<wp:postmeta>
		<wp:meta_key><![CDATA[sq_attach]]></wp:meta_key>
		<wp:meta_value><![CDATA[a:1:{i:2877;s:102:"https://seventhqueen.com/themes/kleo/news-magazine/wp-content/uploads/sites/7/2015/06/lifestyle_05.jpg";}]]></wp:meta_value>
		</wp:postmeta>
							</item>
					<item>
		<title>Tricks to Make Your Hair Shiny</title>
		<link>https://seventhqueen.com/themes/kleo/news-magazine/tricks-to-make-your-hair-shiny/</link>
		<pubDate>Mon, 08 Jun 2015 17:18:00 +0000</pubDate>
		<dc:creator><![CDATA[kleoadmin]]></dc:creator>
		<guid isPermaLink="false">http://seventhqueen.com/themes/kleo/news-magazine/?p=2879</guid>
		<description></description>
		<content:encoded><![CDATA[Lorem ipsum dolor sit amet, consectetur adipiscing elit, sed do eiusmod tempor incididunt ut labore et dolore magna aliqua. Ut enim ad minim veniam, quis nostrud exercitation ullamco laboris nisi ut aliquip ex ea commodo consequat. Duis aute irure dolor in reprehenderit in voluptate velit esse cillum dolore eu fugiat nulla pariatur. Excepteur sint occaecat cupidatat non proident, sunt in culpa qui officia deserunt mollit anim id est laborum.]]></content:encoded>
		<excerpt:encoded><![CDATA[]]></excerpt:encoded>
		<wp:post_id>2879</wp:post_id>
		<wp:post_date><![CDATA[2015-06-08 17:18:00]]></wp:post_date>
		<wp:post_date_gmt><![CDATA[2015-06-08 17:18:00]]></wp:post_date_gmt>
		<wp:comment_status><![CDATA[open]]></wp:comment_status>
		<wp:ping_status><![CDATA[open]]></wp:ping_status>
		<wp:post_name><![CDATA[tricks-to-make-your-hair-shiny]]></wp:post_name>
		<wp:status><![CDATA[publish]]></wp:status>
		<wp:post_parent>0</wp:post_parent>
		<wp:menu_order>0</wp:menu_order>
		<wp:post_type><![CDATA[post]]></wp:post_type>
		<wp:post_password><![CDATA[]]></wp:post_password>
		<wp:is_sticky>0</wp:is_sticky>
										<category domain="category" nicename="beauty"><![CDATA[BEAUTY]]></category>
		<category domain="category" nicename="lifestyle"><![CDATA[LIFESTYLE]]></category>
		<category domain="post_format" nicename="post-format-image"><![CDATA[Image]]></category>
						<wp:postmeta>
		<wp:meta_key><![CDATA[_edit_last]]></wp:meta_key>
		<wp:meta_value><![CDATA[1]]></wp:meta_value>
		</wp:postmeta>
							<wp:postmeta>
		<wp:meta_key><![CDATA[_item_likes]]></wp:meta_key>
		<wp:meta_value><![CDATA[86]]></wp:meta_value>
		</wp:postmeta>
							<wp:postmeta>
		<wp:meta_key><![CDATA[_wpb_vc_js_status]]></wp:meta_key>
		<wp:meta_value><![CDATA[false]]></wp:meta_value>
		</wp:postmeta>
							<wp:postmeta>
		<wp:meta_key><![CDATA[_vc_post_settings]]></wp:meta_key>
		<wp:meta_value><![CDATA[a:2:{s:7:"vc_grid";a:0:{}s:10:"vc_grid_id";a:0:{}}]]></wp:meta_value>
		</wp:postmeta>
							<wp:postmeta>
		<wp:meta_key><![CDATA[slide_template]]></wp:meta_key>
		<wp:meta_value><![CDATA[default]]></wp:meta_value>
		</wp:postmeta>
							<wp:postmeta>
		<wp:meta_key><![CDATA[_kleo_transparent_menu_color]]></wp:meta_key>
		<wp:meta_value><![CDATA[white]]></wp:meta_value>
		</wp:postmeta>
							<wp:postmeta>
		<wp:meta_key><![CDATA[_kleo_title_color]]></wp:meta_key>
		<wp:meta_value><![CDATA[#]]></wp:meta_value>
		</wp:postmeta>
							<wp:postmeta>
		<wp:meta_key><![CDATA[_kleo_title_bg]]></wp:meta_key>
		<wp:meta_value><![CDATA[a:5:{s:3:"url";s:0:"";s:6:"repeat";s:6:"repeat";s:4:"size";s:7:"inherit";s:10:"attachment";s:6:"scroll";s:8:"position";s:8:"left top";}]]></wp:meta_value>
		</wp:postmeta>
							<wp:postmeta>
		<wp:meta_key><![CDATA[_kleo_title_bg_color]]></wp:meta_key>
		<wp:meta_value><![CDATA[#]]></wp:meta_value>
		</wp:postmeta>
							<wp:postmeta>
		<wp:meta_key><![CDATA[_kleo_post_layout]]></wp:meta_key>
		<wp:meta_value><![CDATA[default]]></wp:meta_value>
		</wp:postmeta>
							<wp:postmeta>
		<wp:meta_key><![CDATA[_kleo_page_menu]]></wp:meta_key>
		<wp:meta_value><![CDATA[default]]></wp:meta_value>
		</wp:postmeta>
							<wp:postmeta>
		<wp:meta_key><![CDATA[_thumbnail_id]]></wp:meta_key>
		<wp:meta_value><![CDATA[2880]]></wp:meta_value>
		</wp:postmeta>
							<wp:postmeta>
		<wp:meta_key><![CDATA[_dp_original]]></wp:meta_key>
		<wp:meta_value><![CDATA[2876]]></wp:meta_value>
		</wp:postmeta>
							<wp:postmeta>
		<wp:meta_key><![CDATA[sbg_selected_sidebar]]></wp:meta_key>
		<wp:meta_value><![CDATA[a:1:{i:0;s:1:"0";}]]></wp:meta_value>
		</wp:postmeta>
							<wp:postmeta>
		<wp:meta_key><![CDATA[sbg_selected_sidebar_replacement]]></wp:meta_key>
		<wp:meta_value><![CDATA[a:1:{i:0;s:1:"0";}]]></wp:meta_value>
		</wp:postmeta>
							<wp:postmeta>
		<wp:meta_key><![CDATA[sq_base]]></wp:meta_key>
		<wp:meta_value><![CDATA[https://seventhqueen.com/themes/kleo/news-magazine/wp-content/uploads/sites/7]]></wp:meta_value>
		</wp:postmeta>
							<wp:postmeta>
		<wp:meta_key><![CDATA[sq_import]]></wp:meta_key>
		<wp:meta_value><![CDATA[1]]></wp:meta_value>
		</wp:postmeta>
							<wp:postmeta>
		<wp:meta_key><![CDATA[sq_domain]]></wp:meta_key>
		<wp:meta_value><![CDATA[https://seventhqueen.com/themes/kleo/news-magazine]]></wp:meta_value>
		</wp:postmeta>
							<wp:postmeta>
		<wp:meta_key><![CDATA[sq_attach]]></wp:meta_key>
		<wp:meta_value><![CDATA[a:1:{i:2880;s:102:"https://seventhqueen.com/themes/kleo/news-magazine/wp-content/uploads/sites/7/2015/06/lifestyle_06.jpg";}]]></wp:meta_value>
		</wp:postmeta>
							</item>
					<item>
		<title>Gasoline prices hit record</title>
		<link>https://seventhqueen.com/themes/kleo/news-magazine/gasoline-prices-hit-record/</link>
		<pubDate>Sun, 07 Jun 2015 18:37:28 +0000</pubDate>
		<dc:creator><![CDATA[kleoadmin]]></dc:creator>
		<guid isPermaLink="false">http://seventhqueen.com/themes/kleo/news-magazine/?p=2882</guid>
		<description></description>
		<content:encoded><![CDATA[Lorem ipsum dolor sit amet, consectetur adipiscing elit, sed do eiusmod tempor incididunt ut labore et dolore magna aliqua. Ut enim ad minim veniam, quis nostrud exercitation ullamco laboris nisi ut aliquip ex ea commodo consequat. Duis aute irure dolor in reprehenderit in voluptate velit esse cillum dolore eu fugiat nulla pariatur. Excepteur sint occaecat cupidatat non proident, sunt in culpa qui officia deserunt mollit anim id est laborum.]]></content:encoded>
		<excerpt:encoded><![CDATA[]]></excerpt:encoded>
		<wp:post_id>2882</wp:post_id>
		<wp:post_date><![CDATA[2015-06-07 18:37:28]]></wp:post_date>
		<wp:post_date_gmt><![CDATA[2015-06-07 18:37:28]]></wp:post_date_gmt>
		<wp:comment_status><![CDATA[open]]></wp:comment_status>
		<wp:ping_status><![CDATA[open]]></wp:ping_status>
		<wp:post_name><![CDATA[gasoline-prices-hit-record]]></wp:post_name>
		<wp:status><![CDATA[publish]]></wp:status>
		<wp:post_parent>0</wp:post_parent>
		<wp:menu_order>0</wp:menu_order>
		<wp:post_type><![CDATA[post]]></wp:post_type>
		<wp:post_password><![CDATA[]]></wp:post_password>
		<wp:is_sticky>0</wp:is_sticky>
										<category domain="post_format" nicename="post-format-image"><![CDATA[Image]]></category>
		<category domain="category" nicename="world-news"><![CDATA[WORLD NEWS]]></category>
						<wp:postmeta>
		<wp:meta_key><![CDATA[_edit_last]]></wp:meta_key>
		<wp:meta_value><![CDATA[1]]></wp:meta_value>
		</wp:postmeta>
							<wp:postmeta>
		<wp:meta_key><![CDATA[_item_likes]]></wp:meta_key>
		<wp:meta_value><![CDATA[55]]></wp:meta_value>
		</wp:postmeta>
							<wp:postmeta>
		<wp:meta_key><![CDATA[_wpb_vc_js_status]]></wp:meta_key>
		<wp:meta_value><![CDATA[false]]></wp:meta_value>
		</wp:postmeta>
							<wp:postmeta>
		<wp:meta_key><![CDATA[_vc_post_settings]]></wp:meta_key>
		<wp:meta_value><![CDATA[a:2:{s:7:"vc_grid";a:0:{}s:10:"vc_grid_id";a:0:{}}]]></wp:meta_value>
		</wp:postmeta>
							<wp:postmeta>
		<wp:meta_key><![CDATA[slide_template]]></wp:meta_key>
		<wp:meta_value><![CDATA[default]]></wp:meta_value>
		</wp:postmeta>
							<wp:postmeta>
		<wp:meta_key><![CDATA[_kleo_transparent_menu_color]]></wp:meta_key>
		<wp:meta_value><![CDATA[white]]></wp:meta_value>
		</wp:postmeta>
							<wp:postmeta>
		<wp:meta_key><![CDATA[_kleo_title_color]]></wp:meta_key>
		<wp:meta_value><![CDATA[#]]></wp:meta_value>
		</wp:postmeta>
							<wp:postmeta>
		<wp:meta_key><![CDATA[_kleo_title_bg]]></wp:meta_key>
		<wp:meta_value><![CDATA[a:5:{s:3:"url";s:0:"";s:6:"repeat";s:6:"repeat";s:4:"size";s:7:"inherit";s:10:"attachment";s:6:"scroll";s:8:"position";s:8:"left top";}]]></wp:meta_value>
		</wp:postmeta>
							<wp:postmeta>
		<wp:meta_key><![CDATA[_kleo_title_bg_color]]></wp:meta_key>
		<wp:meta_value><![CDATA[#]]></wp:meta_value>
		</wp:postmeta>
							<wp:postmeta>
		<wp:meta_key><![CDATA[_kleo_post_layout]]></wp:meta_key>
		<wp:meta_value><![CDATA[default]]></wp:meta_value>
		</wp:postmeta>
							<wp:postmeta>
		<wp:meta_key><![CDATA[_kleo_page_menu]]></wp:meta_key>
		<wp:meta_value><![CDATA[default]]></wp:meta_value>
		</wp:postmeta>
							<wp:postmeta>
		<wp:meta_key><![CDATA[_thumbnail_id]]></wp:meta_key>
		<wp:meta_value><![CDATA[2883]]></wp:meta_value>
		</wp:postmeta>
							<wp:postmeta>
		<wp:meta_key><![CDATA[_dp_original]]></wp:meta_key>
		<wp:meta_value><![CDATA[2879]]></wp:meta_value>
		</wp:postmeta>
							<wp:postmeta>
		<wp:meta_key><![CDATA[sbg_selected_sidebar]]></wp:meta_key>
		<wp:meta_value><![CDATA[a:1:{i:0;s:1:"0";}]]></wp:meta_value>
		</wp:postmeta>
							<wp:postmeta>
		<wp:meta_key><![CDATA[sbg_selected_sidebar_replacement]]></wp:meta_key>
		<wp:meta_value><![CDATA[a:1:{i:0;s:1:"0";}]]></wp:meta_value>
		</wp:postmeta>
							<wp:postmeta>
		<wp:meta_key><![CDATA[sq_base]]></wp:meta_key>
		<wp:meta_value><![CDATA[https://seventhqueen.com/themes/kleo/news-magazine/wp-content/uploads/sites/7]]></wp:meta_value>
		</wp:postmeta>
							<wp:postmeta>
		<wp:meta_key><![CDATA[sq_import]]></wp:meta_key>
		<wp:meta_value><![CDATA[1]]></wp:meta_value>
		</wp:postmeta>
							<wp:postmeta>
		<wp:meta_key><![CDATA[sq_domain]]></wp:meta_key>
		<wp:meta_value><![CDATA[https://seventhqueen.com/themes/kleo/news-magazine]]></wp:meta_value>
		</wp:postmeta>
							<wp:postmeta>
		<wp:meta_key><![CDATA[sq_attach]]></wp:meta_key>
		<wp:meta_value><![CDATA[a:1:{i:2883;s:103:"https://seventhqueen.com/themes/kleo/news-magazine/wp-content/uploads/sites/7/2015/06/world-news_01.jpg";}]]></wp:meta_value>
		</wp:postmeta>
							</item>
					<item>
		<title>Best Dressed Celebrities at the 2015 Oscars</title>
		<link>https://seventhqueen.com/themes/kleo/news-magazine/best-dressed-celebrities-at-the-2015-oscars/</link>
		<pubDate>Tue, 09 Jun 2015 21:13:06 +0000</pubDate>
		<dc:creator><![CDATA[kleoadmin]]></dc:creator>
		<guid isPermaLink="false">http://seventhqueen.com/themes/kleo/news-magazine/?p=2917</guid>
		<description></description>
		<content:encoded><![CDATA[Lorem ipsum dolor sit amet, consectetur adipiscing elit, sed do eiusmod tempor incididunt ut labore et dolore magna aliqua. Ut enim ad minim veniam, quis nostrud exercitation ullamco laboris nisi ut aliquip ex ea commodo consequat. Duis aute irure dolor in reprehenderit in voluptate velit esse cillum dolore eu fugiat nulla pariatur. Excepteur sint occaecat cupidatat non proident, sunt in culpa qui officia deserunt mollit anim id est laborum.]]></content:encoded>
		<excerpt:encoded><![CDATA[]]></excerpt:encoded>
		<wp:post_id>2917</wp:post_id>
		<wp:post_date><![CDATA[2015-06-09 21:13:06]]></wp:post_date>
		<wp:post_date_gmt><![CDATA[2015-06-09 21:13:06]]></wp:post_date_gmt>
		<wp:comment_status><![CDATA[open]]></wp:comment_status>
		<wp:ping_status><![CDATA[open]]></wp:ping_status>
		<wp:post_name><![CDATA[best-dressed-celebrities-at-the-2015-oscars]]></wp:post_name>
		<wp:status><![CDATA[publish]]></wp:status>
		<wp:post_parent>0</wp:post_parent>
		<wp:menu_order>0</wp:menu_order>
		<wp:post_type><![CDATA[post]]></wp:post_type>
		<wp:post_password><![CDATA[]]></wp:post_password>
		<wp:is_sticky>0</wp:is_sticky>
										<category domain="category" nicename="entertainment"><![CDATA[ENTERTAINMENT]]></category>
		<category domain="category" nicename="lifestyle"><![CDATA[LIFESTYLE]]></category>
		<category domain="post_format" nicename="post-format-image"><![CDATA[Image]]></category>
						<wp:postmeta>
		<wp:meta_key><![CDATA[_edit_last]]></wp:meta_key>
		<wp:meta_value><![CDATA[1]]></wp:meta_value>
		</wp:postmeta>
							<wp:postmeta>
		<wp:meta_key><![CDATA[_item_likes]]></wp:meta_key>
		<wp:meta_value><![CDATA[130]]></wp:meta_value>
		</wp:postmeta>
							<wp:postmeta>
		<wp:meta_key><![CDATA[_wpb_vc_js_status]]></wp:meta_key>
		<wp:meta_value><![CDATA[false]]></wp:meta_value>
		</wp:postmeta>
							<wp:postmeta>
		<wp:meta_key><![CDATA[_vc_post_settings]]></wp:meta_key>
		<wp:meta_value><![CDATA[a:2:{s:7:"vc_grid";a:0:{}s:10:"vc_grid_id";a:0:{}}]]></wp:meta_value>
		</wp:postmeta>
							<wp:postmeta>
		<wp:meta_key><![CDATA[slide_template]]></wp:meta_key>
		<wp:meta_value><![CDATA[default]]></wp:meta_value>
		</wp:postmeta>
							<wp:postmeta>
		<wp:meta_key><![CDATA[_kleo_transparent_menu_color]]></wp:meta_key>
		<wp:meta_value><![CDATA[white]]></wp:meta_value>
		</wp:postmeta>
							<wp:postmeta>
		<wp:meta_key><![CDATA[_kleo_title_color]]></wp:meta_key>
		<wp:meta_value><![CDATA[#]]></wp:meta_value>
		</wp:postmeta>
							<wp:postmeta>
		<wp:meta_key><![CDATA[_kleo_title_bg]]></wp:meta_key>
		<wp:meta_value><![CDATA[a:5:{s:3:"url";s:0:"";s:6:"repeat";s:6:"repeat";s:4:"size";s:7:"inherit";s:10:"attachment";s:6:"scroll";s:8:"position";s:8:"left top";}]]></wp:meta_value>
		</wp:postmeta>
							<wp:postmeta>
		<wp:meta_key><![CDATA[_kleo_title_bg_color]]></wp:meta_key>
		<wp:meta_value><![CDATA[#ffffff]]></wp:meta_value>
		</wp:postmeta>
							<wp:postmeta>
		<wp:meta_key><![CDATA[_kleo_post_layout]]></wp:meta_key>
		<wp:meta_value><![CDATA[default]]></wp:meta_value>
		</wp:postmeta>
							<wp:postmeta>
		<wp:meta_key><![CDATA[_kleo_page_menu]]></wp:meta_key>
		<wp:meta_value><![CDATA[default]]></wp:meta_value>
		</wp:postmeta>
							<wp:postmeta>
		<wp:meta_key><![CDATA[_thumbnail_id]]></wp:meta_key>
		<wp:meta_value><![CDATA[2919]]></wp:meta_value>
		</wp:postmeta>
							<wp:postmeta>
		<wp:meta_key><![CDATA[_dp_original]]></wp:meta_key>
		<wp:meta_value><![CDATA[2869]]></wp:meta_value>
		</wp:postmeta>
							<wp:postmeta>
		<wp:meta_key><![CDATA[_kleo_title_layout]]></wp:meta_key>
		<wp:meta_value><![CDATA[]]></wp:meta_value>
		</wp:postmeta>
							<wp:postmeta>
		<wp:meta_key><![CDATA[sbg_selected_sidebar]]></wp:meta_key>
		<wp:meta_value><![CDATA[a:1:{i:0;s:1:"0";}]]></wp:meta_value>
		</wp:postmeta>
							<wp:postmeta>
		<wp:meta_key><![CDATA[sbg_selected_sidebar_replacement]]></wp:meta_key>
		<wp:meta_value><![CDATA[a:1:{i:0;s:1:"0";}]]></wp:meta_value>
		</wp:postmeta>
							<wp:postmeta>
		<wp:meta_key><![CDATA[sq_base]]></wp:meta_key>
		<wp:meta_value><![CDATA[https://seventhqueen.com/themes/kleo/news-magazine/wp-content/uploads/sites/7]]></wp:meta_value>
		</wp:postmeta>
							<wp:postmeta>
		<wp:meta_key><![CDATA[sq_import]]></wp:meta_key>
		<wp:meta_value><![CDATA[1]]></wp:meta_value>
		</wp:postmeta>
							<wp:postmeta>
		<wp:meta_key><![CDATA[sq_domain]]></wp:meta_key>
		<wp:meta_value><![CDATA[https://seventhqueen.com/themes/kleo/news-magazine]]></wp:meta_value>
		</wp:postmeta>
							<wp:postmeta>
		<wp:meta_key><![CDATA[sq_attach]]></wp:meta_key>
		<wp:meta_value><![CDATA[a:3:{i:2918;s:102:"https://seventhqueen.com/themes/kleo/news-magazine/wp-content/uploads/sites/7/2015/06/lifestyle_08.jpg";i:2919;s:102:"https://seventhqueen.com/themes/kleo/news-magazine/wp-content/uploads/sites/7/2015/06/lifestyle_09.jpg";i:2920;s:102:"https://seventhqueen.com/themes/kleo/news-magazine/wp-content/uploads/sites/7/2015/06/lifestyle_07.jpg";}]]></wp:meta_value>
		</wp:postmeta>
							</item>
					<item>
		<title>Apple Introduces iOS 9, And You&#039;re About To Get More Battery Life</title>
		<link>https://seventhqueen.com/themes/kleo/news-magazine/apple-introduces-ios-9-and-youre-about-to-get-more-battery-life/</link>
		<pubDate>Tue, 09 Jun 2015 21:24:18 +0000</pubDate>
		<dc:creator><![CDATA[kleoadmin]]></dc:creator>
		<guid isPermaLink="false">http://seventhqueen.com/themes/kleo/news-magazine/?p=2922</guid>
		<description></description>
		<content:encoded><![CDATA[Lorem ipsum dolor sit amet, consectetur adipiscing elit, sed do eiusmod tempor incididunt ut labore et dolore magna aliqua. Ut enim ad minim veniam, quis nostrud exercitation ullamco laboris nisi ut aliquip ex ea commodo consequat. Duis aute irure dolor in reprehenderit in voluptate velit esse cillum dolore eu fugiat nulla pariatur. Excepteur sint occaecat cupidatat non proident, sunt in culpa qui officia deserunt mollit anim id est laborum.]]></content:encoded>
		<excerpt:encoded><![CDATA[]]></excerpt:encoded>
		<wp:post_id>2922</wp:post_id>
		<wp:post_date><![CDATA[2015-06-09 21:24:18]]></wp:post_date>
		<wp:post_date_gmt><![CDATA[2015-06-09 21:24:18]]></wp:post_date_gmt>
		<wp:comment_status><![CDATA[open]]></wp:comment_status>
		<wp:ping_status><![CDATA[open]]></wp:ping_status>
		<wp:post_name><![CDATA[apple-introduces-ios-9-and-youre-about-to-get-more-battery-life]]></wp:post_name>
		<wp:status><![CDATA[publish]]></wp:status>
		<wp:post_parent>0</wp:post_parent>
		<wp:menu_order>0</wp:menu_order>
		<wp:post_type><![CDATA[post]]></wp:post_type>
		<wp:post_password><![CDATA[]]></wp:post_password>
		<wp:is_sticky>0</wp:is_sticky>
										<category domain="post_format" nicename="post-format-image"><![CDATA[Image]]></category>
		<category domain="category" nicename="technology"><![CDATA[TECHNOLOGY]]></category>
						<wp:postmeta>
		<wp:meta_key><![CDATA[_edit_last]]></wp:meta_key>
		<wp:meta_value><![CDATA[1]]></wp:meta_value>
		</wp:postmeta>
							<wp:postmeta>
		<wp:meta_key><![CDATA[_item_likes]]></wp:meta_key>
		<wp:meta_value><![CDATA[74]]></wp:meta_value>
		</wp:postmeta>
							<wp:postmeta>
		<wp:meta_key><![CDATA[_wpb_vc_js_status]]></wp:meta_key>
		<wp:meta_value><![CDATA[false]]></wp:meta_value>
		</wp:postmeta>
							<wp:postmeta>
		<wp:meta_key><![CDATA[_vc_post_settings]]></wp:meta_key>
		<wp:meta_value><![CDATA[a:2:{s:7:"vc_grid";a:0:{}s:10:"vc_grid_id";a:0:{}}]]></wp:meta_value>
		</wp:postmeta>
							<wp:postmeta>
		<wp:meta_key><![CDATA[slide_template]]></wp:meta_key>
		<wp:meta_value><![CDATA[default]]></wp:meta_value>
		</wp:postmeta>
							<wp:postmeta>
		<wp:meta_key><![CDATA[_kleo_transparent_menu_color]]></wp:meta_key>
		<wp:meta_value><![CDATA[white]]></wp:meta_value>
		</wp:postmeta>
							<wp:postmeta>
		<wp:meta_key><![CDATA[_kleo_title_color]]></wp:meta_key>
		<wp:meta_value><![CDATA[#]]></wp:meta_value>
		</wp:postmeta>
							<wp:postmeta>
		<wp:meta_key><![CDATA[_kleo_title_bg]]></wp:meta_key>
		<wp:meta_value><![CDATA[a:5:{s:3:"url";s:0:"";s:6:"repeat";s:6:"repeat";s:4:"size";s:7:"inherit";s:10:"attachment";s:6:"scroll";s:8:"position";s:8:"left top";}]]></wp:meta_value>
		</wp:postmeta>
							<wp:postmeta>
		<wp:meta_key><![CDATA[_kleo_title_bg_color]]></wp:meta_key>
		<wp:meta_value><![CDATA[#]]></wp:meta_value>
		</wp:postmeta>
							<wp:postmeta>
		<wp:meta_key><![CDATA[_kleo_post_layout]]></wp:meta_key>
		<wp:meta_value><![CDATA[default]]></wp:meta_value>
		</wp:postmeta>
							<wp:postmeta>
		<wp:meta_key><![CDATA[_kleo_page_menu]]></wp:meta_key>
		<wp:meta_value><![CDATA[default]]></wp:meta_value>
		</wp:postmeta>
							<wp:postmeta>
		<wp:meta_key><![CDATA[_thumbnail_id]]></wp:meta_key>
		<wp:meta_value><![CDATA[2925]]></wp:meta_value>
		</wp:postmeta>
							<wp:postmeta>
		<wp:meta_key><![CDATA[_dp_original]]></wp:meta_key>
		<wp:meta_value><![CDATA[2917]]></wp:meta_value>
		</wp:postmeta>
							<wp:postmeta>
		<wp:meta_key><![CDATA[sbg_selected_sidebar]]></wp:meta_key>
		<wp:meta_value><![CDATA[a:1:{i:0;s:1:"0";}]]></wp:meta_value>
		</wp:postmeta>
							<wp:postmeta>
		<wp:meta_key><![CDATA[sbg_selected_sidebar_replacement]]></wp:meta_key>
		<wp:meta_value><![CDATA[a:1:{i:0;s:1:"0";}]]></wp:meta_value>
		</wp:postmeta>
							<wp:postmeta>
		<wp:meta_key><![CDATA[sq_base]]></wp:meta_key>
		<wp:meta_value><![CDATA[https://seventhqueen.com/themes/kleo/news-magazine/wp-content/uploads/sites/7]]></wp:meta_value>
		</wp:postmeta>
							<wp:postmeta>
		<wp:meta_key><![CDATA[sq_import]]></wp:meta_key>
		<wp:meta_value><![CDATA[1]]></wp:meta_value>
		</wp:postmeta>
							<wp:postmeta>
		<wp:meta_key><![CDATA[sq_domain]]></wp:meta_key>
		<wp:meta_value><![CDATA[https://seventhqueen.com/themes/kleo/news-magazine]]></wp:meta_value>
		</wp:postmeta>
							<wp:postmeta>
		<wp:meta_key><![CDATA[sq_attach]]></wp:meta_key>
		<wp:meta_value><![CDATA[a:3:{i:2923;s:103:"https://seventhqueen.com/themes/kleo/news-magazine/wp-content/uploads/sites/7/2015/06/technology_03.jpg";i:2924;s:103:"https://seventhqueen.com/themes/kleo/news-magazine/wp-content/uploads/sites/7/2015/06/technology_04.jpg";i:2925;s:103:"https://seventhqueen.com/themes/kleo/news-magazine/wp-content/uploads/sites/7/2015/06/technology_05.jpg";}]]></wp:meta_value>
		</wp:postmeta>
							</item>
					<item>
		<title>Starbucks Unveils 6 New Frappuccino Flavors</title>
		<link>https://seventhqueen.com/themes/kleo/news-magazine/starbucks-unveils-6-new-frappuccino-flavors/</link>
		<pubDate>Tue, 09 Jun 2015 21:31:59 +0000</pubDate>
		<dc:creator><![CDATA[kleoadmin]]></dc:creator>
		<guid isPermaLink="false">http://seventhqueen.com/themes/kleo/news-magazine/?p=2927</guid>
		<description></description>
		<content:encoded><![CDATA[Lorem ipsum dolor sit amet, consectetur adipiscing elit, sed do eiusmod tempor incididunt ut labore et dolore magna aliqua. Ut enim ad minim veniam, quis nostrud exercitation ullamco laboris nisi ut aliquip ex ea commodo consequat. Duis aute irure dolor in reprehenderit in voluptate velit esse cillum dolore eu fugiat nulla pariatur. Excepteur sint occaecat cupidatat non proident, sunt in culpa qui officia deserunt mollit anim id est laborum.]]></content:encoded>
		<excerpt:encoded><![CDATA[]]></excerpt:encoded>
		<wp:post_id>2927</wp:post_id>
		<wp:post_date><![CDATA[2015-06-09 21:31:59]]></wp:post_date>
		<wp:post_date_gmt><![CDATA[2015-06-09 21:31:59]]></wp:post_date_gmt>
		<wp:comment_status><![CDATA[open]]></wp:comment_status>
		<wp:ping_status><![CDATA[open]]></wp:ping_status>
		<wp:post_name><![CDATA[starbucks-unveils-6-new-frappuccino-flavors]]></wp:post_name>
		<wp:status><![CDATA[publish]]></wp:status>
		<wp:post_parent>0</wp:post_parent>
		<wp:menu_order>0</wp:menu_order>
		<wp:post_type><![CDATA[post]]></wp:post_type>
		<wp:post_password><![CDATA[]]></wp:post_password>
		<wp:is_sticky>0</wp:is_sticky>
										<category domain="post_format" nicename="post-format-image"><![CDATA[Image]]></category>
		<category domain="category" nicename="world-news"><![CDATA[WORLD NEWS]]></category>
						<wp:postmeta>
		<wp:meta_key><![CDATA[_edit_last]]></wp:meta_key>
		<wp:meta_value><![CDATA[1]]></wp:meta_value>
		</wp:postmeta>
							<wp:postmeta>
		<wp:meta_key><![CDATA[_item_likes]]></wp:meta_key>
		<wp:meta_value><![CDATA[109]]></wp:meta_value>
		</wp:postmeta>
							<wp:postmeta>
		<wp:meta_key><![CDATA[_wpb_vc_js_status]]></wp:meta_key>
		<wp:meta_value><![CDATA[true]]></wp:meta_value>
		</wp:postmeta>
							<wp:postmeta>
		<wp:meta_key><![CDATA[_vc_post_settings]]></wp:meta_key>
		<wp:meta_value><![CDATA[a:2:{s:7:"vc_grid";a:0:{}s:10:"vc_grid_id";a:0:{}}]]></wp:meta_value>
		</wp:postmeta>
							<wp:postmeta>
		<wp:meta_key><![CDATA[slide_template]]></wp:meta_key>
		<wp:meta_value><![CDATA[default]]></wp:meta_value>
		</wp:postmeta>
							<wp:postmeta>
		<wp:meta_key><![CDATA[_kleo_transparent_menu_color]]></wp:meta_key>
		<wp:meta_value><![CDATA[white]]></wp:meta_value>
		</wp:postmeta>
							<wp:postmeta>
		<wp:meta_key><![CDATA[_kleo_title_color]]></wp:meta_key>
		<wp:meta_value><![CDATA[#]]></wp:meta_value>
		</wp:postmeta>
							<wp:postmeta>
		<wp:meta_key><![CDATA[_kleo_title_bg]]></wp:meta_key>
		<wp:meta_value><![CDATA[a:5:{s:3:"url";s:102:"http://seventhqueen.com/themes/kleo/news-magazine/wp-content/uploads/sites/7/2015/06/world-news_02.jpg";s:6:"repeat";s:6:"repeat";s:4:"size";s:7:"inherit";s:10:"attachment";s:6:"scroll";s:8:"position";s:8:"left top";}]]></wp:meta_value>
		</wp:postmeta>
							<wp:postmeta>
		<wp:meta_key><![CDATA[_kleo_title_bg_color]]></wp:meta_key>
		<wp:meta_value><![CDATA[#]]></wp:meta_value>
		</wp:postmeta>
							<wp:postmeta>
		<wp:meta_key><![CDATA[_kleo_post_layout]]></wp:meta_key>
		<wp:meta_value><![CDATA[default]]></wp:meta_value>
		</wp:postmeta>
							<wp:postmeta>
		<wp:meta_key><![CDATA[_kleo_page_menu]]></wp:meta_key>
		<wp:meta_value><![CDATA[default]]></wp:meta_value>
		</wp:postmeta>
							<wp:postmeta>
		<wp:meta_key><![CDATA[_thumbnail_id]]></wp:meta_key>
		<wp:meta_value><![CDATA[2928]]></wp:meta_value>
		</wp:postmeta>
							<wp:postmeta>
		<wp:meta_key><![CDATA[_dp_original]]></wp:meta_key>
		<wp:meta_value><![CDATA[2922]]></wp:meta_value>
		</wp:postmeta>
							<wp:postmeta>
		<wp:meta_key><![CDATA[sbg_selected_sidebar]]></wp:meta_key>
		<wp:meta_value><![CDATA[a:1:{i:0;s:1:"0";}]]></wp:meta_value>
		</wp:postmeta>
							<wp:postmeta>
		<wp:meta_key><![CDATA[sbg_selected_sidebar_replacement]]></wp:meta_key>
		<wp:meta_value><![CDATA[a:1:{i:0;s:1:"0";}]]></wp:meta_value>
		</wp:postmeta>
							<wp:postmeta>
		<wp:meta_key><![CDATA[sq_base]]></wp:meta_key>
		<wp:meta_value><![CDATA[https://seventhqueen.com/themes/kleo/news-magazine/wp-content/uploads/sites/7]]></wp:meta_value>
		</wp:postmeta>
							<wp:postmeta>
		<wp:meta_key><![CDATA[sq_import]]></wp:meta_key>
		<wp:meta_value><![CDATA[1]]></wp:meta_value>
		</wp:postmeta>
							<wp:postmeta>
		<wp:meta_key><![CDATA[sq_domain]]></wp:meta_key>
		<wp:meta_value><![CDATA[https://seventhqueen.com/themes/kleo/news-magazine]]></wp:meta_value>
		</wp:postmeta>
							<wp:postmeta>
		<wp:meta_key><![CDATA[sq_attach]]></wp:meta_key>
		<wp:meta_value><![CDATA[a:1:{i:2928;s:103:"https://seventhqueen.com/themes/kleo/news-magazine/wp-content/uploads/sites/7/2015/06/world-news_02.jpg";}]]></wp:meta_value>
		</wp:postmeta>
							</item>
					<item>
		<title>Tips for Choosing the Right Jewellery for Your Skin Tone</title>
		<link>https://seventhqueen.com/themes/kleo/news-magazine/tips-for-choosing-the-right-jewellery-for-your-skin-tone/</link>
		<pubDate>Tue, 09 Jun 2015 21:40:13 +0000</pubDate>
		<dc:creator><![CDATA[kleoadmin]]></dc:creator>
		<guid isPermaLink="false">http://seventhqueen.com/themes/kleo/news-magazine/?p=2930</guid>
		<description></description>
		<content:encoded><![CDATA[Lorem ipsum dolor sit amet, consectetur adipiscing elit, sed do eiusmod tempor incididunt ut labore et dolore magna aliqua. Ut enim ad minim veniam, quis nostrud exercitation ullamco laboris nisi ut aliquip ex ea commodo consequat. Duis aute irure dolor in reprehenderit in voluptate velit esse cillum dolore eu fugiat nulla pariatur. Excepteur sint occaecat cupidatat non proident, sunt in culpa qui officia deserunt mollit anim id est laborum.]]></content:encoded>
		<excerpt:encoded><![CDATA[]]></excerpt:encoded>
		<wp:post_id>2930</wp:post_id>
		<wp:post_date><![CDATA[2015-06-09 21:40:13]]></wp:post_date>
		<wp:post_date_gmt><![CDATA[2015-06-09 21:40:13]]></wp:post_date_gmt>
		<wp:comment_status><![CDATA[open]]></wp:comment_status>
		<wp:ping_status><![CDATA[open]]></wp:ping_status>
		<wp:post_name><![CDATA[tips-for-choosing-the-right-jewellery-for-your-skin-tone]]></wp:post_name>
		<wp:status><![CDATA[publish]]></wp:status>
		<wp:post_parent>0</wp:post_parent>
		<wp:menu_order>0</wp:menu_order>
		<wp:post_type><![CDATA[post]]></wp:post_type>
		<wp:post_password><![CDATA[]]></wp:post_password>
		<wp:is_sticky>0</wp:is_sticky>
										<category domain="category" nicename="beauty"><![CDATA[BEAUTY]]></category>
		<category domain="post_format" nicename="post-format-image"><![CDATA[Image]]></category>
						<wp:postmeta>
		<wp:meta_key><![CDATA[_edit_last]]></wp:meta_key>
		<wp:meta_value><![CDATA[1]]></wp:meta_value>
		</wp:postmeta>
							<wp:postmeta>
		<wp:meta_key><![CDATA[_item_likes]]></wp:meta_key>
		<wp:meta_value><![CDATA[97]]></wp:meta_value>
		</wp:postmeta>
							<wp:postmeta>
		<wp:meta_key><![CDATA[_wpb_vc_js_status]]></wp:meta_key>
		<wp:meta_value><![CDATA[false]]></wp:meta_value>
		</wp:postmeta>
							<wp:postmeta>
		<wp:meta_key><![CDATA[_vc_post_settings]]></wp:meta_key>
		<wp:meta_value><![CDATA[a:2:{s:7:"vc_grid";a:0:{}s:10:"vc_grid_id";a:0:{}}]]></wp:meta_value>
		</wp:postmeta>
							<wp:postmeta>
		<wp:meta_key><![CDATA[slide_template]]></wp:meta_key>
		<wp:meta_value><![CDATA[default]]></wp:meta_value>
		</wp:postmeta>
							<wp:postmeta>
		<wp:meta_key><![CDATA[_kleo_transparent_menu_color]]></wp:meta_key>
		<wp:meta_value><![CDATA[white]]></wp:meta_value>
		</wp:postmeta>
							<wp:postmeta>
		<wp:meta_key><![CDATA[_kleo_title_color]]></wp:meta_key>
		<wp:meta_value><![CDATA[#]]></wp:meta_value>
		</wp:postmeta>
							<wp:postmeta>
		<wp:meta_key><![CDATA[_kleo_title_bg]]></wp:meta_key>
		<wp:meta_value><![CDATA[a:5:{s:3:"url";s:0:"";s:6:"repeat";s:6:"repeat";s:4:"size";s:7:"inherit";s:10:"attachment";s:6:"scroll";s:8:"position";s:8:"left top";}]]></wp:meta_value>
		</wp:postmeta>
							<wp:postmeta>
		<wp:meta_key><![CDATA[_kleo_title_bg_color]]></wp:meta_key>
		<wp:meta_value><![CDATA[#]]></wp:meta_value>
		</wp:postmeta>
							<wp:postmeta>
		<wp:meta_key><![CDATA[_kleo_post_layout]]></wp:meta_key>
		<wp:meta_value><![CDATA[default]]></wp:meta_value>
		</wp:postmeta>
							<wp:postmeta>
		<wp:meta_key><![CDATA[_kleo_page_menu]]></wp:meta_key>
		<wp:meta_value><![CDATA[default]]></wp:meta_value>
		</wp:postmeta>
							<wp:postmeta>
		<wp:meta_key><![CDATA[_thumbnail_id]]></wp:meta_key>
		<wp:meta_value><![CDATA[2936]]></wp:meta_value>
		</wp:postmeta>
							<wp:postmeta>
		<wp:meta_key><![CDATA[_dp_original]]></wp:meta_key>
		<wp:meta_value><![CDATA[2927]]></wp:meta_value>
		</wp:postmeta>
							<wp:postmeta>
		<wp:meta_key><![CDATA[sbg_selected_sidebar]]></wp:meta_key>
		<wp:meta_value><![CDATA[a:1:{i:0;s:1:"0";}]]></wp:meta_value>
		</wp:postmeta>
							<wp:postmeta>
		<wp:meta_key><![CDATA[sbg_selected_sidebar_replacement]]></wp:meta_key>
		<wp:meta_value><![CDATA[a:1:{i:0;s:1:"0";}]]></wp:meta_value>
		</wp:postmeta>
							<wp:postmeta>
		<wp:meta_key><![CDATA[sq_base]]></wp:meta_key>
		<wp:meta_value><![CDATA[https://seventhqueen.com/themes/kleo/news-magazine/wp-content/uploads/sites/7]]></wp:meta_value>
		</wp:postmeta>
							<wp:postmeta>
		<wp:meta_key><![CDATA[sq_import]]></wp:meta_key>
		<wp:meta_value><![CDATA[1]]></wp:meta_value>
		</wp:postmeta>
							<wp:postmeta>
		<wp:meta_key><![CDATA[sq_domain]]></wp:meta_key>
		<wp:meta_value><![CDATA[https://seventhqueen.com/themes/kleo/news-magazine]]></wp:meta_value>
		</wp:postmeta>
							<wp:postmeta>
		<wp:meta_key><![CDATA[sq_attach]]></wp:meta_key>
		<wp:meta_value><![CDATA[a:2:{i:2931;s:99:"https://seventhqueen.com/themes/kleo/news-magazine/wp-content/uploads/sites/7/2015/06/beauty_01.jpg";i:2936;s:99:"https://seventhqueen.com/themes/kleo/news-magazine/wp-content/uploads/sites/7/2015/06/beauty_02.jpg";}]]></wp:meta_value>
		</wp:postmeta>
							</item>
					<item>
		<title>Johnny Depp&#039;s wife Amber Heard, 29, breaks her silence on their marriage</title>
		<link>https://seventhqueen.com/themes/kleo/news-magazine/johnny-depps-wife-amber-heard-29-breaks-her-silence-on-their-marriage/</link>
		<pubDate>Tue, 09 Jun 2015 21:47:54 +0000</pubDate>
		<dc:creator><![CDATA[kleoadmin]]></dc:creator>
		<guid isPermaLink="false">http://seventhqueen.com/themes/kleo/news-magazine/?p=2933</guid>
		<description></description>
		<content:encoded><![CDATA[Lorem ipsum dolor sit amet, consectetur adipiscing elit, sed do eiusmod tempor incididunt ut labore et dolore magna aliqua. Ut enim ad minim veniam, quis nostrud exercitation ullamco laboris nisi ut aliquip ex ea commodo consequat. Duis aute irure dolor in reprehenderit in voluptate velit esse cillum dolore eu fugiat nulla pariatur. Excepteur sint occaecat cupidatat non proident, sunt in culpa qui officia deserunt mollit anim id est laborum.]]></content:encoded>
		<excerpt:encoded><![CDATA[]]></excerpt:encoded>
		<wp:post_id>2933</wp:post_id>
		<wp:post_date><![CDATA[2015-06-09 21:47:54]]></wp:post_date>
		<wp:post_date_gmt><![CDATA[2015-06-09 21:47:54]]></wp:post_date_gmt>
		<wp:comment_status><![CDATA[open]]></wp:comment_status>
		<wp:ping_status><![CDATA[open]]></wp:ping_status>
		<wp:post_name><![CDATA[johnny-depps-wife-amber-heard-29-breaks-her-silence-on-their-marriage]]></wp:post_name>
		<wp:status><![CDATA[publish]]></wp:status>
		<wp:post_parent>0</wp:post_parent>
		<wp:menu_order>0</wp:menu_order>
		<wp:post_type><![CDATA[post]]></wp:post_type>
		<wp:post_password><![CDATA[]]></wp:post_password>
		<wp:is_sticky>0</wp:is_sticky>
										<category domain="category" nicename="beauty"><![CDATA[BEAUTY]]></category>
		<category domain="post_format" nicename="post-format-image"><![CDATA[Image]]></category>
						<wp:postmeta>
		<wp:meta_key><![CDATA[_edit_last]]></wp:meta_key>
		<wp:meta_value><![CDATA[1]]></wp:meta_value>
		</wp:postmeta>
							<wp:postmeta>
		<wp:meta_key><![CDATA[_item_likes]]></wp:meta_key>
		<wp:meta_value><![CDATA[96]]></wp:meta_value>
		</wp:postmeta>
							<wp:postmeta>
		<wp:meta_key><![CDATA[_wpb_vc_js_status]]></wp:meta_key>
		<wp:meta_value><![CDATA[false]]></wp:meta_value>
		</wp:postmeta>
							<wp:postmeta>
		<wp:meta_key><![CDATA[_vc_post_settings]]></wp:meta_key>
		<wp:meta_value><![CDATA[a:2:{s:7:"vc_grid";a:0:{}s:10:"vc_grid_id";a:0:{}}]]></wp:meta_value>
		</wp:postmeta>
							<wp:postmeta>
		<wp:meta_key><![CDATA[slide_template]]></wp:meta_key>
		<wp:meta_value><![CDATA[default]]></wp:meta_value>
		</wp:postmeta>
							<wp:postmeta>
		<wp:meta_key><![CDATA[_kleo_transparent_menu_color]]></wp:meta_key>
		<wp:meta_value><![CDATA[white]]></wp:meta_value>
		</wp:postmeta>
							<wp:postmeta>
		<wp:meta_key><![CDATA[_kleo_title_color]]></wp:meta_key>
		<wp:meta_value><![CDATA[#]]></wp:meta_value>
		</wp:postmeta>
							<wp:postmeta>
		<wp:meta_key><![CDATA[_kleo_title_bg]]></wp:meta_key>
		<wp:meta_value><![CDATA[a:5:{s:3:"url";s:0:"";s:6:"repeat";s:6:"repeat";s:4:"size";s:7:"inherit";s:10:"attachment";s:6:"scroll";s:8:"position";s:8:"left top";}]]></wp:meta_value>
		</wp:postmeta>
							<wp:postmeta>
		<wp:meta_key><![CDATA[_kleo_title_bg_color]]></wp:meta_key>
		<wp:meta_value><![CDATA[#ffffff]]></wp:meta_value>
		</wp:postmeta>
							<wp:postmeta>
		<wp:meta_key><![CDATA[_kleo_post_layout]]></wp:meta_key>
		<wp:meta_value><![CDATA[default]]></wp:meta_value>
		</wp:postmeta>
							<wp:postmeta>
		<wp:meta_key><![CDATA[_kleo_page_menu]]></wp:meta_key>
		<wp:meta_value><![CDATA[default]]></wp:meta_value>
		</wp:postmeta>
							<wp:postmeta>
		<wp:meta_key><![CDATA[_thumbnail_id]]></wp:meta_key>
		<wp:meta_value><![CDATA[2934]]></wp:meta_value>
		</wp:postmeta>
							<wp:postmeta>
		<wp:meta_key><![CDATA[_dp_original]]></wp:meta_key>
		<wp:meta_value><![CDATA[2930]]></wp:meta_value>
		</wp:postmeta>
							<wp:postmeta>
		<wp:meta_key><![CDATA[sbg_selected_sidebar]]></wp:meta_key>
		<wp:meta_value><![CDATA[a:1:{i:0;s:1:"0";}]]></wp:meta_value>
		</wp:postmeta>
							<wp:postmeta>
		<wp:meta_key><![CDATA[sbg_selected_sidebar_replacement]]></wp:meta_key>
		<wp:meta_value><![CDATA[a:1:{i:0;s:1:"0";}]]></wp:meta_value>
		</wp:postmeta>
							<wp:postmeta>
		<wp:meta_key><![CDATA[sq_base]]></wp:meta_key>
		<wp:meta_value><![CDATA[https://seventhqueen.com/themes/kleo/news-magazine/wp-content/uploads/sites/7]]></wp:meta_value>
		</wp:postmeta>
							<wp:postmeta>
		<wp:meta_key><![CDATA[sq_import]]></wp:meta_key>
		<wp:meta_value><![CDATA[1]]></wp:meta_value>
		</wp:postmeta>
							<wp:postmeta>
		<wp:meta_key><![CDATA[sq_domain]]></wp:meta_key>
		<wp:meta_value><![CDATA[https://seventhqueen.com/themes/kleo/news-magazine]]></wp:meta_value>
		</wp:postmeta>
							<wp:postmeta>
		<wp:meta_key><![CDATA[sq_attach]]></wp:meta_key>
		<wp:meta_value><![CDATA[a:1:{i:2934;s:106:"https://seventhqueen.com/themes/kleo/news-magazine/wp-content/uploads/sites/7/2015/06/entertainment_01.jpg";}]]></wp:meta_value>
		</wp:postmeta>
							<wp:comment>
			<wp:comment_id>21</wp:comment_id>
			<wp:comment_author><![CDATA[Jonathan Doe]]></wp:comment_author>
			<wp:comment_author_email><![CDATA[themesupport@seventhqueen.com]]></wp:comment_author_email>
			<wp:comment_author_url></wp:comment_author_url>
			<wp:comment_author_IP><![CDATA[162.158.88.52]]></wp:comment_author_IP>
			<wp:comment_date><![CDATA[2015-08-19 12:58:07]]></wp:comment_date>
			<wp:comment_date_gmt><![CDATA[2015-08-19 12:58:07]]></wp:comment_date_gmt>
			<wp:comment_content><![CDATA["A people that values its privileges above its principles soon loses both. (Dwight D. Eisenhower , Inaugural Address, January 20, 1953)"]]></wp:comment_content>
			<wp:comment_approved><![CDATA[1]]></wp:comment_approved>
			<wp:comment_type><![CDATA[]]></wp:comment_type>
			<wp:comment_parent>0</wp:comment_parent>
			<wp:comment_user_id>1</wp:comment_user_id>
						<wp:commentmeta>
	<wp:meta_key><![CDATA[akismet_result]]></wp:meta_key>
			<wp:meta_value><![CDATA[false]]></wp:meta_value>
			</wp:commentmeta>
						<wp:commentmeta>
	<wp:meta_key><![CDATA[akismet_history]]></wp:meta_key>
			<wp:meta_value><![CDATA[a:3:{s:4:"time";d:1439989087.3622279;s:5:"event";s:9:"check-ham";s:4:"user";s:9:"kleoadmin";}]]></wp:meta_value>
			</wp:commentmeta>
							</wp:comment>
					<wp:comment>
			<wp:comment_id>22</wp:comment_id>
			<wp:comment_author><![CDATA[Jonathan Doe]]></wp:comment_author>
			<wp:comment_author_email><![CDATA[themesupport@seventhqueen.com]]></wp:comment_author_email>
			<wp:comment_author_url></wp:comment_author_url>
			<wp:comment_author_IP><![CDATA[141.101.98.112]]></wp:comment_author_IP>
			<wp:comment_date><![CDATA[2015-08-19 12:58:32]]></wp:comment_date>
			<wp:comment_date_gmt><![CDATA[2015-08-19 12:58:32]]></wp:comment_date_gmt>
			<wp:comment_content><![CDATA["I do not feel obliged to believe that the same God who has endowed us with sense, reason, and intellect has intended us to forgo their use. (Galileo Galilei)"]]></wp:comment_content>
			<wp:comment_approved><![CDATA[1]]></wp:comment_approved>
			<wp:comment_type><![CDATA[]]></wp:comment_type>
			<wp:comment_parent>0</wp:comment_parent>
			<wp:comment_user_id>1</wp:comment_user_id>
						<wp:commentmeta>
	<wp:meta_key><![CDATA[akismet_result]]></wp:meta_key>
			<wp:meta_value><![CDATA[false]]></wp:meta_value>
			</wp:commentmeta>
						<wp:commentmeta>
	<wp:meta_key><![CDATA[akismet_history]]></wp:meta_key>
			<wp:meta_value><![CDATA[a:3:{s:4:"time";d:1439989113.1206019;s:5:"event";s:9:"check-ham";s:4:"user";s:9:"kleoadmin";}]]></wp:meta_value>
			</wp:commentmeta>
							</wp:comment>
					</item>
				</channel>
</rss>
	