<?xml version="1.0" encoding="UTF-8" ?>
<!-- This is a WordPress eXtended RSS file generated by WordPress as an export of your site. -->
<!-- It contains information about your site's posts, pages, comments, categories, and other content. -->
<!-- You may use this file to transfer that content from one site to another. -->
<!-- This file is not intended to serve as a complete backup of your site. -->

<!-- To import this information into a WordPress site follow these steps: -->
<!-- 1. Log in to that site as an administrator. -->
<!-- 2. Go to Tools: Import in the WordPress admin panel. -->
<!-- 3. Install the "WordPress" importer from the list. -->
<!-- 4. Activate & Run Importer. -->
<!-- 5. Upload this file using the form provided on that page. -->
<!-- 6. You will first be asked to map the authors in this export file to users -->
<!--    on the site. For each author, you may choose to map to an -->
<!--    existing user on the site or to create a new user. -->
<!-- 7. WordPress will then import each of the posts, pages, comments, categories, etc. -->
<!--    contained in this file into your site. -->

<!-- generator="WordPress/4.7.3" created="2017-03-08 22:34" -->
<rss version="2.0"
	xmlns:excerpt="http://wordpress.org/export/1.2/excerpt/"
	xmlns:content="http://purl.org/rss/1.0/modules/content/"
	xmlns:wfw="http://wellformedweb.org/CommentAPI/"
	xmlns:dc="http://purl.org/dc/elements/1.1/"
	xmlns:wp="http://wordpress.org/export/1.2/"
>

<channel>
	<title>KLEO Template</title>
	<link>https://seventhqueen.com/demo/kleo</link>
	<description>Wordpress Premium Template</description>
	<pubDate>Wed, 08 Mar 2017 22:34:45 +0000</pubDate>
	<language>en-US</language>
	<wp:wxr_version>1.2</wp:wxr_version>
	<wp:base_site_url>https://seventhqueen.com/demo/kleo</wp:base_site_url>
	<wp:base_blog_url>https://seventhqueen.com/demo/kleo</wp:base_blog_url>

	<wp:author><wp:author_id>1</wp:author_id><wp:author_login><![CDATA[admin]]></wp:author_login><wp:author_email><![CDATA[demo@seventhqueen.com]]></wp:author_email><wp:author_display_name><![CDATA[admin]]></wp:author_display_name><wp:author_first_name><![CDATA[]]></wp:author_first_name><wp:author_last_name><![CDATA[]]></wp:author_last_name></wp:author>

	<wp:category>
		<wp:term_id>3</wp:term_id>
		<wp:category_nicename><![CDATA[showcase]]></wp:category_nicename>
		<wp:category_parent><![CDATA[]]></wp:category_parent>
		<wp:cat_name><![CDATA[Showcase]]></wp:cat_name>
	</wp:category>

	<generator>https://wordpress.org/?v=4.7.3</generator>

	<item>
		<title>Image post format</title>
		<link>https://seventhqueen.com/demo/kleo/image-post-format/</link>
		<pubDate>Mon, 03 Feb 2014 00:11:33 +0000</pubDate>
		<dc:creator><![CDATA[admin]]></dc:creator>
		<guid isPermaLink="false">http://seventhqueen.com/themes/kleo/?p=124</guid>
		<description></description>
		<content:encoded><![CDATA[<div>

Etiam vehicula odio est, sit amet volutpat nulla rutrum nec. Aliquam lorem diam, condimentum eu mollis et, semper et ipsum. Maecenas sed purus id lacus interdum egestas. Morbi leo odio, bibendum sit amet neque ac, imperdiet fringilla erat. Sed nec pellentesque leo. Nam lobortis lorem purus, a faucibus velit semper nec. Vestibulum ante ipsum primis in faucibus orci luctus et ultrices posuere cubilia Curae; Donec rutrum porttitor sapien ac gravida. Nam in sollicitudin risus, in ultricies libero. Aliquam in libero quis lacus hendrerit mattis ut eget nulla. Quisque et turpis a ante pulvinar tristique et sit amet libero.

Nulla sollicitudin mattis est, non malesuada sem aliquet eu. Morbi non aliquet tortor. Praesent ultrices et diam sit amet egestas. Nulla sed mollis leo. Integer quis lacus urna. In pretium est a est pulvinar rhoncus. Quisque pharetra quam ac justo euismod ullamcorper. Pellentesque non sagittis nisi, nec bibendum mauris. Praesent aliquam lorem ac rutrum elementum. Aenean quis porttitor elit. Vestibulum sit amet quam ac metus congue vulputate ac et eros. Quisque vitae urna a neque aliquam tincidunt et sit amet ipsum. In eget vehicula mauris. Quisque lobortis sem diam. Maecenas condimentum arcu ut risus pretium aliquam. Curabitur semper congue nibh, id adipiscing risus bibendum at.

</div>]]></content:encoded>
		<excerpt:encoded><![CDATA[]]></excerpt:encoded>
		<wp:post_id>124</wp:post_id>
		<wp:post_date><![CDATA[2014-02-03 00:11:33]]></wp:post_date>
		<wp:post_date_gmt><![CDATA[2014-02-03 00:11:33]]></wp:post_date_gmt>
		<wp:comment_status><![CDATA[open]]></wp:comment_status>
		<wp:ping_status><![CDATA[open]]></wp:ping_status>
		<wp:post_name><![CDATA[image-post-format]]></wp:post_name>
		<wp:status><![CDATA[publish]]></wp:status>
		<wp:post_parent>0</wp:post_parent>
		<wp:menu_order>0</wp:menu_order>
		<wp:post_type><![CDATA[post]]></wp:post_type>
		<wp:post_password><![CDATA[]]></wp:post_password>
		<wp:is_sticky>0</wp:is_sticky>
		<category domain="post_format" nicename="post-format-image"><![CDATA[Image]]></category>
		<category domain="category" nicename="showcase"><![CDATA[Showcase]]></category>
		<wp:postmeta>
			<wp:meta_key><![CDATA[_item_likes]]></wp:meta_key>
			<wp:meta_value><![CDATA[0]]></wp:meta_value>
		</wp:postmeta>
		<wp:postmeta>
			<wp:meta_key><![CDATA[_edit_last]]></wp:meta_key>
			<wp:meta_value><![CDATA[1]]></wp:meta_value>
		</wp:postmeta>
		<wp:postmeta>
			<wp:meta_key><![CDATA[_item_likes]]></wp:meta_key>
			<wp:meta_value><![CDATA[12]]></wp:meta_value>
		</wp:postmeta>
		<wp:postmeta>
			<wp:meta_key><![CDATA[slide_template]]></wp:meta_key>
			<wp:meta_value><![CDATA[default]]></wp:meta_value>
		</wp:postmeta>
		<wp:postmeta>
			<wp:meta_key><![CDATA[_kleo_post_layout]]></wp:meta_key>
			<wp:meta_value><![CDATA[default]]></wp:meta_value>
		</wp:postmeta>
		<wp:postmeta>
			<wp:meta_key><![CDATA[_thumbnail_id]]></wp:meta_key>
			<wp:meta_value><![CDATA[486]]></wp:meta_value>
		</wp:postmeta>
		<wp:postmeta>
			<wp:meta_key><![CDATA[_wpb_vc_js_status]]></wp:meta_key>
			<wp:meta_value><![CDATA[false]]></wp:meta_value>
		</wp:postmeta>
		<wp:postmeta>
			<wp:meta_key><![CDATA[_wpb_vc_js_interface_version]]></wp:meta_key>
			<wp:meta_value><![CDATA[0]]></wp:meta_value>
		</wp:postmeta>
		<wp:postmeta>
			<wp:meta_key><![CDATA[sbg_selected_sidebar]]></wp:meta_key>
			<wp:meta_value><![CDATA[a:1:{i:0;s:1:"0";}]]></wp:meta_value>
		</wp:postmeta>
		<wp:postmeta>
			<wp:meta_key><![CDATA[sbg_selected_sidebar_replacement]]></wp:meta_key>
			<wp:meta_value><![CDATA[a:1:{i:0;s:1:"0";}]]></wp:meta_value>
		</wp:postmeta>
		<wp:postmeta>
			<wp:meta_key><![CDATA[sq_attach]]></wp:meta_key>
			<wp:meta_value><![CDATA[a:1:{i:486;s:78:"https://seventhqueen.com/demo/kleo/wp-content/uploads/2014/02/placeitdsdas.png";}]]></wp:meta_value>
		</wp:postmeta>
		<wp:postmeta>
			<wp:meta_key><![CDATA[sq_base]]></wp:meta_key>
			<wp:meta_value><![CDATA[https://seventhqueen.com/demo/kleo/wp-content/uploads]]></wp:meta_value>
		</wp:postmeta>
		<wp:postmeta>
			<wp:meta_key><![CDATA[sq_import]]></wp:meta_key>
			<wp:meta_value><![CDATA[1]]></wp:meta_value>
		</wp:postmeta>
		<wp:postmeta>
			<wp:meta_key><![CDATA[sq_domain]]></wp:meta_key>
			<wp:meta_value><![CDATA[https://seventhqueen.com/demo/kleo]]></wp:meta_value>
		</wp:postmeta>
	</item>
	<item>
		<title>Check out this awesome Video</title>
		<link>https://seventhqueen.com/demo/kleo/check-out-this-awesome-video/</link>
		<pubDate>Mon, 03 Feb 2014 01:13:21 +0000</pubDate>
		<dc:creator><![CDATA[admin]]></dc:creator>
		<guid isPermaLink="false">http://seventhqueen.com/themes/kleo/?p=129</guid>
		<description></description>
		<content:encoded><![CDATA[<div>

This is a video post example.
<blockquote>Hi there! I’m a bike messenger by day, aspiring actor by night, and this is my blog. I live in Los Angeles, have a great dog named Jack, and I like piña coladas. (And gettin’ caught in the rain.)</blockquote>
…or something like this:
<blockquote>The XYZ Doohickey Company was founded in 1971, and has been providing quality doohickeys to the public ever since. Located in Gotham City, XYZ employs over 2,000 people and does all kinds of awesome things for the Gotham community.</blockquote>
As a new WordPress user, you should go to <a href="http://seventhqueen.com/demo/SweetDateWp/wp-admin/">your dashboard</a> to delete this page and create new pages for your content. Have fun!

</div>]]></content:encoded>
		<excerpt:encoded><![CDATA[]]></excerpt:encoded>
		<wp:post_id>129</wp:post_id>
		<wp:post_date><![CDATA[2014-02-03 01:13:21]]></wp:post_date>
		<wp:post_date_gmt><![CDATA[2014-02-03 01:13:21]]></wp:post_date_gmt>
		<wp:comment_status><![CDATA[open]]></wp:comment_status>
		<wp:ping_status><![CDATA[open]]></wp:ping_status>
		<wp:post_name><![CDATA[check-out-this-awesome-video]]></wp:post_name>
		<wp:status><![CDATA[publish]]></wp:status>
		<wp:post_parent>0</wp:post_parent>
		<wp:menu_order>0</wp:menu_order>
		<wp:post_type><![CDATA[post]]></wp:post_type>
		<wp:post_password><![CDATA[]]></wp:post_password>
		<wp:is_sticky>0</wp:is_sticky>
		<category domain="category" nicename="showcase"><![CDATA[Showcase]]></category>
		<category domain="post_format" nicename="post-format-video"><![CDATA[Video]]></category>
		<wp:postmeta>
			<wp:meta_key><![CDATA[_item_likes]]></wp:meta_key>
			<wp:meta_value><![CDATA[1]]></wp:meta_value>
		</wp:postmeta>
		<wp:postmeta>
			<wp:meta_key><![CDATA[_edit_last]]></wp:meta_key>
			<wp:meta_value><![CDATA[1]]></wp:meta_value>
		</wp:postmeta>
		<wp:postmeta>
			<wp:meta_key><![CDATA[_item_likes]]></wp:meta_key>
			<wp:meta_value><![CDATA[1]]></wp:meta_value>
		</wp:postmeta>
		<wp:postmeta>
			<wp:meta_key><![CDATA[slide_template]]></wp:meta_key>
			<wp:meta_value><![CDATA[default]]></wp:meta_value>
		</wp:postmeta>
		<wp:postmeta>
			<wp:meta_key><![CDATA[_kleo_embed]]></wp:meta_key>
			<wp:meta_value><![CDATA[http://vimeo.com/85217548]]></wp:meta_value>
		</wp:postmeta>
		<wp:postmeta>
			<wp:meta_key><![CDATA[_kleo_post_layout]]></wp:meta_key>
			<wp:meta_value><![CDATA[default]]></wp:meta_value>
		</wp:postmeta>
		<wp:postmeta>
			<wp:meta_key><![CDATA[sbg_selected_sidebar]]></wp:meta_key>
			<wp:meta_value><![CDATA[a:1:{i:0;s:1:"0";}]]></wp:meta_value>
		</wp:postmeta>
		<wp:postmeta>
			<wp:meta_key><![CDATA[sbg_selected_sidebar_replacement]]></wp:meta_key>
			<wp:meta_value><![CDATA[a:1:{i:0;s:1:"0";}]]></wp:meta_value>
		</wp:postmeta>
		<wp:postmeta>
			<wp:meta_key><![CDATA[_oembed_7cb8a4e96f9271f65233dc07311eb61f]]></wp:meta_key>
			<wp:meta_value><![CDATA[<div class="flex-video widescreen vimeo"><iframe src="//player.vimeo.com/video/85217548" width="1200" height="510" style="border: none" title="The North Face: Tom Wallisch&#039;s Skier&#039;s Discretion - The 2014 Season" webkitallowfullscreen mozallowfullscreen allowfullscreen></iframe></div>]]></wp:meta_value>
		</wp:postmeta>
		<wp:postmeta>
			<wp:meta_key><![CDATA[sq_base]]></wp:meta_key>
			<wp:meta_value><![CDATA[https://seventhqueen.com/demo/kleo/wp-content/uploads]]></wp:meta_value>
		</wp:postmeta>
		<wp:postmeta>
			<wp:meta_key><![CDATA[sq_import]]></wp:meta_key>
			<wp:meta_value><![CDATA[1]]></wp:meta_value>
		</wp:postmeta>
		<wp:postmeta>
			<wp:meta_key><![CDATA[sq_domain]]></wp:meta_key>
			<wp:meta_value><![CDATA[https://seventhqueen.com/demo/kleo]]></wp:meta_value>
		</wp:postmeta>
		<wp:comment>
			<wp:comment_id>9</wp:comment_id>
			<wp:comment_author><![CDATA[kleoadmin]]></wp:comment_author>
			<wp:comment_author_email><![CDATA[themesupport@seventhqueen.com]]></wp:comment_author_email>
			<wp:comment_author_url></wp:comment_author_url>
			<wp:comment_author_IP><![CDATA[89.47.54.53]]></wp:comment_author_IP>
			<wp:comment_date><![CDATA[2014-02-03 01:33:02]]></wp:comment_date>
			<wp:comment_date_gmt><![CDATA[2014-02-03 01:33:02]]></wp:comment_date_gmt>
			<wp:comment_content><![CDATA[The XYZ Doohickey Company was founded in 1971, and has been providing quality doohickeys to the public ever since.]]></wp:comment_content>
			<wp:comment_approved><![CDATA[1]]></wp:comment_approved>
			<wp:comment_type><![CDATA[]]></wp:comment_type>
			<wp:comment_parent>0</wp:comment_parent>
			<wp:comment_user_id>1</wp:comment_user_id>
		</wp:comment>
	</item>
	<item>
		<title>Interesting Photos</title>
		<link>https://seventhqueen.com/demo/kleo/interesting-photos/</link>
		<pubDate>Mon, 03 Feb 2014 00:45:53 +0000</pubDate>
		<dc:creator><![CDATA[admin]]></dc:creator>
		<guid isPermaLink="false">http://seventhqueen.com/themes/kleo/?p=137</guid>
		<description></description>
		<content:encoded><![CDATA[<div>

Sed ut perspiciatis unde omnis iste natus error sit voluptatem accusantium doloremque laudantium, totam rem aperiam, eaque ipsa quae ab illo inventore veritatis et quasi architecto beatae vitae dicta sunt explicabo.

Nemo enim ipsam voluptatem quia voluptas sit aspernatur aut odit aut fugit, sed quia consequuntur magni dolores eos qui ratione voluptatem sequi nesciunt.
<div>
<blockquote>Sed ut perspiciatis unde omnis iste natus error sit voluptatem accusantium doloremque laudantium, totam rem aperiam, eaque ipsa quae ab illo inventore veritatis et quasi architecto beatae vitae dicta sunt explicabo.</blockquote>
Nemo enim ipsam voluptatem quia voluptas sit aspernatur aut odit aut fugit, sed quia consequuntur magni dolores eos qui ratione voluptatem sequi nesciunt.
<div>

Sed ut perspiciatis unde omnis iste natus error sit voluptatem accusantium doloremque laudantium, totam rem aperiam, eaque ipsa quae ab illo inventore veritatis et quasi architecto beatae vitae dicta sunt explicabo.

Nemo enim ipsam voluptatem quia voluptas sit aspernatur aut odit aut fugit, sed quia consequuntur magni dolores eos qui ratione voluptatem sequi nesciunt.

</div>
</div>
</div>]]></content:encoded>
		<excerpt:encoded><![CDATA[]]></excerpt:encoded>
		<wp:post_id>137</wp:post_id>
		<wp:post_date><![CDATA[2014-02-03 00:45:53]]></wp:post_date>
		<wp:post_date_gmt><![CDATA[2014-02-03 00:45:53]]></wp:post_date_gmt>
		<wp:comment_status><![CDATA[open]]></wp:comment_status>
		<wp:ping_status><![CDATA[open]]></wp:ping_status>
		<wp:post_name><![CDATA[interesting-photos]]></wp:post_name>
		<wp:status><![CDATA[publish]]></wp:status>
		<wp:post_parent>0</wp:post_parent>
		<wp:menu_order>0</wp:menu_order>
		<wp:post_type><![CDATA[post]]></wp:post_type>
		<wp:post_password><![CDATA[]]></wp:post_password>
		<wp:is_sticky>0</wp:is_sticky>
		<category domain="post_tag" nicename="business"><![CDATA[Business]]></category>
		<category domain="post_format" nicename="post-format-gallery"><![CDATA[Gallery]]></category>
		<category domain="category" nicename="showcase"><![CDATA[Showcase]]></category>
		<wp:postmeta>
			<wp:meta_key><![CDATA[_item_likes]]></wp:meta_key>
			<wp:meta_value><![CDATA[0]]></wp:meta_value>
		</wp:postmeta>
		<wp:postmeta>
			<wp:meta_key><![CDATA[_edit_last]]></wp:meta_key>
			<wp:meta_value><![CDATA[1]]></wp:meta_value>
		</wp:postmeta>
		<wp:postmeta>
			<wp:meta_key><![CDATA[_item_likes]]></wp:meta_key>
			<wp:meta_value><![CDATA[8]]></wp:meta_value>
		</wp:postmeta>
		<wp:postmeta>
			<wp:meta_key><![CDATA[slide_template]]></wp:meta_key>
			<wp:meta_value><![CDATA[default]]></wp:meta_value>
		</wp:postmeta>
		<wp:postmeta>
			<wp:meta_key><![CDATA[_kleo_slider]]></wp:meta_key>
			<wp:meta_value><![CDATA[a:10:{i:0;s:96:"http://seventhqueen.com/themes/kleo/wp-content/uploads/2014/02/Responsive-Screen-Mockup-Pack.png";i:1;s:70:"http://seventhqueen.com/themes/kleo/wp-content/uploads/2014/02/lap.png";i:2;s:75:"http://seventhqueen.com/themes/kleo/wp-content/uploads/2014/02/IMG_0436.jpg";i:3;s:100:"http://seventhqueen.com/themes/kleo/wp-content/uploads/2014/02/seventhqueen.com-2014-2-5-14-41-3.png";i:4;s:78:"http://seventhqueen.com/themes/kleo/wp-content/uploads/2014/02/kleo_mobile.png";i:5;s:101:"http://seventhqueen.com/themes/kleo/wp-content/uploads/2014/02/Screen-Shot-2014-02-18-at-10.05.46.png";i:6;s:101:"http://seventhqueen.com/themes/kleo/wp-content/uploads/2014/02/Screen-Shot-2014-02-20-at-14.57.50.png";i:7;s:0:"";i:8;s:87:"http://seventhqueen.com/themes/kleo/wp-content/uploads/2014/02/isotop_masonry_style.jpg";i:9;s:85:"http://seventhqueen.com/themes/kleo/wp-content/uploads/2014/02/isotope_grid_style.jpg";}]]></wp:meta_value>
		</wp:postmeta>
		<wp:postmeta>
			<wp:meta_key><![CDATA[_kleo_post_layout]]></wp:meta_key>
			<wp:meta_value><![CDATA[default]]></wp:meta_value>
		</wp:postmeta>
		<wp:postmeta>
			<wp:meta_key><![CDATA[_wpb_vc_js_status]]></wp:meta_key>
			<wp:meta_value><![CDATA[true]]></wp:meta_value>
		</wp:postmeta>
		<wp:postmeta>
			<wp:meta_key><![CDATA[_wpb_vc_js_interface_version]]></wp:meta_key>
			<wp:meta_value><![CDATA[0]]></wp:meta_value>
		</wp:postmeta>
		<wp:postmeta>
			<wp:meta_key><![CDATA[sbg_selected_sidebar]]></wp:meta_key>
			<wp:meta_value><![CDATA[a:1:{i:0;s:1:"0";}]]></wp:meta_value>
		</wp:postmeta>
		<wp:postmeta>
			<wp:meta_key><![CDATA[sbg_selected_sidebar_replacement]]></wp:meta_key>
			<wp:meta_value><![CDATA[a:1:{i:0;s:1:"0";}]]></wp:meta_value>
		</wp:postmeta>
		<wp:postmeta>
			<wp:meta_key><![CDATA[sq_attach]]></wp:meta_key>
			<wp:meta_value><![CDATA[a:10:{i:551;s:100:"https://seventhqueen.com/demo/kleo/wp-content/uploads/2014/02/Screen-Shot-2014-02-11-at-21.59.47.png";i:562;s:100:"https://seventhqueen.com/demo/kleo/wp-content/uploads/2014/02/Screen-Shot-2014-02-18-at-10.05.46.png";i:598;s:100:"https://seventhqueen.com/demo/kleo/wp-content/uploads/2014/02/Screen-Shot-2014-02-20-at-14.57.50.png";i:712;s:86:"https://seventhqueen.com/demo/kleo/wp-content/uploads/2014/02/isotop_masonry_style.jpg";i:713;s:84:"https://seventhqueen.com/demo/kleo/wp-content/uploads/2014/02/isotope_grid_style.jpg";i:471;s:95:"https://seventhqueen.com/demo/kleo/wp-content/uploads/2014/02/Responsive-Screen-Mockup-Pack.png";i:472;s:69:"https://seventhqueen.com/demo/kleo/wp-content/uploads/2014/02/lap.png";i:473;s:100:"https://seventhqueen.com/demo/kleo/wp-content/uploads/2014/02/Screen-Shot-2014-01-24-at-21.56.03.png";i:474;s:74:"https://seventhqueen.com/demo/kleo/wp-content/uploads/2014/02/IMG_0436.jpg";i:492;s:77:"https://seventhqueen.com/demo/kleo/wp-content/uploads/2014/02/kleo_mobile.png";}]]></wp:meta_value>
		</wp:postmeta>
		<wp:postmeta>
			<wp:meta_key><![CDATA[sq_base]]></wp:meta_key>
			<wp:meta_value><![CDATA[https://seventhqueen.com/demo/kleo/wp-content/uploads]]></wp:meta_value>
		</wp:postmeta>
		<wp:postmeta>
			<wp:meta_key><![CDATA[sq_import]]></wp:meta_key>
			<wp:meta_value><![CDATA[1]]></wp:meta_value>
		</wp:postmeta>
		<wp:postmeta>
			<wp:meta_key><![CDATA[sq_domain]]></wp:meta_key>
			<wp:meta_value><![CDATA[https://seventhqueen.com/demo/kleo]]></wp:meta_value>
		</wp:postmeta>
	</item>
	<item>
		<title>Inpirational Audio track</title>
		<link>https://seventhqueen.com/demo/kleo/inpirational-audio-track/</link>
		<pubDate>Mon, 03 Feb 2014 00:48:55 +0000</pubDate>
		<dc:creator><![CDATA[admin]]></dc:creator>
		<guid isPermaLink="false">http://seventhqueen.com/themes/kleo/?p=145</guid>
		<description></description>
		<content:encoded><![CDATA[<div>

Sed ut perspiciatis unde omnis iste natus error sit voluptatem accusantium doloremque laudantium, totam rem aperiam, eaque ipsa quae ab illo inventore veritatis et quasi architecto beatae vitae dicta sunt explicabo.

Nemo enim ipsam voluptatem quia voluptas sit aspernatur aut odit aut fugit, sed quia consequuntur magni dolores eos qui ratione voluptatem sequi nesciunt.

</div>]]></content:encoded>
		<excerpt:encoded><![CDATA[]]></excerpt:encoded>
		<wp:post_id>145</wp:post_id>
		<wp:post_date><![CDATA[2014-02-03 00:48:55]]></wp:post_date>
		<wp:post_date_gmt><![CDATA[2014-02-03 00:48:55]]></wp:post_date_gmt>
		<wp:comment_status><![CDATA[open]]></wp:comment_status>
		<wp:ping_status><![CDATA[open]]></wp:ping_status>
		<wp:post_name><![CDATA[inpirational-audio-track]]></wp:post_name>
		<wp:status><![CDATA[publish]]></wp:status>
		<wp:post_parent>0</wp:post_parent>
		<wp:menu_order>0</wp:menu_order>
		<wp:post_type><![CDATA[post]]></wp:post_type>
		<wp:post_password><![CDATA[]]></wp:post_password>
		<wp:is_sticky>0</wp:is_sticky>
		<category domain="post_format" nicename="post-format-audio"><![CDATA[Audio]]></category>
		<category domain="post_tag" nicename="awesome"><![CDATA[Awesome]]></category>
		<category domain="category" nicename="showcase"><![CDATA[Showcase]]></category>
		<wp:postmeta>
			<wp:meta_key><![CDATA[_item_likes]]></wp:meta_key>
			<wp:meta_value><![CDATA[1]]></wp:meta_value>
		</wp:postmeta>
		<wp:postmeta>
			<wp:meta_key><![CDATA[_edit_last]]></wp:meta_key>
			<wp:meta_value><![CDATA[1]]></wp:meta_value>
		</wp:postmeta>
		<wp:postmeta>
			<wp:meta_key><![CDATA[_item_likes]]></wp:meta_key>
			<wp:meta_value><![CDATA[1]]></wp:meta_value>
		</wp:postmeta>
		<wp:postmeta>
			<wp:meta_key><![CDATA[slide_template]]></wp:meta_key>
			<wp:meta_value><![CDATA[default]]></wp:meta_value>
		</wp:postmeta>
		<wp:postmeta>
			<wp:meta_key><![CDATA[_kleo_audio]]></wp:meta_key>
			<wp:meta_value><![CDATA[http://seventhqueen.com/demo/kleo/wp-content/uploads/2014/02/AirReview-Landmarks-02-ChasingCorporate.mp3]]></wp:meta_value>
		</wp:postmeta>
		<wp:postmeta>
			<wp:meta_key><![CDATA[_kleo_post_layout]]></wp:meta_key>
			<wp:meta_value><![CDATA[default]]></wp:meta_value>
		</wp:postmeta>
		<wp:postmeta>
			<wp:meta_key><![CDATA[sbg_selected_sidebar]]></wp:meta_key>
			<wp:meta_value><![CDATA[a:1:{i:0;s:1:"0";}]]></wp:meta_value>
		</wp:postmeta>
		<wp:postmeta>
			<wp:meta_key><![CDATA[sbg_selected_sidebar_replacement]]></wp:meta_key>
			<wp:meta_value><![CDATA[a:1:{i:0;s:1:"0";}]]></wp:meta_value>
		</wp:postmeta>
		<wp:postmeta>
			<wp:meta_key><![CDATA[sq_base]]></wp:meta_key>
			<wp:meta_value><![CDATA[https://seventhqueen.com/demo/kleo/wp-content/uploads]]></wp:meta_value>
		</wp:postmeta>
		<wp:postmeta>
			<wp:meta_key><![CDATA[sq_import]]></wp:meta_key>
			<wp:meta_value><![CDATA[1]]></wp:meta_value>
		</wp:postmeta>
		<wp:postmeta>
			<wp:meta_key><![CDATA[sq_domain]]></wp:meta_key>
			<wp:meta_value><![CDATA[https://seventhqueen.com/demo/kleo]]></wp:meta_value>
		</wp:postmeta>
	</item>
	<item>
		<title>Beautiful Image Post</title>
		<link>https://seventhqueen.com/demo/kleo/beautiful-image-post/</link>
		<pubDate>Mon, 03 Feb 2014 01:07:12 +0000</pubDate>
		<dc:creator><![CDATA[admin]]></dc:creator>
		<guid isPermaLink="false">http://seventhqueen.com/themes/kleo/?p=150</guid>
		<description></description>
		<content:encoded><![CDATA[<div>

Sed ut perspiciatis unde omnis iste natus error sit voluptatem accusantium doloremque laudantium, totam rem aperiam, eaque ipsa quae ab illo inventore veritatis et quasi architecto beatae vitae dicta sunt explicabo.
<blockquote>Nemo enim ipsam voluptatem quia voluptas sit aspernatur aut odit aut fugit, sed quia consequuntur magni dolores eos qui ratione voluptatem sequi nesciunt.</blockquote>
<div>
<blockquote>Nemo enim ipsam voluptatem quia voluptas sit aspernatur aut odit aut fugit, sed quia consequuntur magni dolores eos qui ratione voluptatem sequi nesciunt.</blockquote>
</div>
<div>

Sed ut perspiciatis unde omnis iste natus error sit voluptatem accusantium doloremque laudantium, totam rem aperiam, eaque ipsa quae ab illo inventore veritatis et quasi architecto beatae vitae dicta sunt explicabo.

Nemo enim ipsam voluptatem quia voluptas sit aspernatur aut odit aut fugit, sed quia consequuntur magni dolores eos qui ratione voluptatem sequi nesciunt.

</div>
</div>]]></content:encoded>
		<excerpt:encoded><![CDATA[]]></excerpt:encoded>
		<wp:post_id>150</wp:post_id>
		<wp:post_date><![CDATA[2014-02-03 01:07:12]]></wp:post_date>
		<wp:post_date_gmt><![CDATA[2014-02-03 01:07:12]]></wp:post_date_gmt>
		<wp:comment_status><![CDATA[open]]></wp:comment_status>
		<wp:ping_status><![CDATA[open]]></wp:ping_status>
		<wp:post_name><![CDATA[beautiful-image-post]]></wp:post_name>
		<wp:status><![CDATA[publish]]></wp:status>
		<wp:post_parent>0</wp:post_parent>
		<wp:menu_order>0</wp:menu_order>
		<wp:post_type><![CDATA[post]]></wp:post_type>
		<wp:post_password><![CDATA[]]></wp:post_password>
		<wp:is_sticky>0</wp:is_sticky>
		<category domain="category" nicename="events"><![CDATA[Events]]></category>
		<category domain="post_format" nicename="post-format-image"><![CDATA[Image]]></category>
		<category domain="category" nicename="showcase"><![CDATA[Showcase]]></category>
		<wp:postmeta>
			<wp:meta_key><![CDATA[_item_likes]]></wp:meta_key>
			<wp:meta_value><![CDATA[1]]></wp:meta_value>
		</wp:postmeta>
		<wp:postmeta>
			<wp:meta_key><![CDATA[_edit_last]]></wp:meta_key>
			<wp:meta_value><![CDATA[1]]></wp:meta_value>
		</wp:postmeta>
		<wp:postmeta>
			<wp:meta_key><![CDATA[_item_likes]]></wp:meta_key>
			<wp:meta_value><![CDATA[1]]></wp:meta_value>
		</wp:postmeta>
		<wp:postmeta>
			<wp:meta_key><![CDATA[slide_template]]></wp:meta_key>
			<wp:meta_value><![CDATA[default]]></wp:meta_value>
		</wp:postmeta>
		<wp:postmeta>
			<wp:meta_key><![CDATA[_kleo_post_layout]]></wp:meta_key>
			<wp:meta_value><![CDATA[default]]></wp:meta_value>
		</wp:postmeta>
		<wp:postmeta>
			<wp:meta_key><![CDATA[_wp_old_slug]]></wp:meta_key>
			<wp:meta_value><![CDATA[another-image-post]]></wp:meta_value>
		</wp:postmeta>
		<wp:postmeta>
			<wp:meta_key><![CDATA[_wpb_vc_js_status]]></wp:meta_key>
			<wp:meta_value><![CDATA[false]]></wp:meta_value>
		</wp:postmeta>
		<wp:postmeta>
			<wp:meta_key><![CDATA[_wpb_vc_js_interface_version]]></wp:meta_key>
			<wp:meta_value><![CDATA[0]]></wp:meta_value>
		</wp:postmeta>
		<wp:postmeta>
			<wp:meta_key><![CDATA[_thumbnail_id]]></wp:meta_key>
			<wp:meta_value><![CDATA[485]]></wp:meta_value>
		</wp:postmeta>
		<wp:postmeta>
			<wp:meta_key><![CDATA[sbg_selected_sidebar]]></wp:meta_key>
			<wp:meta_value><![CDATA[a:1:{i:0;s:1:"0";}]]></wp:meta_value>
		</wp:postmeta>
		<wp:postmeta>
			<wp:meta_key><![CDATA[sbg_selected_sidebar_replacement]]></wp:meta_key>
			<wp:meta_value><![CDATA[a:1:{i:0;s:1:"0";}]]></wp:meta_value>
		</wp:postmeta>
		<wp:postmeta>
			<wp:meta_key><![CDATA[sq_attach]]></wp:meta_key>
			<wp:meta_value><![CDATA[a:1:{i:485;s:76:"https://seventhqueen.com/demo/kleo/wp-content/uploads/2014/02/placeit_01.png";}]]></wp:meta_value>
		</wp:postmeta>
		<wp:postmeta>
			<wp:meta_key><![CDATA[sq_base]]></wp:meta_key>
			<wp:meta_value><![CDATA[https://seventhqueen.com/demo/kleo/wp-content/uploads]]></wp:meta_value>
		</wp:postmeta>
		<wp:postmeta>
			<wp:meta_key><![CDATA[sq_import]]></wp:meta_key>
			<wp:meta_value><![CDATA[1]]></wp:meta_value>
		</wp:postmeta>
		<wp:postmeta>
			<wp:meta_key><![CDATA[sq_domain]]></wp:meta_key>
			<wp:meta_value><![CDATA[https://seventhqueen.com/demo/kleo]]></wp:meta_value>
		</wp:postmeta>
		<wp:comment>
			<wp:comment_id>10</wp:comment_id>
			<wp:comment_author><![CDATA[kleoadmin]]></wp:comment_author>
			<wp:comment_author_email><![CDATA[themesupport@seventhqueen.com]]></wp:comment_author_email>
			<wp:comment_author_url></wp:comment_author_url>
			<wp:comment_author_IP><![CDATA[5.12.126.74]]></wp:comment_author_IP>
			<wp:comment_date><![CDATA[2014-02-07 11:28:15]]></wp:comment_date>
			<wp:comment_date_gmt><![CDATA[2014-02-07 11:28:15]]></wp:comment_date_gmt>
			<wp:comment_content><![CDATA[Thank you @mux]]></wp:comment_content>
			<wp:comment_approved><![CDATA[1]]></wp:comment_approved>
			<wp:comment_type><![CDATA[]]></wp:comment_type>
			<wp:comment_parent>0</wp:comment_parent>
			<wp:comment_user_id>1</wp:comment_user_id>
		</wp:comment>
		<wp:comment>
			<wp:comment_id>18</wp:comment_id>
			<wp:comment_author><![CDATA[Link]]></wp:comment_author>
			<wp:comment_author_email><![CDATA[jeremyCrup@gmail.com]]></wp:comment_author_email>
			<wp:comment_author_url>http://ubuntu-vps-server.com/</wp:comment_author_url>
			<wp:comment_author_IP><![CDATA[141.101.97.83]]></wp:comment_author_IP>
			<wp:comment_date><![CDATA[2016-05-21 09:37:27]]></wp:comment_date>
			<wp:comment_date_gmt><![CDATA[2016-05-21 09:37:27]]></wp:comment_date_gmt>
			<wp:comment_content><![CDATA[They include a couple of blog index templates such as masonry, carousel, thumbnails etc. Blog posts have a three column design since the date is displayed at the left hand side of the page.]]></wp:comment_content>
			<wp:comment_approved><![CDATA[0]]></wp:comment_approved>
			<wp:comment_type><![CDATA[]]></wp:comment_type>
			<wp:comment_parent>0</wp:comment_parent>
			<wp:comment_user_id>0</wp:comment_user_id>
		</wp:comment>
	</item>
	<item>
		<title>Developing with pleasure</title>
		<link>https://seventhqueen.com/demo/kleo/developing-with-pleasure/</link>
		<pubDate>Mon, 03 Feb 2014 01:12:47 +0000</pubDate>
		<dc:creator><![CDATA[admin]]></dc:creator>
		<guid isPermaLink="false">http://seventhqueen.com/themes/kleo/?p=153</guid>
		<description></description>
		<content:encoded><![CDATA[<div>

Etiam vehicula odio est, sit amet volutpat nulla rutrum nec. Aliquam lorem diam, condimentum eu mollis et, semper et ipsum. Maecenas sed purus id lacus interdum egestas. Morbi leo odio, bibendum sit amet neque ac, imperdiet fringilla erat. Sed nec pellentesque leo. Nam lobortis lorem purus, a faucibus velit semper nec.

Vestibulum ante ipsum primis in faucibus orci luctus et ultrices posuere cubilia Curae; Donec rutrum porttitor sapien ac gravida. Nam in sollicitudin risus, in ultricies libero. Aliquam in libero quis lacus hendrerit mattis ut eget nulla. Quisque et turpis a ante pulvinar tristique et sit amet libero.
<blockquote>Nulla sollicitudin mattis est, non malesuada sem aliquet eu. Morbi non aliquet tortor. Praesent ultrices et diam sit amet egestas. Nulla sed mollis leo. Integer quis lacus urna. In pretium est a est pulvinar rhoncus. Quisque pharetra quam ac justo euismod ullamcorper. Pellentesque non sagittis nisi, nec bibendum mauris.</blockquote>
Praesent aliquam lorem ac rutrum elementum. Aenean quis porttitor elit. Vestibulum sit amet quam ac metus congue vulputate ac et eros. Quisque vitae urna a neque aliquam tincidunt et sit amet ipsum. In eget vehicula mauris. Quisque lobortis sem diam. Maecenas condimentum arcu ut risus pretium aliquam. Curabitur semper congue nibh, id adipiscing risus bibendum at.

</div>]]></content:encoded>
		<excerpt:encoded><![CDATA[]]></excerpt:encoded>
		<wp:post_id>153</wp:post_id>
		<wp:post_date><![CDATA[2014-02-03 01:12:47]]></wp:post_date>
		<wp:post_date_gmt><![CDATA[2014-02-03 01:12:47]]></wp:post_date_gmt>
		<wp:comment_status><![CDATA[open]]></wp:comment_status>
		<wp:ping_status><![CDATA[open]]></wp:ping_status>
		<wp:post_name><![CDATA[developing-with-pleasure]]></wp:post_name>
		<wp:status><![CDATA[publish]]></wp:status>
		<wp:post_parent>0</wp:post_parent>
		<wp:menu_order>0</wp:menu_order>
		<wp:post_type><![CDATA[post]]></wp:post_type>
		<wp:post_password><![CDATA[]]></wp:post_password>
		<wp:is_sticky>0</wp:is_sticky>
		<category domain="post_tag" nicename="design"><![CDATA[Design]]></category>
		<category domain="post_format" nicename="post-format-image"><![CDATA[Image]]></category>
		<category domain="category" nicename="showcase"><![CDATA[Showcase]]></category>
		<wp:postmeta>
			<wp:meta_key><![CDATA[_item_likes]]></wp:meta_key>
			<wp:meta_value><![CDATA[0]]></wp:meta_value>
		</wp:postmeta>
		<wp:postmeta>
			<wp:meta_key><![CDATA[_edit_last]]></wp:meta_key>
			<wp:meta_value><![CDATA[1]]></wp:meta_value>
		</wp:postmeta>
		<wp:postmeta>
			<wp:meta_key><![CDATA[_item_likes]]></wp:meta_key>
			<wp:meta_value><![CDATA[14]]></wp:meta_value>
		</wp:postmeta>
		<wp:postmeta>
			<wp:meta_key><![CDATA[slide_template]]></wp:meta_key>
			<wp:meta_value><![CDATA[default]]></wp:meta_value>
		</wp:postmeta>
		<wp:postmeta>
			<wp:meta_key><![CDATA[_kleo_post_layout]]></wp:meta_key>
			<wp:meta_value><![CDATA[default]]></wp:meta_value>
		</wp:postmeta>
		<wp:postmeta>
			<wp:meta_key><![CDATA[_thumbnail_id]]></wp:meta_key>
			<wp:meta_value><![CDATA[924]]></wp:meta_value>
		</wp:postmeta>
		<wp:postmeta>
			<wp:meta_key><![CDATA[sbg_selected_sidebar]]></wp:meta_key>
			<wp:meta_value><![CDATA[a:1:{i:0;s:1:"0";}]]></wp:meta_value>
		</wp:postmeta>
		<wp:postmeta>
			<wp:meta_key><![CDATA[sbg_selected_sidebar_replacement]]></wp:meta_key>
			<wp:meta_value><![CDATA[a:1:{i:0;s:1:"0";}]]></wp:meta_value>
		</wp:postmeta>
		<wp:postmeta>
			<wp:meta_key><![CDATA[sq_base]]></wp:meta_key>
			<wp:meta_value><![CDATA[https://seventhqueen.com/demo/kleo/wp-content/uploads]]></wp:meta_value>
		</wp:postmeta>
		<wp:postmeta>
			<wp:meta_key><![CDATA[sq_import]]></wp:meta_key>
			<wp:meta_value><![CDATA[1]]></wp:meta_value>
		</wp:postmeta>
		<wp:postmeta>
			<wp:meta_key><![CDATA[sq_domain]]></wp:meta_key>
			<wp:meta_value><![CDATA[https://seventhqueen.com/demo/kleo]]></wp:meta_value>
		</wp:postmeta>
	</item>
	<item>
		<title>Quote of the day</title>
		<link>https://seventhqueen.com/demo/kleo/quote-of-the-day/</link>
		<pubDate>Mon, 03 Feb 2014 00:46:15 +0000</pubDate>
		<dc:creator><![CDATA[admin]]></dc:creator>
		<guid isPermaLink="false">http://seventhqueen.com/themes/kleo/?p=143</guid>
		<description></description>
		<content:encoded><![CDATA[“Courage is not the absence of fear, but rather the judgement that something else is more important than fear”

~ Ambrose Redmoon]]></content:encoded>
		<excerpt:encoded><![CDATA[]]></excerpt:encoded>
		<wp:post_id>143</wp:post_id>
		<wp:post_date><![CDATA[2014-02-03 00:46:15]]></wp:post_date>
		<wp:post_date_gmt><![CDATA[2014-02-03 00:46:15]]></wp:post_date_gmt>
		<wp:comment_status><![CDATA[open]]></wp:comment_status>
		<wp:ping_status><![CDATA[open]]></wp:ping_status>
		<wp:post_name><![CDATA[quote-of-the-day]]></wp:post_name>
		<wp:status><![CDATA[publish]]></wp:status>
		<wp:post_parent>0</wp:post_parent>
		<wp:menu_order>0</wp:menu_order>
		<wp:post_type><![CDATA[post]]></wp:post_type>
		<wp:post_password><![CDATA[]]></wp:post_password>
		<wp:is_sticky>0</wp:is_sticky>
		<category domain="post_format" nicename="post-format-quote"><![CDATA[Quote]]></category>
		<category domain="category" nicename="thoughts"><![CDATA[Thoughts]]></category>
		<wp:postmeta>
			<wp:meta_key><![CDATA[_item_likes]]></wp:meta_key>
			<wp:meta_value><![CDATA[0]]></wp:meta_value>
		</wp:postmeta>
		<wp:postmeta>
			<wp:meta_key><![CDATA[_edit_last]]></wp:meta_key>
			<wp:meta_value><![CDATA[1]]></wp:meta_value>
		</wp:postmeta>
		<wp:postmeta>
			<wp:meta_key><![CDATA[_item_likes]]></wp:meta_key>
			<wp:meta_value><![CDATA[17]]></wp:meta_value>
		</wp:postmeta>
		<wp:postmeta>
			<wp:meta_key><![CDATA[slide_template]]></wp:meta_key>
			<wp:meta_value><![CDATA[default]]></wp:meta_value>
		</wp:postmeta>
		<wp:postmeta>
			<wp:meta_key><![CDATA[_kleo_post_layout]]></wp:meta_key>
			<wp:meta_value><![CDATA[default]]></wp:meta_value>
		</wp:postmeta>
		<wp:postmeta>
			<wp:meta_key><![CDATA[sbg_selected_sidebar]]></wp:meta_key>
			<wp:meta_value><![CDATA[a:1:{i:0;s:1:"0";}]]></wp:meta_value>
		</wp:postmeta>
		<wp:postmeta>
			<wp:meta_key><![CDATA[sbg_selected_sidebar_replacement]]></wp:meta_key>
			<wp:meta_value><![CDATA[a:1:{i:0;s:1:"0";}]]></wp:meta_value>
		</wp:postmeta>
		<wp:postmeta>
			<wp:meta_key><![CDATA[sq_base]]></wp:meta_key>
			<wp:meta_value><![CDATA[https://seventhqueen.com/demo/kleo/wp-content/uploads]]></wp:meta_value>
		</wp:postmeta>
		<wp:postmeta>
			<wp:meta_key><![CDATA[sq_import]]></wp:meta_key>
			<wp:meta_value><![CDATA[1]]></wp:meta_value>
		</wp:postmeta>
		<wp:postmeta>
			<wp:meta_key><![CDATA[sq_domain]]></wp:meta_key>
			<wp:meta_value><![CDATA[https://seventhqueen.com/demo/kleo]]></wp:meta_value>
		</wp:postmeta>
	</item>
	<item>
		<title>My daily blog entry</title>
		<link>https://seventhqueen.com/demo/kleo/my-daily-blog-entry-2/</link>
		<pubDate>Wed, 05 Feb 2014 12:44:27 +0000</pubDate>
		<dc:creator><![CDATA[admin]]></dc:creator>
		<guid isPermaLink="false">http://seventhqueen.com/themes/kleo/?p=488</guid>
		<description></description>
		<content:encoded><![CDATA[<div>

Lorem ipsum dolor sit amet, consectetur adipiscing elit. Vestibulum sit amet tincidunt arcu, non iaculis dolor. Donec sit amet aliquam velit. Aliquam non aliquet libero, sed consequat erat.

Donec ornare nec nulla eget ornare. In placerat placerat justo, vel feugiat dui vulputate at. Aenean vel euismod eros. Quisque malesuada tellus magna, eu sollicitudin metus scelerisque et. Quisque ultricies placerat nunc, placerat accumsan eros tincidunt eget. Integer non tempor lorem, in sollicitudin sapien. Suspendisse id lectus faucibus, placerat nunc in, venenatis mi. Etiam lobortis accumsan augue nec tristique.
<blockquote>The XYZ Doohickey Company was founded in 1971, and has been providing quality doohickeys to the public ever since. Located in Gotham City, XYZ employs over 2,000 people and does all kinds of awesome things for the Gotham community.</blockquote>
Maecenas pretium enim nulla, sed consequat ipsum commodo id. Duis malesuada dapibus elit at luctus. Integer ullamcorper nunc sit amet mi gravida ullamcorper. Praesent dapibus pellentesque neque, interdum fringilla velit pulvinar ac. Nam scelerisque pulvinar quam ac vulputate. Sed in pharetra nulla. Class aptent taciti sociosqu ad litora torquent per conubia nostra, per inceptos himenaeos.

Class aptent taciti sociosqu ad litora torquent per conubia nostra, per inceptos himenaeos. Aenean at imperdiet felis, ac ullamcorper libero. Morbi congue in ante ut tincidunt. Nulla at magna nec nisi imperdiet lobortis non quis erat. Donec blandit arcu sem, a imperdiet ligula rutrum id. Aliquam erat volutpat. Donec eu congue ligula. Donec porta mattis mauris vel semper. Phasellus et nunc erat.

</div>]]></content:encoded>
		<excerpt:encoded><![CDATA[]]></excerpt:encoded>
		<wp:post_id>488</wp:post_id>
		<wp:post_date><![CDATA[2014-02-05 12:44:27]]></wp:post_date>
		<wp:post_date_gmt><![CDATA[2014-02-05 12:44:27]]></wp:post_date_gmt>
		<wp:comment_status><![CDATA[open]]></wp:comment_status>
		<wp:ping_status><![CDATA[open]]></wp:ping_status>
		<wp:post_name><![CDATA[my-daily-blog-entry-2]]></wp:post_name>
		<wp:status><![CDATA[publish]]></wp:status>
		<wp:post_parent>0</wp:post_parent>
		<wp:menu_order>0</wp:menu_order>
		<wp:post_type><![CDATA[post]]></wp:post_type>
		<wp:post_password><![CDATA[]]></wp:post_password>
		<wp:is_sticky>0</wp:is_sticky>
		<category domain="category" nicename="thoughts"><![CDATA[Thoughts]]></category>
		<wp:postmeta>
			<wp:meta_key><![CDATA[_item_likes]]></wp:meta_key>
			<wp:meta_value><![CDATA[1]]></wp:meta_value>
		</wp:postmeta>
		<wp:postmeta>
			<wp:meta_key><![CDATA[_edit_last]]></wp:meta_key>
			<wp:meta_value><![CDATA[1]]></wp:meta_value>
		</wp:postmeta>
		<wp:postmeta>
			<wp:meta_key><![CDATA[_item_likes]]></wp:meta_key>
			<wp:meta_value><![CDATA[1]]></wp:meta_value>
		</wp:postmeta>
		<wp:postmeta>
			<wp:meta_key><![CDATA[_wpb_vc_js_status]]></wp:meta_key>
			<wp:meta_value><![CDATA[false]]></wp:meta_value>
		</wp:postmeta>
		<wp:postmeta>
			<wp:meta_key><![CDATA[_wpb_vc_js_interface_version]]></wp:meta_key>
			<wp:meta_value><![CDATA[2]]></wp:meta_value>
		</wp:postmeta>
		<wp:postmeta>
			<wp:meta_key><![CDATA[slide_template]]></wp:meta_key>
			<wp:meta_value><![CDATA[]]></wp:meta_value>
		</wp:postmeta>
		<wp:postmeta>
			<wp:meta_key><![CDATA[_kleo_post_layout]]></wp:meta_key>
			<wp:meta_value><![CDATA[default]]></wp:meta_value>
		</wp:postmeta>
		<wp:postmeta>
			<wp:meta_key><![CDATA[sbg_selected_sidebar]]></wp:meta_key>
			<wp:meta_value><![CDATA[a:1:{i:0;s:1:"0";}]]></wp:meta_value>
		</wp:postmeta>
		<wp:postmeta>
			<wp:meta_key><![CDATA[sbg_selected_sidebar_replacement]]></wp:meta_key>
			<wp:meta_value><![CDATA[a:1:{i:0;s:1:"0";}]]></wp:meta_value>
		</wp:postmeta>
		<wp:postmeta>
			<wp:meta_key><![CDATA[sq_base]]></wp:meta_key>
			<wp:meta_value><![CDATA[https://seventhqueen.com/demo/kleo/wp-content/uploads]]></wp:meta_value>
		</wp:postmeta>
		<wp:postmeta>
			<wp:meta_key><![CDATA[sq_import]]></wp:meta_key>
			<wp:meta_value><![CDATA[1]]></wp:meta_value>
		</wp:postmeta>
		<wp:postmeta>
			<wp:meta_key><![CDATA[sq_domain]]></wp:meta_key>
			<wp:meta_value><![CDATA[https://seventhqueen.com/demo/kleo]]></wp:meta_value>
		</wp:postmeta>
		<wp:comment>
			<wp:comment_id>11</wp:comment_id>
			<wp:comment_author><![CDATA[Age Rewind Skin Cream]]></wp:comment_author>
			<wp:comment_author_email><![CDATA[justine_slayton@gmail.com]]></wp:comment_author_email>
			<wp:comment_author_url>http://events.sanfrancisco.cbslocal.com/tickets/redirect?url=http://eyeserumreview.net/age-rewind/</wp:comment_author_url>
			<wp:comment_author_IP><![CDATA[198.41.235.95]]></wp:comment_author_IP>
			<wp:comment_date><![CDATA[2016-02-20 14:27:13]]></wp:comment_date>
			<wp:comment_date_gmt><![CDATA[2016-02-20 14:27:13]]></wp:comment_date_gmt>
			<wp:comment_content><![CDATA[Hi, i think that i saw you visited my website thus i came to “return the favor”.I'm attempting to find things to improve 
my web site!I suppose its ok to use some of your ideas!!]]></wp:comment_content>
			<wp:comment_approved><![CDATA[0]]></wp:comment_approved>
			<wp:comment_type><![CDATA[]]></wp:comment_type>
			<wp:comment_parent>0</wp:comment_parent>
			<wp:comment_user_id>0</wp:comment_user_id>
		</wp:comment>
	</item>
</channel>
</rss>
